N(P,t) Data:

N(P,6) Data for P on 6 vertices:
N([1, 1, 1, 1], 6) = 1295
N([1, 1, 1, 2], 6) = 1295
N([1, 1, 1, 3], 6) = 1295
N([1, 1, 1, 4], 6) = 1295
N([1, 1, 1, 5], 6) = 1295
N([1, 1, 1, 6], 6) = 1295
N([1, 1, 2, 1], 6) = 1295
N([1, 1, 2, 2], 6) = 1295
N([1, 1, 2, 3], 6) = 1295
N([1, 1, 2, 4], 6) = 1295
N([1, 1, 2, 5], 6) = 1295
N([1, 1, 2, 6], 6) = 1295
N([1, 1, 3, 1], 6) = 1295
N([1, 1, 3, 2], 6) = 1295
N([1, 1, 3, 3], 6) = 1295
N([1, 1, 3, 4], 6) = 1295
N([1, 1, 3, 5], 6) = 1295
N([1, 1, 3, 6], 6) = 1295
N([1, 1, 4, 1], 6) = 1295
N([1, 1, 4, 2], 6) = 1295
N([1, 1, 4, 3], 6) = 1295
N([1, 1, 4, 4], 6) = 1295
N([1, 1, 4, 5], 6) = 1295
N([1, 1, 4, 6], 6) = 1295
N([1, 1, 5, 1], 6) = 1295
N([1, 1, 5, 2], 6) = 1295
N([1, 1, 5, 3], 6) = 1295
N([1, 1, 5, 4], 6) = 1295
N([1, 1, 5, 5], 6) = 1295
N([1, 1, 5, 6], 6) = 1295
N([1, 1, 6, 1], 6) = 1295
N([1, 1, 6, 2], 6) = 1295
N([1, 1, 6, 3], 6) = 1295
N([1, 1, 6, 4], 6) = 1295
N([1, 1, 6, 5], 6) = 1295
N([1, 1, 6, 6], 6) = 1295
N([1, 2, 1, 1], 6) = 1295
N([1, 2, 1, 2], 6) = 1295
N([1, 2, 1, 3], 6) = 1295
N([1, 2, 1, 4], 6) = 1295
N([1, 2, 1, 5], 6) = 1295
N([1, 2, 1, 6], 6) = 1295
N([1, 2, 2, 1], 6) = 1295
N([1, 2, 2, 2], 6) = 1295
N([1, 2, 2, 3], 6) = 1295
N([1, 2, 2, 4], 6) = 1295
N([1, 2, 2, 5], 6) = 1295
N([1, 2, 2, 6], 6) = 1295
N([1, 2, 3, 1], 6) = 1295
N([1, 2, 3, 2], 6) = 1295
N([1, 2, 3, 3], 6) = 1295
N([1, 2, 3, 4], 6) = 1295
N([1, 2, 3, 5], 6) = 1295
N([1, 2, 3, 6], 6) = 1295
N([1, 2, 4, 1], 6) = 1295
N([1, 2, 4, 2], 6) = 1295
N([1, 2, 4, 3], 6) = 1295
N([1, 2, 4, 4], 6) = 1295
N([1, 2, 4, 5], 6) = 1295
N([1, 2, 4, 6], 6) = 1295
N([1, 2, 5, 1], 6) = 1295
N([1, 2, 5, 2], 6) = 1295
N([1, 2, 5, 3], 6) = 1295
N([1, 2, 5, 4], 6) = 1295
N([1, 2, 5, 5], 6) = 1295
N([1, 2, 5, 6], 6) = 1295
N([1, 2, 6, 1], 6) = 1295
N([1, 2, 6, 2], 6) = 1295
N([1, 2, 6, 3], 6) = 1295
N([1, 2, 6, 4], 6) = 1295
N([1, 2, 6, 5], 6) = 1295
N([1, 2, 6, 6], 6) = 1295
N([1, 3, 1, 1], 6) = 1295
N([1, 3, 1, 2], 6) = 1295
N([1, 3, 1, 3], 6) = 1295
N([1, 3, 1, 4], 6) = 1295
N([1, 3, 1, 5], 6) = 1295
N([1, 3, 1, 6], 6) = 1295
N([1, 3, 2, 1], 6) = 1295
N([1, 3, 2, 2], 6) = 1295
N([1, 3, 2, 3], 6) = 1295
N([1, 3, 2, 4], 6) = 1295
N([1, 3, 2, 5], 6) = 1295
N([1, 3, 2, 6], 6) = 1295
N([1, 3, 3, 1], 6) = 1295
N([1, 3, 3, 2], 6) = 1295
N([1, 3, 3, 3], 6) = 1295
N([1, 3, 3, 4], 6) = 1295
N([1, 3, 3, 5], 6) = 1295
N([1, 3, 3, 6], 6) = 1295
N([1, 3, 4, 1], 6) = 1295
N([1, 3, 4, 2], 6) = 1295
N([1, 3, 4, 3], 6) = 1295
N([1, 3, 4, 4], 6) = 1295
N([1, 3, 4, 5], 6) = 1295
N([1, 3, 4, 6], 6) = 1295
N([1, 3, 5, 1], 6) = 1295
N([1, 3, 5, 2], 6) = 1295
N([1, 3, 5, 3], 6) = 1295
N([1, 3, 5, 4], 6) = 1295
N([1, 3, 5, 5], 6) = 1295
N([1, 3, 5, 6], 6) = 1295
N([1, 3, 6, 1], 6) = 1295
N([1, 3, 6, 2], 6) = 1295
N([1, 3, 6, 3], 6) = 1295
N([1, 3, 6, 4], 6) = 1295
N([1, 3, 6, 5], 6) = 1295
N([1, 3, 6, 6], 6) = 1295
N([1, 4, 1, 1], 6) = 1295
N([1, 4, 1, 2], 6) = 1295
N([1, 4, 1, 3], 6) = 1295
N([1, 4, 1, 4], 6) = 1295
N([1, 4, 1, 5], 6) = 1295
N([1, 4, 1, 6], 6) = 1295
N([1, 4, 2, 1], 6) = 1295
N([1, 4, 2, 2], 6) = 1295
N([1, 4, 2, 3], 6) = 1295
N([1, 4, 2, 4], 6) = 1295
N([1, 4, 2, 5], 6) = 1295
N([1, 4, 2, 6], 6) = 1295
N([1, 4, 3, 1], 6) = 1295
N([1, 4, 3, 2], 6) = 1295
N([1, 4, 3, 3], 6) = 1295
N([1, 4, 3, 4], 6) = 1295
N([1, 4, 3, 5], 6) = 1295
N([1, 4, 3, 6], 6) = 1295
N([1, 4, 4, 1], 6) = 1295
N([1, 4, 4, 2], 6) = 1295
N([1, 4, 4, 3], 6) = 1295
N([1, 4, 4, 4], 6) = 1295
N([1, 4, 4, 5], 6) = 1295
N([1, 4, 4, 6], 6) = 1295
N([1, 4, 5, 1], 6) = 1295
N([1, 4, 5, 2], 6) = 1295
N([1, 4, 5, 3], 6) = 1295
N([1, 4, 5, 4], 6) = 1295
N([1, 4, 5, 5], 6) = 1295
N([1, 4, 5, 6], 6) = 1295
N([1, 4, 6, 1], 6) = 1295
N([1, 4, 6, 2], 6) = 1295
N([1, 4, 6, 3], 6) = 1295
N([1, 4, 6, 4], 6) = 1295
N([1, 4, 6, 5], 6) = 1295
N([1, 4, 6, 6], 6) = 1295
N([1, 5, 1, 1], 6) = 1295
N([1, 5, 1, 2], 6) = 1295
N([1, 5, 1, 3], 6) = 1295
N([1, 5, 1, 4], 6) = 1295
N([1, 5, 1, 5], 6) = 1295
N([1, 5, 1, 6], 6) = 1295
N([1, 5, 2, 1], 6) = 1295
N([1, 5, 2, 2], 6) = 1295
N([1, 5, 2, 3], 6) = 1295
N([1, 5, 2, 4], 6) = 1295
N([1, 5, 2, 5], 6) = 1295
N([1, 5, 2, 6], 6) = 1295
N([1, 5, 3, 1], 6) = 1295
N([1, 5, 3, 2], 6) = 1295
N([1, 5, 3, 3], 6) = 1295
N([1, 5, 3, 4], 6) = 1295
N([1, 5, 3, 5], 6) = 1295
N([1, 5, 3, 6], 6) = 1295
N([1, 5, 4, 1], 6) = 1295
N([1, 5, 4, 2], 6) = 1295
N([1, 5, 4, 3], 6) = 1295
N([1, 5, 4, 4], 6) = 1295
N([1, 5, 4, 5], 6) = 1295
N([1, 5, 4, 6], 6) = 1295
N([1, 5, 5, 1], 6) = 1295
N([1, 5, 5, 2], 6) = 1295
N([1, 5, 5, 3], 6) = 1295
N([1, 5, 5, 4], 6) = 1295
N([1, 5, 5, 5], 6) = 1295
N([1, 5, 5, 6], 6) = 1295
N([1, 5, 6, 1], 6) = 1295
N([1, 5, 6, 2], 6) = 1295
N([1, 5, 6, 3], 6) = 1295
N([1, 5, 6, 4], 6) = 1295
N([1, 5, 6, 5], 6) = 1295
N([1, 5, 6, 6], 6) = 1295
N([1, 6, 1, 1], 6) = 1295
N([1, 6, 1, 2], 6) = 1295
N([1, 6, 1, 3], 6) = 1295
N([1, 6, 1, 4], 6) = 1295
N([1, 6, 1, 5], 6) = 1295
N([1, 6, 1, 6], 6) = 1295
N([1, 6, 2, 1], 6) = 1295
N([1, 6, 2, 2], 6) = 1295
N([1, 6, 2, 3], 6) = 1295
N([1, 6, 2, 4], 6) = 1295
N([1, 6, 2, 5], 6) = 1295
N([1, 6, 2, 6], 6) = 1295
N([1, 6, 3, 1], 6) = 1295
N([1, 6, 3, 2], 6) = 1295
N([1, 6, 3, 3], 6) = 1295
N([1, 6, 3, 4], 6) = 1295
N([1, 6, 3, 5], 6) = 1295
N([1, 6, 3, 6], 6) = 1295
N([1, 6, 4, 1], 6) = 1295
N([1, 6, 4, 2], 6) = 1295
N([1, 6, 4, 3], 6) = 1295
N([1, 6, 4, 4], 6) = 1295
N([1, 6, 4, 5], 6) = 1295
N([1, 6, 4, 6], 6) = 1295
N([1, 6, 5, 1], 6) = 1295
N([1, 6, 5, 2], 6) = 1295
N([1, 6, 5, 3], 6) = 1295
N([1, 6, 5, 4], 6) = 1295
N([1, 6, 5, 5], 6) = 1295
N([1, 6, 5, 6], 6) = 1295
N([1, 6, 6, 1], 6) = 1295
N([1, 6, 6, 2], 6) = 1295
N([1, 6, 6, 3], 6) = 1295
N([1, 6, 6, 4], 6) = 1295
N([1, 6, 6, 5], 6) = 1295
N([1, 6, 6, 6], 6) = 1295
N([2, 1, 1, 1], 6) = 1295
N([2, 1, 1, 2], 6) = 1295
N([2, 1, 1, 3], 6) = 1295
N([2, 1, 1, 4], 6) = 1295
N([2, 1, 1, 5], 6) = 1295
N([2, 1, 1, 6], 6) = 1295
N([2, 1, 2, 1], 6) = 1295
N([2, 1, 2, 2], 6) = 1295
N([2, 1, 2, 3], 6) = 1295
N([2, 1, 2, 4], 6) = 1295
N([2, 1, 2, 5], 6) = 1295
N([2, 1, 2, 6], 6) = 1295
N([2, 1, 3, 1], 6) = 1295
N([2, 1, 3, 2], 6) = 1295
N([2, 1, 3, 3], 6) = 1295
N([2, 1, 3, 4], 6) = 1295
N([2, 1, 3, 5], 6) = 1295
N([2, 1, 3, 6], 6) = 1295
N([2, 1, 4, 1], 6) = 1295
N([2, 1, 4, 2], 6) = 1295
N([2, 1, 4, 3], 6) = 1295
N([2, 1, 4, 4], 6) = 1295
N([2, 1, 4, 5], 6) = 1295
N([2, 1, 4, 6], 6) = 1295
N([2, 1, 5, 1], 6) = 1295
N([2, 1, 5, 2], 6) = 1295
N([2, 1, 5, 3], 6) = 1295
N([2, 1, 5, 4], 6) = 1295
N([2, 1, 5, 5], 6) = 1295
N([2, 1, 5, 6], 6) = 1295
N([2, 1, 6, 1], 6) = 1295
N([2, 1, 6, 2], 6) = 1295
N([2, 1, 6, 3], 6) = 1295
N([2, 1, 6, 4], 6) = 1295
N([2, 1, 6, 5], 6) = 1295
N([2, 1, 6, 6], 6) = 1295
N([2, 2, 1, 1], 6) = 1295
N([2, 2, 1, 2], 6) = 1295
N([2, 2, 1, 3], 6) = 1295
N([2, 2, 1, 4], 6) = 1295
N([2, 2, 1, 5], 6) = 1295
N([2, 2, 1, 6], 6) = 1295
N([2, 2, 2, 1], 6) = 1295
N([2, 2, 2, 2], 6) = 1295
N([2, 2, 2, 3], 6) = 1295
N([2, 2, 2, 4], 6) = 1295
N([2, 2, 2, 5], 6) = 1295
N([2, 2, 2, 6], 6) = 1295
N([2, 2, 3, 1], 6) = 1295
N([2, 2, 3, 2], 6) = 1295
N([2, 2, 3, 3], 6) = 1295
N([2, 2, 3, 4], 6) = 1295
N([2, 2, 3, 5], 6) = 1295
N([2, 2, 3, 6], 6) = 1295
N([2, 2, 4, 1], 6) = 1295
N([2, 2, 4, 2], 6) = 1295
N([2, 2, 4, 3], 6) = 1295
N([2, 2, 4, 4], 6) = 1295
N([2, 2, 4, 5], 6) = 1295
N([2, 2, 4, 6], 6) = 1295
N([2, 2, 5, 1], 6) = 1295
N([2, 2, 5, 2], 6) = 1295
N([2, 2, 5, 3], 6) = 1295
N([2, 2, 5, 4], 6) = 1295
N([2, 2, 5, 5], 6) = 1295
N([2, 2, 5, 6], 6) = 1295
N([2, 2, 6, 1], 6) = 1295
N([2, 2, 6, 2], 6) = 1295
N([2, 2, 6, 3], 6) = 1295
N([2, 2, 6, 4], 6) = 1295
N([2, 2, 6, 5], 6) = 1295
N([2, 2, 6, 6], 6) = 1295
N([2, 3, 1, 1], 6) = 1295
N([2, 3, 1, 2], 6) = 1295
N([2, 3, 1, 3], 6) = 1295
N([2, 3, 1, 4], 6) = 1295
N([2, 3, 1, 5], 6) = 1295
N([2, 3, 1, 6], 6) = 1295
N([2, 3, 2, 1], 6) = 1295
N([2, 3, 2, 2], 6) = 1295
N([2, 3, 2, 3], 6) = 1295
N([2, 3, 2, 4], 6) = 1295
N([2, 3, 2, 5], 6) = 1295
N([2, 3, 2, 6], 6) = 1295
N([2, 3, 3, 1], 6) = 1295
N([2, 3, 3, 2], 6) = 1295
N([2, 3, 3, 3], 6) = 1295
N([2, 3, 3, 4], 6) = 1295
N([2, 3, 3, 5], 6) = 1295
N([2, 3, 3, 6], 6) = 1295
N([2, 3, 4, 1], 6) = 1295
N([2, 3, 4, 2], 6) = 1295
N([2, 3, 4, 3], 6) = 1295
N([2, 3, 4, 4], 6) = 1295
N([2, 3, 4, 5], 6) = 1295
N([2, 3, 4, 6], 6) = 1295
N([2, 3, 5, 1], 6) = 1295
N([2, 3, 5, 2], 6) = 1295
N([2, 3, 5, 3], 6) = 1295
N([2, 3, 5, 4], 6) = 1295
N([2, 3, 5, 5], 6) = 1295
N([2, 3, 5, 6], 6) = 1295
N([2, 3, 6, 1], 6) = 1295
N([2, 3, 6, 2], 6) = 1295
N([2, 3, 6, 3], 6) = 1295
N([2, 3, 6, 4], 6) = 1295
N([2, 3, 6, 5], 6) = 1295
N([2, 3, 6, 6], 6) = 1295
N([2, 4, 1, 1], 6) = 1295
N([2, 4, 1, 2], 6) = 1295
N([2, 4, 1, 3], 6) = 1295
N([2, 4, 1, 4], 6) = 1295
N([2, 4, 1, 5], 6) = 1295
N([2, 4, 1, 6], 6) = 1295
N([2, 4, 2, 1], 6) = 1295
N([2, 4, 2, 2], 6) = 1295
N([2, 4, 2, 3], 6) = 1295
N([2, 4, 2, 4], 6) = 1295
N([2, 4, 2, 5], 6) = 1295
N([2, 4, 2, 6], 6) = 1295
N([2, 4, 3, 1], 6) = 1295
N([2, 4, 3, 2], 6) = 1295
N([2, 4, 3, 3], 6) = 1295
N([2, 4, 3, 4], 6) = 1295
N([2, 4, 3, 5], 6) = 1295
N([2, 4, 3, 6], 6) = 1295
N([2, 4, 4, 1], 6) = 1295
N([2, 4, 4, 2], 6) = 1295
N([2, 4, 4, 3], 6) = 1295
N([2, 4, 4, 4], 6) = 1295
N([2, 4, 4, 5], 6) = 1295
N([2, 4, 4, 6], 6) = 1295
N([2, 4, 5, 1], 6) = 1295
N([2, 4, 5, 2], 6) = 1295
N([2, 4, 5, 3], 6) = 1295
N([2, 4, 5, 4], 6) = 1295
N([2, 4, 5, 5], 6) = 1295
N([2, 4, 5, 6], 6) = 1295
N([2, 4, 6, 1], 6) = 1295
N([2, 4, 6, 2], 6) = 1295
N([2, 4, 6, 3], 6) = 1295
N([2, 4, 6, 4], 6) = 1295
N([2, 4, 6, 5], 6) = 1295
N([2, 4, 6, 6], 6) = 1295
N([2, 5, 1, 1], 6) = 1295
N([2, 5, 1, 2], 6) = 1295
N([2, 5, 1, 3], 6) = 1295
N([2, 5, 1, 4], 6) = 1295
N([2, 5, 1, 5], 6) = 1295
N([2, 5, 1, 6], 6) = 1295
N([2, 5, 2, 1], 6) = 1295
N([2, 5, 2, 2], 6) = 1295
N([2, 5, 2, 3], 6) = 1295
N([2, 5, 2, 4], 6) = 1295
N([2, 5, 2, 5], 6) = 1295
N([2, 5, 2, 6], 6) = 1295
N([2, 5, 3, 1], 6) = 1295
N([2, 5, 3, 2], 6) = 1295
N([2, 5, 3, 3], 6) = 1295
N([2, 5, 3, 4], 6) = 1295
N([2, 5, 3, 5], 6) = 1295
N([2, 5, 3, 6], 6) = 1295
N([2, 5, 4, 1], 6) = 1295
N([2, 5, 4, 2], 6) = 1295
N([2, 5, 4, 3], 6) = 1295
N([2, 5, 4, 4], 6) = 1295
N([2, 5, 4, 5], 6) = 1295
N([2, 5, 4, 6], 6) = 1295
N([2, 5, 5, 1], 6) = 1295
N([2, 5, 5, 2], 6) = 1295
N([2, 5, 5, 3], 6) = 1295
N([2, 5, 5, 4], 6) = 1295
N([2, 5, 5, 5], 6) = 1295
N([2, 5, 5, 6], 6) = 1295
N([2, 5, 6, 1], 6) = 1295
N([2, 5, 6, 2], 6) = 1295
N([2, 5, 6, 3], 6) = 1295
N([2, 5, 6, 4], 6) = 1295
N([2, 5, 6, 5], 6) = 1295
N([2, 5, 6, 6], 6) = 1295
N([2, 6, 1, 1], 6) = 1295
N([2, 6, 1, 2], 6) = 1295
N([2, 6, 1, 3], 6) = 1295
N([2, 6, 1, 4], 6) = 1295
N([2, 6, 1, 5], 6) = 1295
N([2, 6, 1, 6], 6) = 1295
N([2, 6, 2, 1], 6) = 1295
N([2, 6, 2, 2], 6) = 1295
N([2, 6, 2, 3], 6) = 1295
N([2, 6, 2, 4], 6) = 1295
N([2, 6, 2, 5], 6) = 1295
N([2, 6, 2, 6], 6) = 1295
N([2, 6, 3, 1], 6) = 1295
N([2, 6, 3, 2], 6) = 1295
N([2, 6, 3, 3], 6) = 1295
N([2, 6, 3, 4], 6) = 1295
N([2, 6, 3, 5], 6) = 1295
N([2, 6, 3, 6], 6) = 1295
N([2, 6, 4, 1], 6) = 1295
N([2, 6, 4, 2], 6) = 1295
N([2, 6, 4, 3], 6) = 1295
N([2, 6, 4, 4], 6) = 1295
N([2, 6, 4, 5], 6) = 1295
N([2, 6, 4, 6], 6) = 1295
N([2, 6, 5, 1], 6) = 1295
N([2, 6, 5, 2], 6) = 1295
N([2, 6, 5, 3], 6) = 1295
N([2, 6, 5, 4], 6) = 1295
N([2, 6, 5, 5], 6) = 1295
N([2, 6, 5, 6], 6) = 1295
N([2, 6, 6, 1], 6) = 1295
N([2, 6, 6, 2], 6) = 1295
N([2, 6, 6, 3], 6) = 1295
N([2, 6, 6, 4], 6) = 1295
N([2, 6, 6, 5], 6) = 1295
N([2, 6, 6, 6], 6) = 1295
N([3, 1, 1, 1], 6) = 1295
N([3, 1, 1, 2], 6) = 1295
N([3, 1, 1, 3], 6) = 1295
N([3, 1, 1, 4], 6) = 1295
N([3, 1, 1, 5], 6) = 1295
N([3, 1, 1, 6], 6) = 1295
N([3, 1, 2, 1], 6) = 1295
N([3, 1, 2, 2], 6) = 1295
N([3, 1, 2, 3], 6) = 1295
N([3, 1, 2, 4], 6) = 1295
N([3, 1, 2, 5], 6) = 1295
N([3, 1, 2, 6], 6) = 1295
N([3, 1, 3, 1], 6) = 1295
N([3, 1, 3, 2], 6) = 1295
N([3, 1, 3, 3], 6) = 1295
N([3, 1, 3, 4], 6) = 1295
N([3, 1, 3, 5], 6) = 1295
N([3, 1, 3, 6], 6) = 1295
N([3, 1, 4, 1], 6) = 1295
N([3, 1, 4, 2], 6) = 1295
N([3, 1, 4, 3], 6) = 1295
N([3, 1, 4, 4], 6) = 1295
N([3, 1, 4, 5], 6) = 1295
N([3, 1, 4, 6], 6) = 1295
N([3, 1, 5, 1], 6) = 1295
N([3, 1, 5, 2], 6) = 1295
N([3, 1, 5, 3], 6) = 1295
N([3, 1, 5, 4], 6) = 1295
N([3, 1, 5, 5], 6) = 1295
N([3, 1, 5, 6], 6) = 1295
N([3, 1, 6, 1], 6) = 1295
N([3, 1, 6, 2], 6) = 1295
N([3, 1, 6, 3], 6) = 1295
N([3, 1, 6, 4], 6) = 1295
N([3, 1, 6, 5], 6) = 1295
N([3, 1, 6, 6], 6) = 1295
N([3, 2, 1, 1], 6) = 1295
N([3, 2, 1, 2], 6) = 1295
N([3, 2, 1, 3], 6) = 1295
N([3, 2, 1, 4], 6) = 1295
N([3, 2, 1, 5], 6) = 1295
N([3, 2, 1, 6], 6) = 1295
N([3, 2, 2, 1], 6) = 1295
N([3, 2, 2, 2], 6) = 1295
N([3, 2, 2, 3], 6) = 1295
N([3, 2, 2, 4], 6) = 1295
N([3, 2, 2, 5], 6) = 1295
N([3, 2, 2, 6], 6) = 1295
N([3, 2, 3, 1], 6) = 1295
N([3, 2, 3, 2], 6) = 1295
N([3, 2, 3, 3], 6) = 1295
N([3, 2, 3, 4], 6) = 1295
N([3, 2, 3, 5], 6) = 1295
N([3, 2, 3, 6], 6) = 1295
N([3, 2, 4, 1], 6) = 1295
N([3, 2, 4, 2], 6) = 1295
N([3, 2, 4, 3], 6) = 1295
N([3, 2, 4, 4], 6) = 1295
N([3, 2, 4, 5], 6) = 1295
N([3, 2, 4, 6], 6) = 1295
N([3, 2, 5, 1], 6) = 1295
N([3, 2, 5, 2], 6) = 1295
N([3, 2, 5, 3], 6) = 1295
N([3, 2, 5, 4], 6) = 1295
N([3, 2, 5, 5], 6) = 1295
N([3, 2, 5, 6], 6) = 1295
N([3, 2, 6, 1], 6) = 1295
N([3, 2, 6, 2], 6) = 1295
N([3, 2, 6, 3], 6) = 1295
N([3, 2, 6, 4], 6) = 1295
N([3, 2, 6, 5], 6) = 1295
N([3, 2, 6, 6], 6) = 1295
N([3, 3, 1, 1], 6) = 1295
N([3, 3, 1, 2], 6) = 1295
N([3, 3, 1, 3], 6) = 1295
N([3, 3, 1, 4], 6) = 1295
N([3, 3, 1, 5], 6) = 1295
N([3, 3, 1, 6], 6) = 1295
N([3, 3, 2, 1], 6) = 1295
N([3, 3, 2, 2], 6) = 1295
N([3, 3, 2, 3], 6) = 1295
N([3, 3, 2, 4], 6) = 1295
N([3, 3, 2, 5], 6) = 1295
N([3, 3, 2, 6], 6) = 1295
N([3, 3, 3, 1], 6) = 1295
N([3, 3, 3, 2], 6) = 1295
N([3, 3, 3, 3], 6) = 1295
N([3, 3, 3, 4], 6) = 1295
N([3, 3, 3, 5], 6) = 1295
N([3, 3, 3, 6], 6) = 1295
N([3, 3, 4, 1], 6) = 1295
N([3, 3, 4, 2], 6) = 1295
N([3, 3, 4, 3], 6) = 1295
N([3, 3, 4, 4], 6) = 1295
N([3, 3, 4, 5], 6) = 1295
N([3, 3, 4, 6], 6) = 1295
N([3, 3, 5, 1], 6) = 1295
N([3, 3, 5, 2], 6) = 1295
N([3, 3, 5, 3], 6) = 1295
N([3, 3, 5, 4], 6) = 1295
N([3, 3, 5, 5], 6) = 1295
N([3, 3, 5, 6], 6) = 1295
N([3, 3, 6, 1], 6) = 1295
N([3, 3, 6, 2], 6) = 1295
N([3, 3, 6, 3], 6) = 1295
N([3, 3, 6, 4], 6) = 1295
N([3, 3, 6, 5], 6) = 1295
N([3, 3, 6, 6], 6) = 1295
N([3, 4, 1, 1], 6) = 1295
N([3, 4, 1, 2], 6) = 1295
N([3, 4, 1, 3], 6) = 1295
N([3, 4, 1, 4], 6) = 1295
N([3, 4, 1, 5], 6) = 1295
N([3, 4, 1, 6], 6) = 1295
N([3, 4, 2, 1], 6) = 1295
N([3, 4, 2, 2], 6) = 1295
N([3, 4, 2, 3], 6) = 1295
N([3, 4, 2, 4], 6) = 1295
N([3, 4, 2, 5], 6) = 1295
N([3, 4, 2, 6], 6) = 1295
N([3, 4, 3, 1], 6) = 1295
N([3, 4, 3, 2], 6) = 1295
N([3, 4, 3, 3], 6) = 1295
N([3, 4, 3, 4], 6) = 1295
N([3, 4, 3, 5], 6) = 1295
N([3, 4, 3, 6], 6) = 1295
N([3, 4, 4, 1], 6) = 1295
N([3, 4, 4, 2], 6) = 1295
N([3, 4, 4, 3], 6) = 1295
N([3, 4, 4, 4], 6) = 1295
N([3, 4, 4, 5], 6) = 1295
N([3, 4, 4, 6], 6) = 1295
N([3, 4, 5, 1], 6) = 1295
N([3, 4, 5, 2], 6) = 1295
N([3, 4, 5, 3], 6) = 1295
N([3, 4, 5, 4], 6) = 1295
N([3, 4, 5, 5], 6) = 1295
N([3, 4, 5, 6], 6) = 1295
N([3, 4, 6, 1], 6) = 1295
N([3, 4, 6, 2], 6) = 1295
N([3, 4, 6, 3], 6) = 1295
N([3, 4, 6, 4], 6) = 1295
N([3, 4, 6, 5], 6) = 1295
N([3, 4, 6, 6], 6) = 1295
N([3, 5, 1, 1], 6) = 1295
N([3, 5, 1, 2], 6) = 1295
N([3, 5, 1, 3], 6) = 1295
N([3, 5, 1, 4], 6) = 1295
N([3, 5, 1, 5], 6) = 1295
N([3, 5, 1, 6], 6) = 1295
N([3, 5, 2, 1], 6) = 1295
N([3, 5, 2, 2], 6) = 1295
N([3, 5, 2, 3], 6) = 1295
N([3, 5, 2, 4], 6) = 1295
N([3, 5, 2, 5], 6) = 1295
N([3, 5, 2, 6], 6) = 1295
N([3, 5, 3, 1], 6) = 1295
N([3, 5, 3, 2], 6) = 1295
N([3, 5, 3, 3], 6) = 1295
N([3, 5, 3, 4], 6) = 1295
N([3, 5, 3, 5], 6) = 1295
N([3, 5, 3, 6], 6) = 1295
N([3, 5, 4, 1], 6) = 1295
N([3, 5, 4, 2], 6) = 1295
N([3, 5, 4, 3], 6) = 1295
N([3, 5, 4, 4], 6) = 1295
N([3, 5, 4, 5], 6) = 1295
N([3, 5, 4, 6], 6) = 1295
N([3, 5, 5, 1], 6) = 1295
N([3, 5, 5, 2], 6) = 1295
N([3, 5, 5, 3], 6) = 1295
N([3, 5, 5, 4], 6) = 1295
N([3, 5, 5, 5], 6) = 1295
N([3, 5, 5, 6], 6) = 1295
N([3, 5, 6, 1], 6) = 1295
N([3, 5, 6, 2], 6) = 1295
N([3, 5, 6, 3], 6) = 1295
N([3, 5, 6, 4], 6) = 1295
N([3, 5, 6, 5], 6) = 1295
N([3, 5, 6, 6], 6) = 1295
N([3, 6, 1, 1], 6) = 1295
N([3, 6, 1, 2], 6) = 1295
N([3, 6, 1, 3], 6) = 1295
N([3, 6, 1, 4], 6) = 1295
N([3, 6, 1, 5], 6) = 1295
N([3, 6, 1, 6], 6) = 1295
N([3, 6, 2, 1], 6) = 1295
N([3, 6, 2, 2], 6) = 1295
N([3, 6, 2, 3], 6) = 1295
N([3, 6, 2, 4], 6) = 1295
N([3, 6, 2, 5], 6) = 1295
N([3, 6, 2, 6], 6) = 1295
N([3, 6, 3, 1], 6) = 1295
N([3, 6, 3, 2], 6) = 1295
N([3, 6, 3, 3], 6) = 1295
N([3, 6, 3, 4], 6) = 1295
N([3, 6, 3, 5], 6) = 1295
N([3, 6, 3, 6], 6) = 1295
N([3, 6, 4, 1], 6) = 1295
N([3, 6, 4, 2], 6) = 1295
N([3, 6, 4, 3], 6) = 1295
N([3, 6, 4, 4], 6) = 1295
N([3, 6, 4, 5], 6) = 1295
N([3, 6, 4, 6], 6) = 1295
N([3, 6, 5, 1], 6) = 1295
N([3, 6, 5, 2], 6) = 1295
N([3, 6, 5, 3], 6) = 1295
N([3, 6, 5, 4], 6) = 1295
N([3, 6, 5, 5], 6) = 1295
N([3, 6, 5, 6], 6) = 1295
N([3, 6, 6, 1], 6) = 1295
N([3, 6, 6, 2], 6) = 1295
N([3, 6, 6, 3], 6) = 1295
N([3, 6, 6, 4], 6) = 1295
N([3, 6, 6, 5], 6) = 1295
N([3, 6, 6, 6], 6) = 1295
N([4, 1, 1, 1], 6) = 1295
N([4, 1, 1, 2], 6) = 1295
N([4, 1, 1, 3], 6) = 1295
N([4, 1, 1, 4], 6) = 1295
N([4, 1, 1, 5], 6) = 1295
N([4, 1, 1, 6], 6) = 1295
N([4, 1, 2, 1], 6) = 1295
N([4, 1, 2, 2], 6) = 1295
N([4, 1, 2, 3], 6) = 1295
N([4, 1, 2, 4], 6) = 1295
N([4, 1, 2, 5], 6) = 1295
N([4, 1, 2, 6], 6) = 1295
N([4, 1, 3, 1], 6) = 1295
N([4, 1, 3, 2], 6) = 1295
N([4, 1, 3, 3], 6) = 1295
N([4, 1, 3, 4], 6) = 1295
N([4, 1, 3, 5], 6) = 1295
N([4, 1, 3, 6], 6) = 1295
N([4, 1, 4, 1], 6) = 1295
N([4, 1, 4, 2], 6) = 1295
N([4, 1, 4, 3], 6) = 1295
N([4, 1, 4, 4], 6) = 1295
N([4, 1, 4, 5], 6) = 1295
N([4, 1, 4, 6], 6) = 1295
N([4, 1, 5, 1], 6) = 1295
N([4, 1, 5, 2], 6) = 1295
N([4, 1, 5, 3], 6) = 1295
N([4, 1, 5, 4], 6) = 1295
N([4, 1, 5, 5], 6) = 1295
N([4, 1, 5, 6], 6) = 1295
N([4, 1, 6, 1], 6) = 1295
N([4, 1, 6, 2], 6) = 1295
N([4, 1, 6, 3], 6) = 1295
N([4, 1, 6, 4], 6) = 1295
N([4, 1, 6, 5], 6) = 1295
N([4, 1, 6, 6], 6) = 1295
N([4, 2, 1, 1], 6) = 1295
N([4, 2, 1, 2], 6) = 1295
N([4, 2, 1, 3], 6) = 1295
N([4, 2, 1, 4], 6) = 1295
N([4, 2, 1, 5], 6) = 1295
N([4, 2, 1, 6], 6) = 1295
N([4, 2, 2, 1], 6) = 1295
N([4, 2, 2, 2], 6) = 1295
N([4, 2, 2, 3], 6) = 1295
N([4, 2, 2, 4], 6) = 1295
N([4, 2, 2, 5], 6) = 1295
N([4, 2, 2, 6], 6) = 1295
N([4, 2, 3, 1], 6) = 1295
N([4, 2, 3, 2], 6) = 1295
N([4, 2, 3, 3], 6) = 1295
N([4, 2, 3, 4], 6) = 1295
N([4, 2, 3, 5], 6) = 1295
N([4, 2, 3, 6], 6) = 1295
N([4, 2, 4, 1], 6) = 1295
N([4, 2, 4, 2], 6) = 1295
N([4, 2, 4, 3], 6) = 1295
N([4, 2, 4, 4], 6) = 1295
N([4, 2, 4, 5], 6) = 1295
N([4, 2, 4, 6], 6) = 1295
N([4, 2, 5, 1], 6) = 1295
N([4, 2, 5, 2], 6) = 1295
N([4, 2, 5, 3], 6) = 1295
N([4, 2, 5, 4], 6) = 1295
N([4, 2, 5, 5], 6) = 1295
N([4, 2, 5, 6], 6) = 1295
N([4, 2, 6, 1], 6) = 1295
N([4, 2, 6, 2], 6) = 1295
N([4, 2, 6, 3], 6) = 1295
N([4, 2, 6, 4], 6) = 1295
N([4, 2, 6, 5], 6) = 1295
N([4, 2, 6, 6], 6) = 1295
N([4, 3, 1, 1], 6) = 1295
N([4, 3, 1, 2], 6) = 1295
N([4, 3, 1, 3], 6) = 1295
N([4, 3, 1, 4], 6) = 1295
N([4, 3, 1, 5], 6) = 1295
N([4, 3, 1, 6], 6) = 1295
N([4, 3, 2, 1], 6) = 1295
N([4, 3, 2, 2], 6) = 1295
N([4, 3, 2, 3], 6) = 1295
N([4, 3, 2, 4], 6) = 1295
N([4, 3, 2, 5], 6) = 1295
N([4, 3, 2, 6], 6) = 1295
N([4, 3, 3, 1], 6) = 1295
N([4, 3, 3, 2], 6) = 1295
N([4, 3, 3, 3], 6) = 1295
N([4, 3, 3, 4], 6) = 1295
N([4, 3, 3, 5], 6) = 1295
N([4, 3, 3, 6], 6) = 1295
N([4, 3, 4, 1], 6) = 1295
N([4, 3, 4, 2], 6) = 1295
N([4, 3, 4, 3], 6) = 1295
N([4, 3, 4, 4], 6) = 1295
N([4, 3, 4, 5], 6) = 1295
N([4, 3, 4, 6], 6) = 1295
N([4, 3, 5, 1], 6) = 1295
N([4, 3, 5, 2], 6) = 1295
N([4, 3, 5, 3], 6) = 1295
N([4, 3, 5, 4], 6) = 1295
N([4, 3, 5, 5], 6) = 1295
N([4, 3, 5, 6], 6) = 1295
N([4, 3, 6, 1], 6) = 1295
N([4, 3, 6, 2], 6) = 1295
N([4, 3, 6, 3], 6) = 1295
N([4, 3, 6, 4], 6) = 1295
N([4, 3, 6, 5], 6) = 1295
N([4, 3, 6, 6], 6) = 1295
N([4, 4, 1, 1], 6) = 1295
N([4, 4, 1, 2], 6) = 1295
N([4, 4, 1, 3], 6) = 1295
N([4, 4, 1, 4], 6) = 1295
N([4, 4, 1, 5], 6) = 1295
N([4, 4, 1, 6], 6) = 1295
N([4, 4, 2, 1], 6) = 1295
N([4, 4, 2, 2], 6) = 1295
N([4, 4, 2, 3], 6) = 1295
N([4, 4, 2, 4], 6) = 1295
N([4, 4, 2, 5], 6) = 1295
N([4, 4, 2, 6], 6) = 1295
N([4, 4, 3, 1], 6) = 1295
N([4, 4, 3, 2], 6) = 1295
N([4, 4, 3, 3], 6) = 1295
N([4, 4, 3, 4], 6) = 1295
N([4, 4, 3, 5], 6) = 1295
N([4, 4, 3, 6], 6) = 1295
N([4, 4, 4, 1], 6) = 1295
N([4, 4, 4, 2], 6) = 1295
N([4, 4, 4, 3], 6) = 1295
N([4, 4, 4, 4], 6) = 1295
N([4, 4, 4, 5], 6) = 1295
N([4, 4, 4, 6], 6) = 1295
N([4, 4, 5, 1], 6) = 1295
N([4, 4, 5, 2], 6) = 1295
N([4, 4, 5, 3], 6) = 1295
N([4, 4, 5, 4], 6) = 1295
N([4, 4, 5, 5], 6) = 1295
N([4, 4, 5, 6], 6) = 1295
N([4, 4, 6, 1], 6) = 1295
N([4, 4, 6, 2], 6) = 1295
N([4, 4, 6, 3], 6) = 1295
N([4, 4, 6, 4], 6) = 1295
N([4, 4, 6, 5], 6) = 1295
N([4, 4, 6, 6], 6) = 1295
N([4, 5, 1, 1], 6) = 1295
N([4, 5, 1, 2], 6) = 1295
N([4, 5, 1, 3], 6) = 1295
N([4, 5, 1, 4], 6) = 1295
N([4, 5, 1, 5], 6) = 1295
N([4, 5, 1, 6], 6) = 1295
N([4, 5, 2, 1], 6) = 1295
N([4, 5, 2, 2], 6) = 1295
N([4, 5, 2, 3], 6) = 1295
N([4, 5, 2, 4], 6) = 1295
N([4, 5, 2, 5], 6) = 1295
N([4, 5, 2, 6], 6) = 1295
N([4, 5, 3, 1], 6) = 1295
N([4, 5, 3, 2], 6) = 1295
N([4, 5, 3, 3], 6) = 1295
N([4, 5, 3, 4], 6) = 1295
N([4, 5, 3, 5], 6) = 1295
N([4, 5, 3, 6], 6) = 1295
N([4, 5, 4, 1], 6) = 1295
N([4, 5, 4, 2], 6) = 1295
N([4, 5, 4, 3], 6) = 1295
N([4, 5, 4, 4], 6) = 1295
N([4, 5, 4, 5], 6) = 1295
N([4, 5, 4, 6], 6) = 1295
N([4, 5, 5, 1], 6) = 1295
N([4, 5, 5, 2], 6) = 1295
N([4, 5, 5, 3], 6) = 1295
N([4, 5, 5, 4], 6) = 1295
N([4, 5, 5, 5], 6) = 1295
N([4, 5, 5, 6], 6) = 1295
N([4, 5, 6, 1], 6) = 1295
N([4, 5, 6, 2], 6) = 1295
N([4, 5, 6, 3], 6) = 1295
N([4, 5, 6, 4], 6) = 1295
N([4, 5, 6, 5], 6) = 1295
N([4, 5, 6, 6], 6) = 1295
N([4, 6, 1, 1], 6) = 1295
N([4, 6, 1, 2], 6) = 1295
N([4, 6, 1, 3], 6) = 1295
N([4, 6, 1, 4], 6) = 1295
N([4, 6, 1, 5], 6) = 1295
N([4, 6, 1, 6], 6) = 1295
N([4, 6, 2, 1], 6) = 1295
N([4, 6, 2, 2], 6) = 1295
N([4, 6, 2, 3], 6) = 1295
N([4, 6, 2, 4], 6) = 1295
N([4, 6, 2, 5], 6) = 1295
N([4, 6, 2, 6], 6) = 1295
N([4, 6, 3, 1], 6) = 1295
N([4, 6, 3, 2], 6) = 1295
N([4, 6, 3, 3], 6) = 1295
N([4, 6, 3, 4], 6) = 1295
N([4, 6, 3, 5], 6) = 1295
N([4, 6, 3, 6], 6) = 1295
N([4, 6, 4, 1], 6) = 1295
N([4, 6, 4, 2], 6) = 1295
N([4, 6, 4, 3], 6) = 1295
N([4, 6, 4, 4], 6) = 1295
N([4, 6, 4, 5], 6) = 1295
N([4, 6, 4, 6], 6) = 1295
N([4, 6, 5, 1], 6) = 1295
N([4, 6, 5, 2], 6) = 1295
N([4, 6, 5, 3], 6) = 1295
N([4, 6, 5, 4], 6) = 1295
N([4, 6, 5, 5], 6) = 1295
N([4, 6, 5, 6], 6) = 1295
N([4, 6, 6, 1], 6) = 1295
N([4, 6, 6, 2], 6) = 1295
N([4, 6, 6, 3], 6) = 1295
N([4, 6, 6, 4], 6) = 1295
N([4, 6, 6, 5], 6) = 1295
N([4, 6, 6, 6], 6) = 1295
N([5, 1, 1, 1], 6) = 1295
N([5, 1, 1, 2], 6) = 1295
N([5, 1, 1, 3], 6) = 1295
N([5, 1, 1, 4], 6) = 1295
N([5, 1, 1, 5], 6) = 1295
N([5, 1, 1, 6], 6) = 1295
N([5, 1, 2, 1], 6) = 1295
N([5, 1, 2, 2], 6) = 1295
N([5, 1, 2, 3], 6) = 1295
N([5, 1, 2, 4], 6) = 1295
N([5, 1, 2, 5], 6) = 1295
N([5, 1, 2, 6], 6) = 1295
N([5, 1, 3, 1], 6) = 1295
N([5, 1, 3, 2], 6) = 1295
N([5, 1, 3, 3], 6) = 1295
N([5, 1, 3, 4], 6) = 1295
N([5, 1, 3, 5], 6) = 1295
N([5, 1, 3, 6], 6) = 1295
N([5, 1, 4, 1], 6) = 1295
N([5, 1, 4, 2], 6) = 1295
N([5, 1, 4, 3], 6) = 1295
N([5, 1, 4, 4], 6) = 1295
N([5, 1, 4, 5], 6) = 1295
N([5, 1, 4, 6], 6) = 1295
N([5, 1, 5, 1], 6) = 1295
N([5, 1, 5, 2], 6) = 1295
N([5, 1, 5, 3], 6) = 1295
N([5, 1, 5, 4], 6) = 1295
N([5, 1, 5, 5], 6) = 1295
N([5, 1, 5, 6], 6) = 1295
N([5, 1, 6, 1], 6) = 1295
N([5, 1, 6, 2], 6) = 1295
N([5, 1, 6, 3], 6) = 1295
N([5, 1, 6, 4], 6) = 1295
N([5, 1, 6, 5], 6) = 1295
N([5, 1, 6, 6], 6) = 1295
N([5, 2, 1, 1], 6) = 1295
N([5, 2, 1, 2], 6) = 1295
N([5, 2, 1, 3], 6) = 1295
N([5, 2, 1, 4], 6) = 1295
N([5, 2, 1, 5], 6) = 1295
N([5, 2, 1, 6], 6) = 1295
N([5, 2, 2, 1], 6) = 1295
N([5, 2, 2, 2], 6) = 1295
N([5, 2, 2, 3], 6) = 1295
N([5, 2, 2, 4], 6) = 1295
N([5, 2, 2, 5], 6) = 1295
N([5, 2, 2, 6], 6) = 1295
N([5, 2, 3, 1], 6) = 1295
N([5, 2, 3, 2], 6) = 1295
N([5, 2, 3, 3], 6) = 1295
N([5, 2, 3, 4], 6) = 1295
N([5, 2, 3, 5], 6) = 1295
N([5, 2, 3, 6], 6) = 1295
N([5, 2, 4, 1], 6) = 1295
N([5, 2, 4, 2], 6) = 1295
N([5, 2, 4, 3], 6) = 1295
N([5, 2, 4, 4], 6) = 1295
N([5, 2, 4, 5], 6) = 1295
N([5, 2, 4, 6], 6) = 1295
N([5, 2, 5, 1], 6) = 1295
N([5, 2, 5, 2], 6) = 1295
N([5, 2, 5, 3], 6) = 1295
N([5, 2, 5, 4], 6) = 1295
N([5, 2, 5, 5], 6) = 1295
N([5, 2, 5, 6], 6) = 1295
N([5, 2, 6, 1], 6) = 1295
N([5, 2, 6, 2], 6) = 1295
N([5, 2, 6, 3], 6) = 1295
N([5, 2, 6, 4], 6) = 1295
N([5, 2, 6, 5], 6) = 1295
N([5, 2, 6, 6], 6) = 1295
N([5, 3, 1, 1], 6) = 1295
N([5, 3, 1, 2], 6) = 1295
N([5, 3, 1, 3], 6) = 1295
N([5, 3, 1, 4], 6) = 1295
N([5, 3, 1, 5], 6) = 1295
N([5, 3, 1, 6], 6) = 1295
N([5, 3, 2, 1], 6) = 1295
N([5, 3, 2, 2], 6) = 1295
N([5, 3, 2, 3], 6) = 1295
N([5, 3, 2, 4], 6) = 1295
N([5, 3, 2, 5], 6) = 1295
N([5, 3, 2, 6], 6) = 1295
N([5, 3, 3, 1], 6) = 1295
N([5, 3, 3, 2], 6) = 1295
N([5, 3, 3, 3], 6) = 1295
N([5, 3, 3, 4], 6) = 1295
N([5, 3, 3, 5], 6) = 1295
N([5, 3, 3, 6], 6) = 1295
N([5, 3, 4, 1], 6) = 1295
N([5, 3, 4, 2], 6) = 1295
N([5, 3, 4, 3], 6) = 1295
N([5, 3, 4, 4], 6) = 1295
N([5, 3, 4, 5], 6) = 1295
N([5, 3, 4, 6], 6) = 1295
N([5, 3, 5, 1], 6) = 1295
N([5, 3, 5, 2], 6) = 1295
N([5, 3, 5, 3], 6) = 1295
N([5, 3, 5, 4], 6) = 1295
N([5, 3, 5, 5], 6) = 1295
N([5, 3, 5, 6], 6) = 1295
N([5, 3, 6, 1], 6) = 1295
N([5, 3, 6, 2], 6) = 1295
N([5, 3, 6, 3], 6) = 1295
N([5, 3, 6, 4], 6) = 1295
N([5, 3, 6, 5], 6) = 1295
N([5, 3, 6, 6], 6) = 1295
N([5, 4, 1, 1], 6) = 1295
N([5, 4, 1, 2], 6) = 1295
N([5, 4, 1, 3], 6) = 1295
N([5, 4, 1, 4], 6) = 1295
N([5, 4, 1, 5], 6) = 1295
N([5, 4, 1, 6], 6) = 1295
N([5, 4, 2, 1], 6) = 1295
N([5, 4, 2, 2], 6) = 1295
N([5, 4, 2, 3], 6) = 1295
N([5, 4, 2, 4], 6) = 1295
N([5, 4, 2, 5], 6) = 1295
N([5, 4, 2, 6], 6) = 1295
N([5, 4, 3, 1], 6) = 1295
N([5, 4, 3, 2], 6) = 1295
N([5, 4, 3, 3], 6) = 1295
N([5, 4, 3, 4], 6) = 1295
N([5, 4, 3, 5], 6) = 1295
N([5, 4, 3, 6], 6) = 1295
N([5, 4, 4, 1], 6) = 1295
N([5, 4, 4, 2], 6) = 1295
N([5, 4, 4, 3], 6) = 1295
N([5, 4, 4, 4], 6) = 1295
N([5, 4, 4, 5], 6) = 1295
N([5, 4, 4, 6], 6) = 1295
N([5, 4, 5, 1], 6) = 1295
N([5, 4, 5, 2], 6) = 1295
N([5, 4, 5, 3], 6) = 1295
N([5, 4, 5, 4], 6) = 1295
N([5, 4, 5, 5], 6) = 1295
N([5, 4, 5, 6], 6) = 1295
N([5, 4, 6, 1], 6) = 1295
N([5, 4, 6, 2], 6) = 1295
N([5, 4, 6, 3], 6) = 1295
N([5, 4, 6, 4], 6) = 1295
N([5, 4, 6, 5], 6) = 1295
N([5, 4, 6, 6], 6) = 1295
N([5, 5, 1, 1], 6) = 1295
N([5, 5, 1, 2], 6) = 1295
N([5, 5, 1, 3], 6) = 1295
N([5, 5, 1, 4], 6) = 1295
N([5, 5, 1, 5], 6) = 1295
N([5, 5, 1, 6], 6) = 1295
N([5, 5, 2, 1], 6) = 1295
N([5, 5, 2, 2], 6) = 1295
N([5, 5, 2, 3], 6) = 1295
N([5, 5, 2, 4], 6) = 1295
N([5, 5, 2, 5], 6) = 1295
N([5, 5, 2, 6], 6) = 1295
N([5, 5, 3, 1], 6) = 1295
N([5, 5, 3, 2], 6) = 1295
N([5, 5, 3, 3], 6) = 1295
N([5, 5, 3, 4], 6) = 1295
N([5, 5, 3, 5], 6) = 1295
N([5, 5, 3, 6], 6) = 1295
N([5, 5, 4, 1], 6) = 1295
N([5, 5, 4, 2], 6) = 1295
N([5, 5, 4, 3], 6) = 1295
N([5, 5, 4, 4], 6) = 1295
N([5, 5, 4, 5], 6) = 1295
N([5, 5, 4, 6], 6) = 1295
N([5, 5, 5, 1], 6) = 1295
N([5, 5, 5, 2], 6) = 1295
N([5, 5, 5, 3], 6) = 1295
N([5, 5, 5, 4], 6) = 1295
N([5, 5, 5, 5], 6) = 1295
N([5, 5, 5, 6], 6) = 1295
N([5, 5, 6, 1], 6) = 1295
N([5, 5, 6, 2], 6) = 1295
N([5, 5, 6, 3], 6) = 1295
N([5, 5, 6, 4], 6) = 1295
N([5, 5, 6, 5], 6) = 1295
N([5, 5, 6, 6], 6) = 1295
N([5, 6, 1, 1], 6) = 1295
N([5, 6, 1, 2], 6) = 1295
N([5, 6, 1, 3], 6) = 1295
N([5, 6, 1, 4], 6) = 1295
N([5, 6, 1, 5], 6) = 1295
N([5, 6, 1, 6], 6) = 1295
N([5, 6, 2, 1], 6) = 1295
N([5, 6, 2, 2], 6) = 1295
N([5, 6, 2, 3], 6) = 1295
N([5, 6, 2, 4], 6) = 1295
N([5, 6, 2, 5], 6) = 1295
N([5, 6, 2, 6], 6) = 1295
N([5, 6, 3, 1], 6) = 1295
N([5, 6, 3, 2], 6) = 1295
N([5, 6, 3, 3], 6) = 1295
N([5, 6, 3, 4], 6) = 1295
N([5, 6, 3, 5], 6) = 1295
N([5, 6, 3, 6], 6) = 1295
N([5, 6, 4, 1], 6) = 1295
N([5, 6, 4, 2], 6) = 1295
N([5, 6, 4, 3], 6) = 1295
N([5, 6, 4, 4], 6) = 1295
N([5, 6, 4, 5], 6) = 1295
N([5, 6, 4, 6], 6) = 1295
N([5, 6, 5, 1], 6) = 1295
N([5, 6, 5, 2], 6) = 1295
N([5, 6, 5, 3], 6) = 1295
N([5, 6, 5, 4], 6) = 1295
N([5, 6, 5, 5], 6) = 1295
N([5, 6, 5, 6], 6) = 1295
N([5, 6, 6, 1], 6) = 1295
N([5, 6, 6, 2], 6) = 1295
N([5, 6, 6, 3], 6) = 1295
N([5, 6, 6, 4], 6) = 1295
N([5, 6, 6, 5], 6) = 1295
N([5, 6, 6, 6], 6) = 1295
N([6, 1, 1, 1], 6) = 1295
N([6, 1, 1, 2], 6) = 1295
N([6, 1, 1, 3], 6) = 1295
N([6, 1, 1, 4], 6) = 1295
N([6, 1, 1, 5], 6) = 1295
N([6, 1, 1, 6], 6) = 1295
N([6, 1, 2, 1], 6) = 1295
N([6, 1, 2, 2], 6) = 1295
N([6, 1, 2, 3], 6) = 1295
N([6, 1, 2, 4], 6) = 1295
N([6, 1, 2, 5], 6) = 1295
N([6, 1, 2, 6], 6) = 1295
N([6, 1, 3, 1], 6) = 1295
N([6, 1, 3, 2], 6) = 1295
N([6, 1, 3, 3], 6) = 1295
N([6, 1, 3, 4], 6) = 1295
N([6, 1, 3, 5], 6) = 1295
N([6, 1, 3, 6], 6) = 1295
N([6, 1, 4, 1], 6) = 1295
N([6, 1, 4, 2], 6) = 1295
N([6, 1, 4, 3], 6) = 1295
N([6, 1, 4, 4], 6) = 1295
N([6, 1, 4, 5], 6) = 1295
N([6, 1, 4, 6], 6) = 1295
N([6, 1, 5, 1], 6) = 1295
N([6, 1, 5, 2], 6) = 1295
N([6, 1, 5, 3], 6) = 1295
N([6, 1, 5, 4], 6) = 1295
N([6, 1, 5, 5], 6) = 1295
N([6, 1, 5, 6], 6) = 1295
N([6, 1, 6, 1], 6) = 1295
N([6, 1, 6, 2], 6) = 1295
N([6, 1, 6, 3], 6) = 1295
N([6, 1, 6, 4], 6) = 1295
N([6, 1, 6, 5], 6) = 1295
N([6, 1, 6, 6], 6) = 1295
N([6, 2, 1, 1], 6) = 1295
N([6, 2, 1, 2], 6) = 1295
N([6, 2, 1, 3], 6) = 1295
N([6, 2, 1, 4], 6) = 1295
N([6, 2, 1, 5], 6) = 1295
N([6, 2, 1, 6], 6) = 1295
N([6, 2, 2, 1], 6) = 1295
N([6, 2, 2, 2], 6) = 1295
N([6, 2, 2, 3], 6) = 1295
N([6, 2, 2, 4], 6) = 1295
N([6, 2, 2, 5], 6) = 1295
N([6, 2, 2, 6], 6) = 1295
N([6, 2, 3, 1], 6) = 1295
N([6, 2, 3, 2], 6) = 1295
N([6, 2, 3, 3], 6) = 1295
N([6, 2, 3, 4], 6) = 1295
N([6, 2, 3, 5], 6) = 1295
N([6, 2, 3, 6], 6) = 1295
N([6, 2, 4, 1], 6) = 1295
N([6, 2, 4, 2], 6) = 1295
N([6, 2, 4, 3], 6) = 1295
N([6, 2, 4, 4], 6) = 1295
N([6, 2, 4, 5], 6) = 1295
N([6, 2, 4, 6], 6) = 1295
N([6, 2, 5, 1], 6) = 1295
N([6, 2, 5, 2], 6) = 1295
N([6, 2, 5, 3], 6) = 1295
N([6, 2, 5, 4], 6) = 1295
N([6, 2, 5, 5], 6) = 1295
N([6, 2, 5, 6], 6) = 1295
N([6, 2, 6, 1], 6) = 1295
N([6, 2, 6, 2], 6) = 1295
N([6, 2, 6, 3], 6) = 1295
N([6, 2, 6, 4], 6) = 1295
N([6, 2, 6, 5], 6) = 1295
N([6, 2, 6, 6], 6) = 1295
N([6, 3, 1, 1], 6) = 1295
N([6, 3, 1, 2], 6) = 1295
N([6, 3, 1, 3], 6) = 1295
N([6, 3, 1, 4], 6) = 1295
N([6, 3, 1, 5], 6) = 1295
N([6, 3, 1, 6], 6) = 1295
N([6, 3, 2, 1], 6) = 1295
N([6, 3, 2, 2], 6) = 1295
N([6, 3, 2, 3], 6) = 1295
N([6, 3, 2, 4], 6) = 1295
N([6, 3, 2, 5], 6) = 1295
N([6, 3, 2, 6], 6) = 1295
N([6, 3, 3, 1], 6) = 1295
N([6, 3, 3, 2], 6) = 1295
N([6, 3, 3, 3], 6) = 1295
N([6, 3, 3, 4], 6) = 1295
N([6, 3, 3, 5], 6) = 1295
N([6, 3, 3, 6], 6) = 1295
N([6, 3, 4, 1], 6) = 1295
N([6, 3, 4, 2], 6) = 1295
N([6, 3, 4, 3], 6) = 1295
N([6, 3, 4, 4], 6) = 1295
N([6, 3, 4, 5], 6) = 1295
N([6, 3, 4, 6], 6) = 1295
N([6, 3, 5, 1], 6) = 1295
N([6, 3, 5, 2], 6) = 1295
N([6, 3, 5, 3], 6) = 1295
N([6, 3, 5, 4], 6) = 1295
N([6, 3, 5, 5], 6) = 1295
N([6, 3, 5, 6], 6) = 1295
N([6, 3, 6, 1], 6) = 1295
N([6, 3, 6, 2], 6) = 1295
N([6, 3, 6, 3], 6) = 1295
N([6, 3, 6, 4], 6) = 1295
N([6, 3, 6, 5], 6) = 1295
N([6, 3, 6, 6], 6) = 1295
N([6, 4, 1, 1], 6) = 1295
N([6, 4, 1, 2], 6) = 1295
N([6, 4, 1, 3], 6) = 1295
N([6, 4, 1, 4], 6) = 1295
N([6, 4, 1, 5], 6) = 1295
N([6, 4, 1, 6], 6) = 1295
N([6, 4, 2, 1], 6) = 1295
N([6, 4, 2, 2], 6) = 1295
N([6, 4, 2, 3], 6) = 1295
N([6, 4, 2, 4], 6) = 1295
N([6, 4, 2, 5], 6) = 1295
N([6, 4, 2, 6], 6) = 1295
N([6, 4, 3, 1], 6) = 1295
N([6, 4, 3, 2], 6) = 1295
N([6, 4, 3, 3], 6) = 1295
N([6, 4, 3, 4], 6) = 1295
N([6, 4, 3, 5], 6) = 1295
N([6, 4, 3, 6], 6) = 1295
N([6, 4, 4, 1], 6) = 1295
N([6, 4, 4, 2], 6) = 1295
N([6, 4, 4, 3], 6) = 1295
N([6, 4, 4, 4], 6) = 1295
N([6, 4, 4, 5], 6) = 1295
N([6, 4, 4, 6], 6) = 1295
N([6, 4, 5, 1], 6) = 1295
N([6, 4, 5, 2], 6) = 1295
N([6, 4, 5, 3], 6) = 1295
N([6, 4, 5, 4], 6) = 1295
N([6, 4, 5, 5], 6) = 1295
N([6, 4, 5, 6], 6) = 1295
N([6, 4, 6, 1], 6) = 1295
N([6, 4, 6, 2], 6) = 1295
N([6, 4, 6, 3], 6) = 1295
N([6, 4, 6, 4], 6) = 1295
N([6, 4, 6, 5], 6) = 1295
N([6, 4, 6, 6], 6) = 1295
N([6, 5, 1, 1], 6) = 1295
N([6, 5, 1, 2], 6) = 1295
N([6, 5, 1, 3], 6) = 1295
N([6, 5, 1, 4], 6) = 1295
N([6, 5, 1, 5], 6) = 1295
N([6, 5, 1, 6], 6) = 1295
N([6, 5, 2, 1], 6) = 1295
N([6, 5, 2, 2], 6) = 1295
N([6, 5, 2, 3], 6) = 1295
N([6, 5, 2, 4], 6) = 1295
N([6, 5, 2, 5], 6) = 1295
N([6, 5, 2, 6], 6) = 1295
N([6, 5, 3, 1], 6) = 1295
N([6, 5, 3, 2], 6) = 1295
N([6, 5, 3, 3], 6) = 1295
N([6, 5, 3, 4], 6) = 1295
N([6, 5, 3, 5], 6) = 1295
N([6, 5, 3, 6], 6) = 1295
N([6, 5, 4, 1], 6) = 1295
N([6, 5, 4, 2], 6) = 1295
N([6, 5, 4, 3], 6) = 1295
N([6, 5, 4, 4], 6) = 1295
N([6, 5, 4, 5], 6) = 1295
N([6, 5, 4, 6], 6) = 1295
N([6, 5, 5, 1], 6) = 1295
N([6, 5, 5, 2], 6) = 1295
N([6, 5, 5, 3], 6) = 1295
N([6, 5, 5, 4], 6) = 1295
N([6, 5, 5, 5], 6) = 1295
N([6, 5, 5, 6], 6) = 1295
N([6, 5, 6, 1], 6) = 1295
N([6, 5, 6, 2], 6) = 1295
N([6, 5, 6, 3], 6) = 1295
N([6, 5, 6, 4], 6) = 1295
N([6, 5, 6, 5], 6) = 1295
N([6, 5, 6, 6], 6) = 1295
N([6, 6, 1, 1], 6) = 1295
N([6, 6, 1, 2], 6) = 1295
N([6, 6, 1, 3], 6) = 1295
N([6, 6, 1, 4], 6) = 1295
N([6, 6, 1, 5], 6) = 1295
N([6, 6, 1, 6], 6) = 1295
N([6, 6, 2, 1], 6) = 1295
N([6, 6, 2, 2], 6) = 1295
N([6, 6, 2, 3], 6) = 1295
N([6, 6, 2, 4], 6) = 1295
N([6, 6, 2, 5], 6) = 1295
N([6, 6, 2, 6], 6) = 1295
N([6, 6, 3, 1], 6) = 1295
N([6, 6, 3, 2], 6) = 1295
N([6, 6, 3, 3], 6) = 1295
N([6, 6, 3, 4], 6) = 1295
N([6, 6, 3, 5], 6) = 1295
N([6, 6, 3, 6], 6) = 1295
N([6, 6, 4, 1], 6) = 1295
N([6, 6, 4, 2], 6) = 1295
N([6, 6, 4, 3], 6) = 1295
N([6, 6, 4, 4], 6) = 1295
N([6, 6, 4, 5], 6) = 1295
N([6, 6, 4, 6], 6) = 1295
N([6, 6, 5, 1], 6) = 1295
N([6, 6, 5, 2], 6) = 1295
N([6, 6, 5, 3], 6) = 1295
N([6, 6, 5, 4], 6) = 1295
N([6, 6, 5, 5], 6) = 1295
N([6, 6, 5, 6], 6) = 1295
N([6, 6, 6, 1], 6) = 1295
N([6, 6, 6, 2], 6) = 1295
N([6, 6, 6, 3], 6) = 1295
N([6, 6, 6, 4], 6) = 1295
N([6, 6, 6, 5], 6) = 1295
N([6, 6, 6, 6], 6) = 1295

N(P,7)
N([], 7) = 0
N([1], 7) = 32
N([2], 7) = 0
N([3], 7) = 32
N([1, 1], 7) = 4797
N([1, 2], 7) = 2945
N([1, 3], 7) = 1926
N([1, 4], 7) = 1937
N([2, 1], 7) = 3244
N([2, 2], 7) = 2839
N([2, 3], 7) = 678
N([2, 4], 7) = 1926
N([3, 1], 7) = 2349
N([3, 2], 7) = 1072
N([3, 3], 7) = 2839
N([3, 4], 7) = 3244
N([4, 1], 7) = 1937
N([4, 2], 7) = 1926
N([4, 3], 7) = 2945
N([4, 4], 7) = 4797
N([1, 1, 1], 7) = 13624
N([1, 1, 2], 7) = 13311
N([1, 1, 3], 7) = 12857
N([1, 1, 4], 7) = 12903
N([1, 1, 5], 7) = 13213
N([1, 2, 1], 7) = 13310
N([1, 2, 2], 7) = 12392
N([1, 2, 3], 7) = 11783
N([1, 2, 4], 7) = 12053
N([1, 2, 5], 7) = 12954
N([1, 3, 1], 7) = 12857
N([1, 3, 2], 7) = 11786
N([1, 3, 3], 7) = 11181
N([1, 3, 4], 7) = 11311
N([1, 3, 5], 7) = 12523
N([1, 4, 1], 7) = 12903
N([1, 4, 2], 7) = 12053
N([1, 4, 3], 7) = 11311
N([1, 4, 4], 7) = 11440
N([1, 4, 5], 7) = 13311
N([1, 5, 1], 7) = 13213
N([1, 5, 2], 7) = 12954
N([1, 5, 3], 7) = 12523
N([1, 5, 4], 7) = 13311
N([1, 5, 5], 7) = 13624
N([2, 1, 1], 7) = 13310
N([2, 1, 2], 7) = 12759
N([2, 1, 3], 7) = 12053
N([2, 1, 4], 7) = 12181
N([2, 1, 5], 7) = 12857
N([2, 2, 1], 7) = 12392
N([2, 2, 2], 7) = 11181
N([2, 2, 3], 7) = 10459
N([2, 2, 4], 7) = 11181
N([2, 2, 5], 7) = 12392
N([2, 3, 1], 7) = 11783
N([2, 3, 2], 7) = 10459
N([2, 3, 3], 7) = 10243
N([2, 3, 4], 7) = 10459
N([2, 3, 5], 7) = 11783
N([2, 4, 1], 7) = 12053
N([2, 4, 2], 7) = 11181
N([2, 4, 3], 7) = 10459
N([2, 4, 4], 7) = 11181
N([2, 4, 5], 7) = 12392
N([2, 5, 1], 7) = 12857
N([2, 5, 2], 7) = 12181
N([2, 5, 3], 7) = 12053
N([2, 5, 4], 7) = 12759
N([2, 5, 5], 7) = 13310
N([3, 1, 1], 7) = 12857
N([3, 1, 2], 7) = 11783
N([3, 1, 3], 7) = 11181
N([3, 1, 4], 7) = 11786
N([3, 1, 5], 7) = 12857
N([3, 2, 1], 7) = 12053
N([3, 2, 2], 7) = 10459
N([3, 2, 3], 7) = 9706
N([3, 2, 4], 7) = 10459
N([3, 2, 5], 7) = 12053
N([3, 3, 1], 7) = 11849
N([3, 3, 2], 7) = 10243
N([3, 3, 3], 7) = 9265
N([3, 3, 4], 7) = 10243
N([3, 3, 5], 7) = 11849
N([3, 4, 1], 7) = 12392
N([3, 4, 2], 7) = 10459
N([3, 4, 3], 7) = 10243
N([3, 4, 4], 7) = 10459
N([3, 4, 5], 7) = 12392
N([3, 5, 1], 7) = 12903
N([3, 5, 2], 7) = 11786
N([3, 5, 3], 7) = 11181
N([3, 5, 4], 7) = 11783
N([3, 5, 5], 7) = 12857
N([4, 1, 1], 7) = 13311
N([4, 1, 2], 7) = 12053
N([4, 1, 3], 7) = 11311
N([4, 1, 4], 7) = 12053
N([4, 1, 5], 7) = 13311
N([4, 2, 1], 7) = 12392
N([4, 2, 2], 7) = 10459
N([4, 2, 3], 7) = 10243
N([4, 2, 4], 7) = 10459
N([4, 2, 5], 7) = 12392
N([4, 3, 1], 7) = 12954
N([4, 3, 2], 7) = 12523
N([4, 3, 3], 7) = 11849
N([4, 3, 4], 7) = 11786
N([4, 3, 5], 7) = 13588
N([4, 4, 1], 7) = 13311
N([4, 4, 2], 7) = 12134
N([4, 4, 3], 7) = 12392
N([4, 4, 4], 7) = 12118
N([4, 4, 5], 7) = 12857
N([4, 5, 1], 7) = 13755
N([4, 5, 2], 7) = 13213
N([4, 5, 3], 7) = 12954
N([4, 5, 4], 7) = 13311
N([4, 5, 5], 7) = 13213
N([5, 1, 1], 7) = 13624
N([5, 1, 2], 7) = 12954
N([5, 1, 3], 7) = 12523
N([5, 1, 4], 7) = 13311
N([5, 1, 5], 7) = 13213
N([5, 2, 1], 7) = 13213
N([5, 2, 2], 7) = 12857
N([5, 2, 3], 7) = 12392
N([5, 2, 4], 7) = 12954
N([5, 2, 5], 7) = 13755
N([5, 3, 1], 7) = 12523
N([5, 3, 2], 7) = 11786
N([5, 3, 3], 7) = 11849
N([5, 3, 4], 7) = 12523
N([5, 3, 5], 7) = 12954
N([5, 4, 1], 7) = 13311
N([5, 4, 2], 7) = 12857
N([5, 4, 3], 7) = 12523
N([5, 4, 4], 7) = 13213
N([5, 4, 5], 7) = 13213
N([5, 5, 1], 7) = 13624
N([5, 5, 2], 7) = 13213
N([5, 5, 3], 7) = 12954
N([5, 5, 4], 7) = 13213
N([5, 5, 5], 7) = 13624
N([1, 1, 1, 1], 7) = 16615
> Progress: 100% [16807 / 16807]
N([1, 1, 1, 2], 7) = 16667
> Progress: 100% [16807 / 16807]
N([1, 1, 1, 3], 7) = 16646
> Progress: 100% [16807 / 16807]
N([1, 1, 1, 4], 7) = 16647
> Progress: 100% [16807 / 16807]
N([1, 1, 1, 5], 7) = 16668
> Progress: 100% [16807 / 16807]
N([1, 1, 1, 6], 7) = 16672
> Progress: 100% [16807 / 16807]
N([1, 1, 2, 1], 7) = 16651
> Progress: 100% [16807 / 16807]
N([1, 1, 2, 2], 7) = 16668
> Progress: 100% [16807 / 16807]
N([1, 1, 2, 3], 7) = 16671
> Progress: 100% [16807 / 16807]
N([1, 1, 2, 4], 7) = 16656
> Progress: 100% [16807 / 16807]
N([1, 1, 2, 5], 7) = 16679
> Progress: 100% [16807 / 16807]
N([1, 1, 2, 6], 7) = 16683
> Progress: 100% [16807 / 16807]
N([1, 1, 3, 1], 7) = 16630
> Progress: 100% [16807 / 16807]
N([1, 1, 3, 2], 7) = 16670
> Progress: 100% [16807 / 16807]
N([1, 1, 3, 3], 7) = 16640
> Progress: 100% [16807 / 16807]
N([1, 1, 3, 4], 7) = 16652
> Progress: 100% [16807 / 16807]
N([1, 1, 3, 5], 7) = 16657
> Progress: 100% [16807 / 16807]
N([1, 1, 3, 6], 7) = 16661
> Progress: 100% [16807 / 16807]
N([1, 1, 4, 1], 7) = 16645
> Progress: 100% [16807 / 16807]
N([1, 1, 4, 2], 7) = 16654
> Progress: 100% [16807 / 16807]
N([1, 1, 4, 3], 7) = 16651
> Progress: 100% [16807 / 16807]
N([1, 1, 4, 4], 7) = 16658
> Progress: 100% [16807 / 16807]
N([1, 1, 4, 5], 7) = 16673
> Progress: 100% [16807 / 16807]
N([1, 1, 4, 6], 7) = 16677
> Progress: 100% [16807 / 16807]
N([1, 1, 5, 1], 7) = 16647
> Progress: 100% [16807 / 16807]
N([1, 1, 5, 2], 7) = 16676
> Progress: 100% [16807 / 16807]
N([1, 1, 5, 3], 7) = 16655
> Progress: 100% [16807 / 16807]
N([1, 1, 5, 4], 7) = 16672
> Progress: 100% [16807 / 16807]
N([1, 1, 5, 5], 7) = 16659
> Progress: 100% [16807 / 16807]
N([1, 1, 5, 6], 7) = 16681
> Progress: 100% [16807 / 16807]
N([1, 1, 6, 1], 7) = 16656
> Progress: 100% [16807 / 16807]
N([1, 1, 6, 2], 7) = 16684
> Progress: 100% [16807 / 16807]
N([1, 1, 6, 3], 7) = 16663
> Progress: 100% [16807 / 16807]
N([1, 1, 6, 4], 7) = 16680
> Progress: 100% [16807 / 16807]
N([1, 1, 6, 5], 7) = 16682
> Progress: 100% [16807 / 16807]
N([1, 1, 6, 6], 7) = 16694
> Progress: 100% [16807 / 16807]
N([1, 2, 1, 1], 7) = 16643
> Progress: 100% [16807 / 16807]
N([1, 2, 1, 2], 7) = 16642
> Progress: 100% [16807 / 16807]
N([1, 2, 1, 3], 7) = 16664
> Progress: 100% [16807 / 16807]
N([1, 2, 1, 4], 7) = 16659
> Progress: 100% [16807 / 16807]
N([1, 2, 1, 5], 7) = 16664
> Progress: 100% [16807 / 16807]
N([1, 2, 1, 6], 7) = 16668
> Progress: 100% [16807 / 16807]
N([1, 2, 2, 1], 7) = 16656
> Progress: 100% [16807 / 16807]
N([1, 2, 2, 2], 7) = 16611
> Progress: 100% [16807 / 16807]
N([1, 2, 2, 3], 7) = 16642
> Progress: 100% [16807 / 16807]
N([1, 2, 2, 4], 7) = 16643
> Progress: 100% [16807 / 16807]
N([1, 2, 2, 5], 7) = 16646
> Progress: 100% [16807 / 16807]
N([1, 2, 2, 6], 7) = 16650
> Progress: 100% [16807 / 16807]
N([1, 2, 3, 1], 7) = 16656
> Progress: 100% [16807 / 16807]
N([1, 2, 3, 2], 7) = 16640
> Progress: 100% [16807 / 16807]
N([1, 2, 3, 3], 7) = 16643
> Progress: 100% [16807 / 16807]
N([1, 2, 3, 4], 7) = 16655
> Progress: 100% [16807 / 16807]
N([1, 2, 3, 5], 7) = 16660
> Progress: 100% [16807 / 16807]
N([1, 2, 3, 6], 7) = 16664
> Progress: 100% [16807 / 16807]
N([1, 2, 4, 1], 7) = 16654
> Progress: 100% [16807 / 16807]
N([1, 2, 4, 2], 7) = 16641
> Progress: 100% [16807 / 16807]
N([1, 2, 4, 3], 7) = 16654
> Progress: 100% [16807 / 16807]
N([1, 2, 4, 4], 7) = 16645
> Progress: 100% [16807 / 16807]
N([1, 2, 4, 5], 7) = 16660
> Progress: 100% [16807 / 16807]
N([1, 2, 4, 6], 7) = 16664
> Progress: 100% [16807 / 16807]
N([1, 2, 5, 1], 7) = 16658
> Progress: 100% [16807 / 16807]
N([1, 2, 5, 2], 7) = 16643
> Progress: 100% [16807 / 16807]
N([1, 2, 5, 3], 7) = 16658
> Progress: 100% [16807 / 16807]
N([1, 2, 5, 4], 7) = 16659
> Progress: 100% [16807 / 16807]
N([1, 2, 5, 5], 7) = 16646
> Progress: 100% [16807 / 16807]
N([1, 2, 5, 6], 7) = 16668
> Progress: 100% [16807 / 16807]
N([1, 2, 6, 1], 7) = 16668
> Progress: 100% [16807 / 16807]
N([1, 2, 6, 2], 7) = 16652
> Progress: 100% [16807 / 16807]
N([1, 2, 6, 3], 7) = 16666
> Progress: 100% [16807 / 16807]
N([1, 2, 6, 4], 7) = 16667
> Progress: 100% [16807 / 16807]
N([1, 2, 6, 5], 7) = 16669
N([1, 2, 6, 6], 7) = 16681
> Progress: 100% [16807 / 16807]
N([1, 3, 1, 1], 7) = 16638
> Progress: 100% [16807 / 16807]
N([1, 3, 1, 2], 7) = 16665
> Progress: 100% [16807 / 16807]
N([1, 3, 1, 3], 7) = 16630
> Progress: 100% [16807 / 16807]
N([1, 3, 1, 4], 7) = 16658
> Progress: 100% [16807 / 16807]
N([1, 3, 1, 5], 7) = 16659
> Progress: 100% [16807 / 16807]
N([1, 3, 1, 6], 7) = 16663
> Progress: 100% [16807 / 16807]
N([1, 3, 2, 1], 7) = 16657
> Progress: 100% [16807 / 16807]
N([1, 3, 2, 2], 7) = 16649
> Progress: 100% [16807 / 16807]
N([1, 3, 2, 3], 7) = 16635
> Progress: 100% [16807 / 16807]
N([1, 3, 2, 4], 7) = 16655
> Progress: 100% [16807 / 16807]
N([1, 3, 2, 5], 7) = 16660
> Progress: 100% [16807 / 16807]
N([1, 3, 2, 6], 7) = 16664
> Progress: 100% [16807 / 16807]
N([1, 3, 3, 1], 7) = 16646
> Progress: 100% [16807 / 16807]
N([1, 3, 3, 2], 7) = 16634
> Progress: 100% [16807 / 16807]
N([1, 3, 3, 3], 7) = 16586
> Progress: 100% [16807 / 16807]
N([1, 3, 3, 4], 7) = 16632
> Progress: 100% [16807 / 16807]
N([1, 3, 3, 5], 7) = 16635
> Progress: 100% [16807 / 16807]
N([1, 3, 3, 6], 7) = 16639
> Progress: 100% [16807 / 16807]
N([1, 3, 4, 1], 7) = 16651
> Progress: 100% [16807 / 16807]
N([1, 3, 4, 2], 7) = 16653
> Progress: 100% [16807 / 16807]
N([1, 3, 4, 3], 7) = 16630
> Progress: 100% [16807 / 16807]
N([1, 3, 4, 4], 7) = 16641
> Progress: 100% [16807 / 16807]
N([1, 3, 4, 5], 7) = 16656
> Progress: 100% [16807 / 16807]
N([1, 3, 4, 6], 7) = 16660
> Progress: 100% [16807 / 16807]
N([1, 3, 5, 1], 7) = 16655
> Progress: 100% [16807 / 16807]
N([1, 3, 5, 2], 7) = 16657
> Progress: 100% [16807 / 16807]
N([1, 3, 5, 3], 7) = 16632
> Progress: 100% [16807 / 16807]
N([1, 3, 5, 4], 7) = 16655
> Progress: 100% [16807 / 16807]
N([1, 3, 5, 5], 7) = 16642
N([1, 3, 5, 6], 7) = 16664
> Progress: 100% [16807 / 16807]
N([1, 3, 6, 1], 7) = 16663
> Progress: 100% [16807 / 16807]
N([1, 3, 6, 2], 7) = 16665
> Progress: 100% [16807 / 16807]
N([1, 3, 6, 3], 7) = 16641
> Progress: 100% [16807 / 16807]
N([1, 3, 6, 4], 7) = 16663
> Progress: 100% [16807 / 16807]
N([1, 3, 6, 5], 7) = 16665
N([1, 3, 6, 6], 7) = 16677
> Progress: 100% [16807 / 16807]
N([1, 4, 1, 1], 7) = 16638
> Progress: 100% [16807 / 16807]
N([1, 4, 1, 2], 7) = 16659
> Progress: 100% [16807 / 16807]
N([1, 4, 1, 3], 7) = 16661
> Progress: 100% [16807 / 16807]
N([1, 4, 1, 4], 7) = 16631
> Progress: 100% [16807 / 16807]
N([1, 4, 1, 5], 7) = 16659
> Progress: 100% [16807 / 16807]
N([1, 4, 1, 6], 7) = 16663
> Progress: 100% [16807 / 16807]
N([1, 4, 2, 1], 7) = 16656
> Progress: 100% [16807 / 16807]
N([1, 4, 2, 2], 7) = 16649
> Progress: 100% [16807 / 16807]
N([1, 4, 2, 3], 7) = 16654
> Progress: 100% [16807 / 16807]
N([1, 4, 2, 4], 7) = 16633
> Progress: 100% [16807 / 16807]
N([1, 4, 2, 5], 7) = 16660
> Progress: 100% [16807 / 16807]
N([1, 4, 2, 6], 7) = 16664
> Progress: 100% [16807 / 16807]
N([1, 4, 3, 1], 7) = 16652
> Progress: 100% [16807 / 16807]
N([1, 4, 3, 2], 7) = 16654
> Progress: 100% [16807 / 16807]
N([1, 4, 3, 3], 7) = 16639
> Progress: 100% [16807 / 16807]
N([1, 4, 3, 4], 7) = 16630
> Progress: 100% [16807 / 16807]
N([1, 4, 3, 5], 7) = 16656
> Progress: 100% [16807 / 16807]
N([1, 4, 3, 6], 7) = 16660
> Progress: 100% [16807 / 16807]
N([1, 4, 4, 1], 7) = 16631
> Progress: 100% [16807 / 16807]
N([1, 4, 4, 2], 7) = 16635
> Progress: 100% [16807 / 16807]
N([1, 4, 4, 3], 7) = 16632
> Progress: 100% [16807 / 16807]
N([1, 4, 4, 4], 7) = 16572
> Progress: 100% [16807 / 16807]
N([1, 4, 4, 5], 7) = 16635
N([1, 4, 4, 6], 7) = 16639
> Progress: 100% [16807 / 16807]
N([1, 4, 5, 1], 7) = 16655
> Progress: 100% [16807 / 16807]
N([1, 4, 5, 2], 7) = 16657
> Progress: 100% [16807 / 16807]
N([1, 4, 5, 3], 7) = 16654
> Progress: 100% [16807 / 16807]
N([1, 4, 5, 4], 7) = 16633
> Progress: 100% [16807 / 16807]
N([1, 4, 5, 5], 7) = 16642
N([1, 4, 5, 6], 7) = 16664
> Progress: 100% [16807 / 16807]
N([1, 4, 6, 1], 7) = 16663
> Progress: 100% [16807 / 16807]
N([1, 4, 6, 2], 7) = 16665
> Progress: 100% [16807 / 16807]
N([1, 4, 6, 3], 7) = 16662
> Progress: 100% [16807 / 16807]
N([1, 4, 6, 4], 7) = 16642
> Progress: 100% [16807 / 16807]
N([1, 4, 6, 5], 7) = 16664
N([1, 4, 6, 6], 7) = 16661
> Progress: 100% [16807 / 16807]
N([1, 5, 1, 1], 7) = 16633
> Progress: 100% [16807 / 16807]
N([1, 5, 1, 2], 7) = 16661
> Progress: 100% [16807 / 16807]
N([1, 5, 1, 3], 7) = 16656
> Progress: 100% [16807 / 16807]
N([1, 5, 1, 4], 7) = 16657
> Progress: 100% [16807 / 16807]
N([1, 5, 1, 5], 7) = 16643
> Progress: 100% [16807 / 16807]
N([1, 5, 1, 6], 7) = 16666
> Progress: 100% [16807 / 16807]
N([1, 5, 2, 1], 7) = 16658
> Progress: 100% [16807 / 16807]
N([1, 5, 2, 2], 7) = 16643
> Progress: 100% [16807 / 16807]
N([1, 5, 2, 3], 7) = 16658
> Progress: 100% [16807 / 16807]
N([1, 5, 2, 4], 7) = 16659
> Progress: 100% [16807 / 16807]
N([1, 5, 2, 5], 7) = 16648
> Progress: 100% [16807 / 16807]
N([1, 5, 2, 6], 7) = 16669
> Progress: 100% [16807 / 16807]
N([1, 5, 3, 1], 7) = 16654
> Progress: 100% [16807 / 16807]
N([1, 5, 3, 2], 7) = 16657
> Progress: 100% [16807 / 16807]
N([1, 5, 3, 3], 7) = 16633
> Progress: 100% [16807 / 16807]
N([1, 5, 3, 4], 7) = 16655
> Progress: 100% [16807 / 16807]
N([1, 5, 3, 5], 7) = 16643
N([1, 5, 3, 6], 7) = 16664
> Progress: 100% [16807 / 16807]
N([1, 5, 4, 1], 7) = 16654
> Progress: 100% [16807 / 16807]
N([1, 5, 4, 2], 7) = 16657
> Progress: 100% [16807 / 16807]
N([1, 5, 4, 3], 7) = 16654
> Progress: 100% [16807 / 16807]
N([1, 5, 4, 4], 7) = 16634
> Progress: 100% [16807 / 16807]
N([1, 5, 4, 5], 7) = 16643
N([1, 5, 4, 6], 7) = 16664
> Progress: 100% [16807 / 16807]
N([1, 5, 5, 1], 7) = 16658
> Progress: 100% [16807 / 16807]
N([1, 5, 5, 2], 7) = 16645
> Progress: 100% [16807 / 16807]
N([1, 5, 5, 3], 7) = 16642
> Progress: 100% [16807 / 16807]
N([1, 5, 5, 4], 7) = 16641
> Progress: 100% [16807 / 16807]
N([1, 5, 5, 5], 7) = 16606
N([1, 5, 5, 6], 7) = 16650
> Progress: 100% [16807 / 16807]
N([1, 5, 6, 1], 7) = 16668
> Progress: 100% [16807 / 16807]
N([1, 5, 6, 2], 7) = 16668
> Progress: 100% [16807 / 16807]
N([1, 5, 6, 3], 7) = 16664
> Progress: 100% [16807 / 16807]
N([1, 5, 6, 4], 7) = 16664
> Progress: 100% [16807 / 16807]
N([1, 5, 6, 5], 7) = 16652
N([1, 5, 6, 6], 7) = 16683
> Progress: 100% [16807 / 16807]
N([1, 6, 1, 1], 7) = 16656
> Progress: 100% [16807 / 16807]
N([1, 6, 1, 2], 7) = 16665
> Progress: 100% [16807 / 16807]
N([1, 6, 1, 3], 7) = 16661
> Progress: 100% [16807 / 16807]
N([1, 6, 1, 4], 7) = 16661
> Progress: 100% [16807 / 16807]
N([1, 6, 1, 5], 7) = 16665
> Progress: 100% [16807 / 16807]
N([1, 6, 1, 6], 7) = 16662
> Progress: 100% [16807 / 16807]
N([1, 6, 2, 1], 7) = 16668
> Progress: 100% [16807 / 16807]
N([1, 6, 2, 2], 7) = 16667
> Progress: 100% [16807 / 16807]
N([1, 6, 2, 3], 7) = 16665
> Progress: 100% [16807 / 16807]
N([1, 6, 2, 4], 7) = 16665
> Progress: 100% [16807 / 16807]
N([1, 6, 2, 5], 7) = 16670
N([1, 6, 2, 6], 7) = 16666
> Progress: 100% [16807 / 16807]
N([1, 6, 3, 1], 7) = 16663
> Progress: 100% [16807 / 16807]
N([1, 6, 3, 2], 7) = 16666
> Progress: 100% [16807 / 16807]
N([1, 6, 3, 3], 7) = 16657
> Progress: 100% [16807 / 16807]
N([1, 6, 3, 4], 7) = 16662
> Progress: 100% [16807 / 16807]
N([1, 6, 3, 5], 7) = 16666
N([1, 6, 3, 6], 7) = 16663
> Progress: 100% [16807 / 16807]
N([1, 6, 4, 1], 7) = 16664
> Progress: 100% [16807 / 16807]
N([1, 6, 4, 2], 7) = 16667
> Progress: 100% [16807 / 16807]
N([1, 6, 4, 3], 7) = 16663
> Progress: 100% [16807 / 16807]
N([1, 6, 4, 4], 7) = 16642
> Progress: 100% [16807 / 16807]
N([1, 6, 4, 5], 7) = 16666
N([1, 6, 4, 6], 7) = 16663
> Progress: 100% [16807 / 16807]
N([1, 6, 5, 1], 7) = 16671
> Progress: 100% [16807 / 16807]
N([1, 6, 5, 2], 7) = 16669
> Progress: 100% [16807 / 16807]
N([1, 6, 5, 3], 7) = 16665
> Progress: 100% [16807 / 16807]
N([1, 6, 5, 4], 7) = 16665
> Progress: 100% [16807 / 16807]
N([1, 6, 5, 5], 7) = 16669
N([1, 6, 5, 6], 7) = 16668
> Progress: 100% [16807 / 16807]
N([1, 6, 6, 1], 7) = 16680
> Progress: 100% [16807 / 16807]
N([1, 6, 6, 2], 7) = 16668
> Progress: 100% [16807 / 16807]
N([1, 6, 6, 3], 7) = 16665
> Progress: 100% [16807 / 16807]
N([1, 6, 6, 4], 7) = 16664
> Progress: 100% [16807 / 16807]
N([1, 6, 6, 5], 7) = 16666
N([1, 6, 6, 6], 7) = 16672
> Progress: 100% [16807 / 16807]
N([2, 1, 1, 1], 7) = 16657
> Progress: 100% [16807 / 16807]
N([2, 1, 1, 2], 7) = 16656
> Progress: 100% [16807 / 16807]
N([2, 1, 1, 3], 7) = 16658
> Progress: 100% [16807 / 16807]
N([2, 1, 1, 4], 7) = 16659
> Progress: 100% [16807 / 16807]
N([2, 1, 1, 5], 7) = 16662
N([2, 1, 1, 6], 7) = 16666
> Progress: 100% [16807 / 16807]
N([2, 1, 2, 1], 7) = 16643
> Progress: 100% [16807 / 16807]
N([2, 1, 2, 2], 7) = 16597
> Progress: 100% [16807 / 16807]
N([2, 1, 2, 3], 7) = 16644
> Progress: 100% [16807 / 16807]
N([2, 1, 2, 4], 7) = 16643
> Progress: 100% [16807 / 16807]
N([2, 1, 2, 5], 7) = 16648
N([2, 1, 2, 6], 7) = 16652
> Progress: 100% [16807 / 16807]
N([2, 1, 3, 1], 7) = 16659
> Progress: 100% [16807 / 16807]
N([2, 1, 3, 2], 7) = 16639
> Progress: 100% [16807 / 16807]
N([2, 1, 3, 3], 7) = 16644
> Progress: 100% [16807 / 16807]
N([2, 1, 3, 4], 7) = 16656
> Progress: 100% [16807 / 16807]
N([2, 1, 3, 5], 7) = 16661
N([2, 1, 3, 6], 7) = 16664
> Progress: 100% [16807 / 16807]
N([2, 1, 4, 1], 7) = 16657
> Progress: 100% [16807 / 16807]
N([2, 1, 4, 2], 7) = 16639
> Progress: 100% [16807 / 16807]
N([2, 1, 4, 3], 7) = 16655
> Progress: 100% [16807 / 16807]
N([2, 1, 4, 4], 7) = 16646
> Progress: 100% [16807 / 16807]
N([2, 1, 4, 5], 7) = 16661
N([2, 1, 4, 6], 7) = 16665
> Progress: 100% [16807 / 16807]
N([2, 1, 5, 1], 7) = 16659
> Progress: 100% [16807 / 16807]
N([2, 1, 5, 2], 7) = 16643
> Progress: 100% [16807 / 16807]
N([2, 1, 5, 3], 7) = 16659
> Progress: 100% [16807 / 16807]
N([2, 1, 5, 4], 7) = 16660
> Progress: 100% [16807 / 16807]
N([2, 1, 5, 5], 7) = 16647
N([2, 1, 5, 6], 7) = 16669
> Progress: 100% [16807 / 16807]
N([2, 1, 6, 1], 7) = 16668
> Progress: 100% [16807 / 16807]
N([2, 1, 6, 2], 7) = 16651
> Progress: 100% [16807 / 16807]
N([2, 1, 6, 3], 7) = 16667
> Progress: 100% [16807 / 16807]
N([2, 1, 6, 4], 7) = 16668
> Progress: 100% [16807 / 16807]
N([2, 1, 6, 5], 7) = 16670
N([2, 1, 6, 6], 7) = 16682
> Progress: 100% [16807 / 16807]
N([2, 2, 1, 1], 7) = 16668
> Progress: 100% [16807 / 16807]
N([2, 2, 1, 2], 7) = 16605
> Progress: 100% [16807 / 16807]
N([2, 2, 1, 3], 7) = 16657
> Progress: 100% [16807 / 16807]
N([2, 2, 1, 4], 7) = 16642
> Progress: 100% [16807 / 16807]
N([2, 2, 1, 5], 7) = 16665
N([2, 2, 1, 6], 7) = 16669
> Progress: 100% [16807 / 16807]
N([2, 2, 2, 1], 7) = 16621
> Progress: 100% [16807 / 16807]
N([2, 2, 2, 2], 7) = 16487
> Progress: 100% [16807 / 16807]
N([2, 2, 2, 3], 7) = 16596
> Progress: 100% [16807 / 16807]
N([2, 2, 2, 4], 7) = 16581
> Progress: 100% [16807 / 16807]
N([2, 2, 2, 5], 7) = 16602
N([2, 2, 2, 6], 7) = 16606
> Progress: 100% [16807 / 16807]
N([2, 2, 3, 1], 7) = 16655
> Progress: 100% [16807 / 16807]
N([2, 2, 3, 2], 7) = 16580
> Progress: 100% [16807 / 16807]
N([2, 2, 3, 3], 7) = 16621
> Progress: 100% [16807 / 16807]
N([2, 2, 3, 4], 7) = 16633
> Progress: 100% [16807 / 16807]
N([2, 2, 3, 5], 7) = 16638
N([2, 2, 3, 6], 7) = 16642
> Progress: 100% [16807 / 16807]
N([2, 2, 4, 1], 7) = 16639
> Progress: 100% [16807 / 16807]
N([2, 2, 4, 2], 7) = 16579
> Progress: 100% [16807 / 16807]
N([2, 2, 4, 3], 7) = 16632
> Progress: 100% [16807 / 16807]
N([2, 2, 4, 4], 7) = 16623
> Progress: 100% [16807 / 16807]
N([2, 2, 4, 5], 7) = 16638
N([2, 2, 4, 6], 7) = 16642
> Progress: 100% [16807 / 16807]
N([2, 2, 5, 1], 7) = 16661
> Progress: 100% [16807 / 16807]
N([2, 2, 5, 2], 7) = 16581
> Progress: 100% [16807 / 16807]
N([2, 2, 5, 3], 7) = 16636
> Progress: 100% [16807 / 16807]
N([2, 2, 5, 4], 7) = 16637
> Progress: 100% [16807 / 16807]
N([2, 2, 5, 5], 7) = 16624
N([2, 2, 5, 6], 7) = 16646
> Progress: 100% [16807 / 16807]
N([2, 2, 6, 1], 7) = 16669
> Progress: 100% [16807 / 16807]
N([2, 2, 6, 2], 7) = 16590
> Progress: 100% [16807 / 16807]
N([2, 2, 6, 3], 7) = 16644
> Progress: 100% [16807 / 16807]
N([2, 2, 6, 4], 7) = 16645
N([2, 2, 6, 5], 7) = 16647
N([2, 2, 6, 6], 7) = 16659
> Progress: 100% [16807 / 16807]
N([2, 3, 1, 1], 7) = 16664
> Progress: 100% [16807 / 16807]
N([2, 3, 1, 2], 7) = 16643
> Progress: 100% [16807 / 16807]
N([2, 3, 1, 3], 7) = 16636
> Progress: 100% [16807 / 16807]
N([2, 3, 1, 4], 7) = 16658
> Progress: 100% [16807 / 16807]
N([2, 3, 1, 5], 7) = 16661
N([2, 3, 1, 6], 7) = 16666
> Progress: 100% [16807 / 16807]
N([2, 3, 2, 1], 7) = 16644
> Progress: 100% [16807 / 16807]
N([2, 3, 2, 2], 7) = 16588
> Progress: 100% [16807 / 16807]
N([2, 3, 2, 3], 7) = 16611
> Progress: 100% [16807 / 16807]
N([2, 3, 2, 4], 7) = 16638
> Progress: 100% [16807 / 16807]
N([2, 3, 2, 5], 7) = 16639
N([2, 3, 2, 6], 7) = 16643
> Progress: 100% [16807 / 16807]
N([2, 3, 3, 1], 7) = 16634
> Progress: 100% [16807 / 16807]
N([2, 3, 3, 2], 7) = 16627
> Progress: 100% [16807 / 16807]
N([2, 3, 3, 3], 7) = 16582
> Progress: 100% [16807 / 16807]
N([2, 3, 3, 4], 7) = 16628
> Progress: 100% [16807 / 16807]
N([2, 3, 3, 5], 7) = 16631
N([2, 3, 3, 6], 7) = 16635
> Progress: 100% [16807 / 16807]
N([2, 3, 4, 1], 7) = 16653
> Progress: 100% [16807 / 16807]
N([2, 3, 4, 2], 7) = 16632
> Progress: 100% [16807 / 16807]
N([2, 3, 4, 3], 7) = 16626
> Progress: 100% [16807 / 16807]
N([2, 3, 4, 4], 7) = 16637
> Progress: 100% [16807 / 16807]
N([2, 3, 4, 5], 7) = 16652
N([2, 3, 4, 6], 7) = 16656
> Progress: 100% [16807 / 16807]
N([2, 3, 5, 1], 7) = 16657
> Progress: 100% [16807 / 16807]
N([2, 3, 5, 2], 7) = 16636
> Progress: 100% [16807 / 16807]
N([2, 3, 5, 3], 7) = 16628
> Progress: 100% [16807 / 16807]
N([2, 3, 5, 4], 7) = 16651
N([2, 3, 5, 5], 7) = 16638
N([2, 3, 5, 6], 7) = 16660
> Progress: 100% [16807 / 16807]
N([2, 3, 6, 1], 7) = 16665
> Progress: 100% [16807 / 16807]
N([2, 3, 6, 2], 7) = 16644
> Progress: 100% [16807 / 16807]
N([2, 3, 6, 3], 7) = 16637
> Progress: 100% [16807 / 16807]
N([2, 3, 6, 4], 7) = 16659
N([2, 3, 6, 5], 7) = 16661
N([2, 3, 6, 6], 7) = 16673
> Progress: 100% [16807 / 16807]
N([2, 4, 1, 1], 7) = 16664
> Progress: 100% [16807 / 16807]
N([2, 4, 1, 2], 7) = 16642
> Progress: 100% [16807 / 16807]
N([2, 4, 1, 3], 7) = 16657
> Progress: 100% [16807 / 16807]
N([2, 4, 1, 4], 7) = 16633
> Progress: 100% [16807 / 16807]
N([2, 4, 1, 5], 7) = 16661
N([2, 4, 1, 6], 7) = 16666
> Progress: 100% [16807 / 16807]
N([2, 4, 2, 1], 7) = 16643
> Progress: 100% [16807 / 16807]
N([2, 4, 2, 2], 7) = 16588
> Progress: 100% [16807 / 16807]
N([2, 4, 2, 3], 7) = 16641
> Progress: 100% [16807 / 16807]
N([2, 4, 2, 4], 7) = 16612
> Progress: 100% [16807 / 16807]
N([2, 4, 2, 5], 7) = 16639
N([2, 4, 2, 6], 7) = 16643
> Progress: 100% [16807 / 16807]
N([2, 4, 3, 1], 7) = 16655
> Progress: 100% [16807 / 16807]
N([2, 4, 3, 2], 7) = 16633
> Progress: 100% [16807 / 16807]
N([2, 4, 3, 3], 7) = 16635
> Progress: 100% [16807 / 16807]
N([2, 4, 3, 4], 7) = 16626
> Progress: 100% [16807 / 16807]
N([2, 4, 3, 5], 7) = 16652
N([2, 4, 3, 6], 7) = 16656
> Progress: 100% [16807 / 16807]
N([2, 4, 4, 1], 7) = 16635
> Progress: 100% [16807 / 16807]
N([2, 4, 4, 2], 7) = 16612
> Progress: 100% [16807 / 16807]
N([2, 4, 4, 3], 7) = 16628
> Progress: 100% [16807 / 16807]
N([2, 4, 4, 4], 7) = 16568
N([2, 4, 4, 5], 7) = 16631
N([2, 4, 4, 6], 7) = 16635
> Progress: 100% [16807 / 16807]
N([2, 4, 5, 1], 7) = 16657
> Progress: 100% [16807 / 16807]
N([2, 4, 5, 2], 7) = 16636
> Progress: 100% [16807 / 16807]
N([2, 4, 5, 3], 7) = 16650
> Progress: 100% [16807 / 16807]
N([2, 4, 5, 4], 7) = 16629
N([2, 4, 5, 5], 7) = 16638
N([2, 4, 5, 6], 7) = 16660
> Progress: 100% [16807 / 16807]
N([2, 4, 6, 1], 7) = 16665
> Progress: 100% [16807 / 16807]
N([2, 4, 6, 2], 7) = 16644
> Progress: 100% [16807 / 16807]
N([2, 4, 6, 3], 7) = 16658
> Progress: 100% [16807 / 16807]
N([2, 4, 6, 4], 7) = 16638
N([2, 4, 6, 5], 7) = 16661
N([2, 4, 6, 6], 7) = 16657
> Progress: 100% [16807 / 16807]
N([2, 5, 1, 1], 7) = 16658
> Progress: 100% [16807 / 16807]
N([2, 5, 1, 2], 7) = 16644
> Progress: 100% [16807 / 16807]
N([2, 5, 1, 3], 7) = 16659
> Progress: 100% [16807 / 16807]
N([2, 5, 1, 4], 7) = 16660
> Progress: 100% [16807 / 16807]
N([2, 5, 1, 5], 7) = 16651
N([2, 5, 1, 6], 7) = 16670
> Progress: 100% [16807 / 16807]
N([2, 5, 2, 1], 7) = 16645
> Progress: 100% [16807 / 16807]
N([2, 5, 2, 2], 7) = 16583
> Progress: 100% [16807 / 16807]
N([2, 5, 2, 3], 7) = 16636
> Progress: 100% [16807 / 16807]
N([2, 5, 2, 4], 7) = 16637
> Progress: 100% [16807 / 16807]
N([2, 5, 2, 5], 7) = 16624
N([2, 5, 2, 6], 7) = 16648
> Progress: 100% [16807 / 16807]
N([2, 5, 3, 1], 7) = 16657
> Progress: 100% [16807 / 16807]
N([2, 5, 3, 2], 7) = 16635
> Progress: 100% [16807 / 16807]
N([2, 5, 3, 3], 7) = 16629
> Progress: 100% [16807 / 16807]
N([2, 5, 3, 4], 7) = 16651
N([2, 5, 3, 5], 7) = 16639
N([2, 5, 3, 6], 7) = 16660
> Progress: 100% [16807 / 16807]
N([2, 5, 4, 1], 7) = 16657
> Progress: 100% [16807 / 16807]
N([2, 5, 4, 2], 7) = 16635
> Progress: 100% [16807 / 16807]
N([2, 5, 4, 3], 7) = 16650
> Progress: 100% [16807 / 16807]
N([2, 5, 4, 4], 7) = 16630
N([2, 5, 4, 5], 7) = 16639
N([2, 5, 4, 6], 7) = 16660
> Progress: 100% [16807 / 16807]
N([2, 5, 5, 1], 7) = 16645
> Progress: 100% [16807 / 16807]
N([2, 5, 5, 2], 7) = 16639
> Progress: 100% [16807 / 16807]
N([2, 5, 5, 3], 7) = 16638
> Progress: 100% [16807 / 16807]
N([2, 5, 5, 4], 7) = 16637
N([2, 5, 5, 5], 7) = 16602
N([2, 5, 5, 6], 7) = 16646
> Progress: 100% [16807 / 16807]
N([2, 5, 6, 1], 7) = 16669
> Progress: 100% [16807 / 16807]
N([2, 5, 6, 2], 7) = 16648
> Progress: 100% [16807 / 16807]
N([2, 5, 6, 3], 7) = 16660
> Progress: 100% [16807 / 16807]
N([2, 5, 6, 4], 7) = 16660
N([2, 5, 6, 5], 7) = 16648
N([2, 5, 6, 6], 7) = 16679
> Progress: 100% [16807 / 16807]
N([2, 6, 1, 1], 7) = 16682
> Progress: 100% [16807 / 16807]
N([2, 6, 1, 2], 7) = 16652
> Progress: 100% [16807 / 16807]
N([2, 6, 1, 3], 7) = 16667
> Progress: 100% [16807 / 16807]
N([2, 6, 1, 4], 7) = 16665
> Progress: 100% [16807 / 16807]
N([2, 6, 1, 5], 7) = 16670
N([2, 6, 1, 6], 7) = 16665
> Progress: 100% [16807 / 16807]
N([2, 6, 2, 1], 7) = 16651
> Progress: 100% [16807 / 16807]
N([2, 6, 2, 2], 7) = 16606
> Progress: 100% [16807 / 16807]
N([2, 6, 2, 3], 7) = 16642
> Progress: 100% [16807 / 16807]
N([2, 6, 2, 4], 7) = 16642
N([2, 6, 2, 5], 7) = 16651
N([2, 6, 2, 6], 7) = 16643
> Progress: 100% [16807 / 16807]
N([2, 6, 3, 1], 7) = 16669
> Progress: 100% [16807 / 16807]
N([2, 6, 3, 2], 7) = 16643
> Progress: 100% [16807 / 16807]
N([2, 6, 3, 3], 7) = 16653
> Progress: 100% [16807 / 16807]
N([2, 6, 3, 4], 7) = 16658
N([2, 6, 3, 5], 7) = 16661
N([2, 6, 3, 6], 7) = 16659
> Progress: 100% [16807 / 16807]
N([2, 6, 4, 1], 7) = 16668
> Progress: 100% [16807 / 16807]
N([2, 6, 4, 2], 7) = 16644
> Progress: 100% [16807 / 16807]
N([2, 6, 4, 3], 7) = 16659
> Progress: 100% [16807 / 16807]
N([2, 6, 4, 4], 7) = 16638
N([2, 6, 4, 5], 7) = 16661
N([2, 6, 4, 6], 7) = 16659
> Progress: 100% [16807 / 16807]
N([2, 6, 5, 1], 7) = 16670
> Progress: 100% [16807 / 16807]
N([2, 6, 5, 2], 7) = 16651
> Progress: 100% [16807 / 16807]
N([2, 6, 5, 3], 7) = 16661
> Progress: 100% [16807 / 16807]
N([2, 6, 5, 4], 7) = 16661
N([2, 6, 5, 5], 7) = 16665
N([2, 6, 5, 6], 7) = 16664
> Progress: 100% [16807 / 16807]
N([2, 6, 6, 1], 7) = 16668
> Progress: 100% [16807 / 16807]
N([2, 6, 6, 2], 7) = 16661
> Progress: 100% [16807 / 16807]
N([2, 6, 6, 3], 7) = 16661
> Progress: 100% [16807 / 16807]
N([2, 6, 6, 4], 7) = 16660
N([2, 6, 6, 5], 7) = 16662
N([2, 6, 6, 6], 7) = 16668
> Progress: 100% [16807 / 16807]
N([3, 1, 1, 1], 7) = 16655
> Progress: 100% [16807 / 16807]
N([3, 1, 1, 2], 7) = 16658
> Progress: 100% [16807 / 16807]
N([3, 1, 1, 3], 7) = 16647
> Progress: 100% [16807 / 16807]
N([3, 1, 1, 4], 7) = 16657
N([3, 1, 1, 5], 7) = 16660
N([3, 1, 1, 6], 7) = 16664
> Progress: 100% [16807 / 16807]
N([3, 1, 2, 1], 7) = 16662
> Progress: 100% [16807 / 16807]
N([3, 1, 2, 2], 7) = 16651
> Progress: 100% [16807 / 16807]
N([3, 1, 2, 3], 7) = 16633
> Progress: 100% [16807 / 16807]
N([3, 1, 2, 4], 7) = 16659
N([3, 1, 2, 5], 7) = 16660
N([3, 1, 2, 6], 7) = 16664
> Progress: 100% [16807 / 16807]
N([3, 1, 3, 1], 7) = 16631
> Progress: 100% [16807 / 16807]
N([3, 1, 3, 2], 7) = 16640
> Progress: 100% [16807 / 16807]
N([3, 1, 3, 3], 7) = 16573
> Progress: 100% [16807 / 16807]
N([3, 1, 3, 4], 7) = 16633
N([3, 1, 3, 5], 7) = 16638
N([3, 1, 3, 6], 7) = 16642
> Progress: 100% [16807 / 16807]
N([3, 1, 4, 1], 7) = 16655
> Progress: 100% [16807 / 16807]
N([3, 1, 4, 2], 7) = 16657
> Progress: 100% [16807 / 16807]
N([3, 1, 4, 3], 7) = 16630
> Progress: 100% [16807 / 16807]
N([3, 1, 4, 4], 7) = 16644
N([3, 1, 4, 5], 7) = 16659
N([3, 1, 4, 6], 7) = 16663
> Progress: 100% [16807 / 16807]
N([3, 1, 5, 1], 7) = 16657
> Progress: 100% [16807 / 16807]
N([3, 1, 5, 2], 7) = 16659
> Progress: 100% [16807 / 16807]
N([3, 1, 5, 3], 7) = 16634
> Progress: 100% [16807 / 16807]
N([3, 1, 5, 4], 7) = 16658
N([3, 1, 5, 5], 7) = 16645
N([3, 1, 5, 6], 7) = 16667
> Progress: 100% [16807 / 16807]
N([3, 1, 6, 1], 7) = 16666
> Progress: 100% [16807 / 16807]
N([3, 1, 6, 2], 7) = 16667
> Progress: 100% [16807 / 16807]
N([3, 1, 6, 3], 7) = 16642
> Progress: 100% [16807 / 16807]
N([3, 1, 6, 4], 7) = 16666
N([3, 1, 6, 5], 7) = 16668
N([3, 1, 6, 6], 7) = 16680
> Progress: 100% [16807 / 16807]
N([3, 2, 1, 1], 7) = 16665
> Progress: 100% [16807 / 16807]
N([3, 2, 1, 2], 7) = 16640
> Progress: 100% [16807 / 16807]
N([3, 2, 1, 3], 7) = 16634
> Progress: 100% [16807 / 16807]
N([3, 2, 1, 4], 7) = 16657
N([3, 2, 1, 5], 7) = 16661
N([3, 2, 1, 6], 7) = 16665
> Progress: 100% [16807 / 16807]
N([3, 2, 2, 1], 7) = 16642
> Progress: 100% [16807 / 16807]
N([3, 2, 2, 2], 7) = 16602
> Progress: 100% [16807 / 16807]
N([3, 2, 2, 3], 7) = 16625
> Progress: 100% [16807 / 16807]
N([3, 2, 2, 4], 7) = 16634
N([3, 2, 2, 5], 7) = 16637
N([3, 2, 2, 6], 7) = 16641
> Progress: 100% [16807 / 16807]
N([3, 2, 3, 1], 7) = 16639
> Progress: 100% [16807 / 16807]
N([3, 2, 3, 2], 7) = 16609
> Progress: 100% [16807 / 16807]
N([3, 2, 3, 3], 7) = 16564
> Progress: 100% [16807 / 16807]
N([3, 2, 3, 4], 7) = 16624
N([3, 2, 3, 5], 7) = 16629
N([3, 2, 3, 6], 7) = 16633
> Progress: 100% [16807 / 16807]
N([3, 2, 4, 1], 7) = 16656
> Progress: 100% [16807 / 16807]
N([3, 2, 4, 2], 7) = 16632
> Progress: 100% [16807 / 16807]
N([3, 2, 4, 3], 7) = 16623
> Progress: 100% [16807 / 16807]
N([3, 2, 4, 4], 7) = 16636
N([3, 2, 4, 5], 7) = 16651
N([3, 2, 4, 6], 7) = 16655
> Progress: 100% [16807 / 16807]
N([3, 2, 5, 1], 7) = 16658
> Progress: 100% [16807 / 16807]
N([3, 2, 5, 2], 7) = 16634
> Progress: 100% [16807 / 16807]
N([3, 2, 5, 3], 7) = 16627
> Progress: 100% [16807 / 16807]
N([3, 2, 5, 4], 7) = 16650
N([3, 2, 5, 5], 7) = 16637
N([3, 2, 5, 6], 7) = 16659
> Progress: 100% [16807 / 16807]
N([3, 2, 6, 1], 7) = 16666
> Progress: 100% [16807 / 16807]
N([3, 2, 6, 2], 7) = 16643
> Progress: 100% [16807 / 16807]
N([3, 2, 6, 3], 7) = 16635
N([3, 2, 6, 4], 7) = 16658
N([3, 2, 6, 5], 7) = 16660
N([3, 2, 6, 6], 7) = 16672
> Progress: 100% [16807 / 16807]
N([3, 3, 1, 1], 7) = 16641
> Progress: 100% [16807 / 16807]
N([3, 3, 1, 2], 7) = 16650
> Progress: 100% [16807 / 16807]
N([3, 3, 1, 3], 7) = 16565
> Progress: 100% [16807 / 16807]
N([3, 3, 1, 4], 7) = 16633
N([3, 3, 1, 5], 7) = 16638
N([3, 3, 1, 6], 7) = 16642
> Progress: 100% [16807 / 16807]
N([3, 3, 2, 1], 7) = 16649
> Progress: 100% [16807 / 16807]
N([3, 3, 2, 2], 7) = 16619
> Progress: 100% [16807 / 16807]
N([3, 3, 2, 3], 7) = 16556
> Progress: 100% [16807 / 16807]
N([3, 3, 2, 4], 7) = 16625
N([3, 3, 2, 5], 7) = 16630
N([3, 3, 2, 6], 7) = 16634
> Progress: 100% [16807 / 16807]
N([3, 3, 3, 1], 7) = 16581
> Progress: 100% [16807 / 16807]
N([3, 3, 3, 2], 7) = 16572
> Progress: 100% [16807 / 16807]
N([3, 3, 3, 3], 7) = 16423
> Progress: 100% [16807 / 16807]
N([3, 3, 3, 4], 7) = 16565
N([3, 3, 3, 5], 7) = 16568
N([3, 3, 3, 6], 7) = 16572
> Progress: 100% [16807 / 16807]
N([3, 3, 4, 1], 7) = 16630
> Progress: 100% [16807 / 16807]
N([3, 3, 4, 2], 7) = 16623
> Progress: 100% [16807 / 16807]
N([3, 3, 4, 3], 7) = 16563
> Progress: 100% [16807 / 16807]
N([3, 3, 4, 4], 7) = 16622
N([3, 3, 4, 5], 7) = 16637
N([3, 3, 4, 6], 7) = 16641
> Progress: 100% [16807 / 16807]
N([3, 3, 5, 1], 7) = 16634
> Progress: 100% [16807 / 16807]
N([3, 3, 5, 2], 7) = 16627
> Progress: 100% [16807 / 16807]
N([3, 3, 5, 3], 7) = 16565
N([3, 3, 5, 4], 7) = 16636
N([3, 3, 5, 5], 7) = 16623
N([3, 3, 5, 6], 7) = 16645
> Progress: 100% [16807 / 16807]
N([3, 3, 6, 1], 7) = 16642
> Progress: 100% [16807 / 16807]
N([3, 3, 6, 2], 7) = 16635
> Progress: 100% [16807 / 16807]
N([3, 3, 6, 3], 7) = 16574
N([3, 3, 6, 4], 7) = 16644
N([3, 3, 6, 5], 7) = 16646
N([3, 3, 6, 6], 7) = 16658
> Progress: 100% [16807 / 16807]
N([3, 4, 1, 1], 7) = 16662
> Progress: 100% [16807 / 16807]
N([3, 4, 1, 2], 7) = 16655
> Progress: 100% [16807 / 16807]
N([3, 4, 1, 3], 7) = 16633
> Progress: 100% [16807 / 16807]
N([3, 4, 1, 4], 7) = 16631
N([3, 4, 1, 5], 7) = 16658
N([3, 4, 1, 6], 7) = 16662
> Progress: 100% [16807 / 16807]
N([3, 4, 2, 1], 7) = 16654
> Progress: 100% [16807 / 16807]
N([3, 4, 2, 2], 7) = 16640
> Progress: 100% [16807 / 16807]
N([3, 4, 2, 3], 7) = 16625
> Progress: 100% [16807 / 16807]
N([3, 4, 2, 4], 7) = 16624
N([3, 4, 2, 5], 7) = 16651
N([3, 4, 2, 6], 7) = 16655
> Progress: 100% [16807 / 16807]
N([3, 4, 3, 1], 7) = 16633
> Progress: 100% [16807 / 16807]
N([3, 4, 3, 2], 7) = 16624
> Progress: 100% [16807 / 16807]
N([3, 4, 3, 3], 7) = 16561
> Progress: 100% [16807 / 16807]
N([3, 4, 3, 4], 7) = 16600
N([3, 4, 3, 5], 7) = 16626
N([3, 4, 3, 6], 7) = 16630
> Progress: 100% [16807 / 16807]
N([3, 4, 4, 1], 7) = 16633
> Progress: 100% [16807 / 16807]
N([3, 4, 4, 2], 7) = 16626
> Progress: 100% [16807 / 16807]
N([3, 4, 4, 3], 7) = 16600
N([3, 4, 4, 4], 7) = 16565
N([3, 4, 4, 5], 7) = 16628
N([3, 4, 4, 6], 7) = 16632
> Progress: 100% [16807 / 16807]
N([3, 4, 5, 1], 7) = 16655
> Progress: 100% [16807 / 16807]
N([3, 4, 5, 2], 7) = 16648
> Progress: 100% [16807 / 16807]
N([3, 4, 5, 3], 7) = 16624
N([3, 4, 5, 4], 7) = 16624
N([3, 4, 5, 5], 7) = 16633
N([3, 4, 5, 6], 7) = 16655
> Progress: 100% [16807 / 16807]
N([3, 4, 6, 1], 7) = 16663
> Progress: 100% [16807 / 16807]
N([3, 4, 6, 2], 7) = 16656
> Progress: 100% [16807 / 16807]
N([3, 4, 6, 3], 7) = 16632
N([3, 4, 6, 4], 7) = 16633
N([3, 4, 6, 5], 7) = 16656
N([3, 4, 6, 6], 7) = 16652
> Progress: 100% [16807 / 16807]
N([3, 5, 1, 1], 7) = 16656
> Progress: 100% [16807 / 16807]
N([3, 5, 1, 2], 7) = 16659
> Progress: 100% [16807 / 16807]
N([3, 5, 1, 3], 7) = 16635
> Progress: 100% [16807 / 16807]
N([3, 5, 1, 4], 7) = 16658
N([3, 5, 1, 5], 7) = 16642
N([3, 5, 1, 6], 7) = 16665
> Progress: 100% [16807 / 16807]
N([3, 5, 2, 1], 7) = 16658
> Progress: 100% [16807 / 16807]
N([3, 5, 2, 2], 7) = 16634
> Progress: 100% [16807 / 16807]
N([3, 5, 2, 3], 7) = 16627
> Progress: 100% [16807 / 16807]
N([3, 5, 2, 4], 7) = 16650
N([3, 5, 2, 5], 7) = 16637
N([3, 5, 2, 6], 7) = 16659
> Progress: 100% [16807 / 16807]
N([3, 5, 3, 1], 7) = 16635
> Progress: 100% [16807 / 16807]
N([3, 5, 3, 2], 7) = 16626
> Progress: 100% [16807 / 16807]
N([3, 5, 3, 3], 7) = 16556
N([3, 5, 3, 4], 7) = 16624
N([3, 5, 3, 5], 7) = 16612
N([3, 5, 3, 6], 7) = 16633
> Progress: 100% [16807 / 16807]
N([3, 5, 4, 1], 7) = 16655
> Progress: 100% [16807 / 16807]
N([3, 5, 4, 2], 7) = 16648
> Progress: 100% [16807 / 16807]
N([3, 5, 4, 3], 7) = 16623
N([3, 5, 4, 4], 7) = 16625
N([3, 5, 4, 5], 7) = 16638
N([3, 5, 4, 6], 7) = 16655
> Progress: 100% [16807 / 16807]
N([3, 5, 5, 1], 7) = 16643
> Progress: 100% [16807 / 16807]
N([3, 5, 5, 2], 7) = 16636
> Progress: 100% [16807 / 16807]
N([3, 5, 5, 3], 7) = 16609
N([3, 5, 5, 4], 7) = 16634
N([3, 5, 5, 5], 7) = 16581
N([3, 5, 5, 6], 7) = 16643
> Progress: 100% [16807 / 16807]
N([3, 5, 6, 1], 7) = 16667
> Progress: 100% [16807 / 16807]
N([3, 5, 6, 2], 7) = 16659
> Progress: 100% [16807 / 16807]
N([3, 5, 6, 3], 7) = 16633
N([3, 5, 6, 4], 7) = 16659
N([3, 5, 6, 5], 7) = 16643
N([3, 5, 6, 6], 7) = 16656
> Progress: 100% [16807 / 16807]
N([3, 6, 1, 1], 7) = 16680
> Progress: 100% [16807 / 16807]
N([3, 6, 1, 2], 7) = 16666
> Progress: 100% [16807 / 16807]
N([3, 6, 1, 3], 7) = 16642
> Progress: 100% [16807 / 16807]
N([3, 6, 1, 4], 7) = 16663
N([3, 6, 1, 5], 7) = 16665
N([3, 6, 1, 6], 7) = 16661
> Progress: 100% [16807 / 16807]
N([3, 6, 2, 1], 7) = 16667
> Progress: 100% [16807 / 16807]
N([3, 6, 2, 2], 7) = 16658
> Progress: 100% [16807 / 16807]
N([3, 6, 2, 3], 7) = 16633
N([3, 6, 2, 4], 7) = 16658
N([3, 6, 2, 5], 7) = 16660
N([3, 6, 2, 6], 7) = 16657
> Progress: 100% [16807 / 16807]
N([3, 6, 3, 1], 7) = 16642
> Progress: 100% [16807 / 16807]
N([3, 6, 3, 2], 7) = 16634
> Progress: 100% [16807 / 16807]
N([3, 6, 3, 3], 7) = 16579
N([3, 6, 3, 4], 7) = 16631
N([3, 6, 3, 5], 7) = 16633
N([3, 6, 3, 6], 7) = 16631
> Progress: 100% [16807 / 16807]
N([3, 6, 4, 1], 7) = 16666
> Progress: 100% [16807 / 16807]
N([3, 6, 4, 2], 7) = 16658
> Progress: 100% [16807 / 16807]
N([3, 6, 4, 3], 7) = 16631
N([3, 6, 4, 4], 7) = 16633
N([3, 6, 4, 5], 7) = 16658
N([3, 6, 4, 6], 7) = 16658
> Progress: 100% [16807 / 16807]
N([3, 6, 5, 1], 7) = 16668
> Progress: 100% [16807 / 16807]
N([3, 6, 5, 2], 7) = 16660
> Progress: 100% [16807 / 16807]
N([3, 6, 5, 3], 7) = 16633
N([3, 6, 5, 4], 7) = 16657
N([3, 6, 5, 5], 7) = 16642
N([3, 6, 5, 6], 7) = 16659
> Progress: 100% [16807 / 16807]
N([3, 6, 6, 1], 7) = 16666
> Progress: 100% [16807 / 16807]
N([3, 6, 6, 2], 7) = 16659
> Progress: 100% [16807 / 16807]
N([3, 6, 6, 3], 7) = 16631
N([3, 6, 6, 4], 7) = 16657
N([3, 6, 6, 5], 7) = 16659
N([3, 6, 6, 6], 7) = 16647
> Progress: 100% [16807 / 16807]
N([4, 1, 1, 1], 7) = 16640
> Progress: 100% [16807 / 16807]
N([4, 1, 1, 2], 7) = 16658
> Progress: 100% [16807 / 16807]
N([4, 1, 1, 3], 7) = 16655
N([4, 1, 1, 4], 7) = 16631
N([4, 1, 1, 5], 7) = 16661
N([4, 1, 1, 6], 7) = 16665
> Progress: 100% [16807 / 16807]
N([4, 1, 2, 1], 7) = 16656
> Progress: 100% [16807 / 16807]
N([4, 1, 2, 2], 7) = 16651
> Progress: 100% [16807 / 16807]
N([4, 1, 2, 3], 7) = 16658
N([4, 1, 2, 4], 7) = 16633
N([4, 1, 2, 5], 7) = 16660
N([4, 1, 2, 6], 7) = 16664
> Progress: 100% [16807 / 16807]
N([4, 1, 3, 1], 7) = 16653
> Progress: 100% [16807 / 16807]
N([4, 1, 3, 2], 7) = 16656
> Progress: 100% [16807 / 16807]
N([4, 1, 3, 3], 7) = 16641
N([4, 1, 3, 4], 7) = 16632
N([4, 1, 3, 5], 7) = 16658
N([4, 1, 3, 6], 7) = 16662
> Progress: 100% [16807 / 16807]
N([4, 1, 4, 1], 7) = 16631
> Progress: 100% [16807 / 16807]
N([4, 1, 4, 2], 7) = 16640
> Progress: 100% [16807 / 16807]
N([4, 1, 4, 3], 7) = 16631
N([4, 1, 4, 4], 7) = 16574
N([4, 1, 4, 5], 7) = 16637
N([4, 1, 4, 6], 7) = 16641
> Progress: 100% [16807 / 16807]
N([4, 1, 5, 1], 7) = 16655
> Progress: 100% [16807 / 16807]
N([4, 1, 5, 2], 7) = 16659
> Progress: 100% [16807 / 16807]
N([4, 1, 5, 3], 7) = 16656
N([4, 1, 5, 4], 7) = 16635
N([4, 1, 5, 5], 7) = 16644
N([4, 1, 5, 6], 7) = 16666
> Progress: 100% [16807 / 16807]
N([4, 1, 6, 1], 7) = 16663
> Progress: 100% [16807 / 16807]
N([4, 1, 6, 2], 7) = 16667
> Progress: 100% [16807 / 16807]
N([4, 1, 6, 3], 7) = 16664
N([4, 1, 6, 4], 7) = 16642
N([4, 1, 6, 5], 7) = 16667
N([4, 1, 6, 6], 7) = 16663
> Progress: 100% [16807 / 16807]
N([4, 2, 1, 1], 7) = 16665
> Progress: 100% [16807 / 16807]
N([4, 2, 1, 2], 7) = 16640
> Progress: 100% [16807 / 16807]
N([4, 2, 1, 3], 7) = 16657
N([4, 2, 1, 4], 7) = 16633
N([4, 2, 1, 5], 7) = 16661
N([4, 2, 1, 6], 7) = 16665
> Progress: 100% [16807 / 16807]
N([4, 2, 2, 1], 7) = 16642
> Progress: 100% [16807 / 16807]
N([4, 2, 2, 2], 7) = 16587
> Progress: 100% [16807 / 16807]
N([4, 2, 2, 3], 7) = 16632
N([4, 2, 2, 4], 7) = 16609
N([4, 2, 2, 5], 7) = 16638
N([4, 2, 2, 6], 7) = 16642
> Progress: 100% [16807 / 16807]
N([4, 2, 3, 1], 7) = 16655
> Progress: 100% [16807 / 16807]
N([4, 2, 3, 2], 7) = 16630
> Progress: 100% [16807 / 16807]
N([4, 2, 3, 3], 7) = 16633
N([4, 2, 3, 4], 7) = 16624
N([4, 2, 3, 5], 7) = 16650
N([4, 2, 3, 6], 7) = 16654
> Progress: 100% [16807 / 16807]
N([4, 2, 4, 1], 7) = 16639
> Progress: 100% [16807 / 16807]
N([4, 2, 4, 2], 7) = 16609
> Progress: 100% [16807 / 16807]
N([4, 2, 4, 3], 7) = 16626
N([4, 2, 4, 4], 7) = 16565
N([4, 2, 4, 5], 7) = 16628
N([4, 2, 4, 6], 7) = 16632
> Progress: 100% [16807 / 16807]
N([4, 2, 5, 1], 7) = 16658
> Progress: 100% [16807 / 16807]
N([4, 2, 5, 2], 7) = 16633
> Progress: 100% [16807 / 16807]
N([4, 2, 5, 3], 7) = 16648
N([4, 2, 5, 4], 7) = 16627
N([4, 2, 5, 5], 7) = 16636
N([4, 2, 5, 6], 7) = 16658
> Progress: 100% [16807 / 16807]
N([4, 2, 6, 1], 7) = 16666
> Progress: 100% [16807 / 16807]
N([4, 2, 6, 2], 7) = 16641
N([4, 2, 6, 3], 7) = 16656
N([4, 2, 6, 4], 7) = 16634
N([4, 2, 6, 5], 7) = 16659
N([4, 2, 6, 6], 7) = 16655
> Progress: 100% [16807 / 16807]
N([4, 3, 1, 1], 7) = 16661
> Progress: 100% [16807 / 16807]
N([4, 3, 1, 2], 7) = 16656
> Progress: 100% [16807 / 16807]
N([4, 3, 1, 3], 7) = 16629
N([4, 3, 1, 4], 7) = 16631
N([4, 3, 1, 5], 7) = 16659
N([4, 3, 1, 6], 7) = 16663
> Progress: 100% [16807 / 16807]
N([4, 3, 2, 1], 7) = 16655
> Progress: 100% [16807 / 16807]
N([4, 3, 2, 2], 7) = 16639
> Progress: 100% [16807 / 16807]
N([4, 3, 2, 3], 7) = 16622
N([4, 3, 2, 4], 7) = 16623
N([4, 3, 2, 5], 7) = 16650
N([4, 3, 2, 6], 7) = 16654
> Progress: 100% [16807 / 16807]
N([4, 3, 3, 1], 7) = 16631
> Progress: 100% [16807 / 16807]
N([4, 3, 3, 2], 7) = 16624
> Progress: 100% [16807 / 16807]
N([4, 3, 3, 3], 7) = 16563
N([4, 3, 3, 4], 7) = 16600
N([4, 3, 3, 5], 7) = 16628
N([4, 3, 3, 6], 7) = 16632
> Progress: 100% [16807 / 16807]
N([4, 3, 4, 1], 7) = 16631
> Progress: 100% [16807 / 16807]
N([4, 3, 4, 2], 7) = 16627
> Progress: 100% [16807 / 16807]
N([4, 3, 4, 3], 7) = 16600
N([4, 3, 4, 4], 7) = 16563
N([4, 3, 4, 5], 7) = 16626
N([4, 3, 4, 6], 7) = 16630
> Progress: 100% [16807 / 16807]
N([4, 3, 5, 1], 7) = 16654
> Progress: 100% [16807 / 16807]
N([4, 3, 5, 2], 7) = 16647
N([4, 3, 5, 3], 7) = 16626
N([4, 3, 5, 4], 7) = 16623
N([4, 3, 5, 5], 7) = 16632
N([4, 3, 5, 6], 7) = 16654
> Progress: 100% [16807 / 16807]
N([4, 3, 6, 1], 7) = 16662
> Progress: 100% [16807 / 16807]
N([4, 3, 6, 2], 7) = 16655
N([4, 3, 6, 3], 7) = 16631
N([4, 3, 6, 4], 7) = 16630
N([4, 3, 6, 5], 7) = 16655
N([4, 3, 6, 6], 7) = 16651
> Progress: 100% [16807 / 16807]
N([4, 4, 1, 1], 7) = 16656
> Progress: 100% [16807 / 16807]
N([4, 4, 1, 2], 7) = 16635
> Progress: 100% [16807 / 16807]
N([4, 4, 1, 3], 7) = 16632
N([4, 4, 1, 4], 7) = 16579
N([4, 4, 1, 5], 7) = 16653
N([4, 4, 1, 6], 7) = 16657
> Progress: 100% [16807 / 16807]
N([4, 4, 2, 1], 7) = 16634
> Progress: 100% [16807 / 16807]
N([4, 4, 2, 2], 7) = 16618
> Progress: 100% [16807 / 16807]
N([4, 4, 2, 3], 7) = 16624
N([4, 4, 2, 4], 7) = 16556
N([4, 4, 2, 5], 7) = 16629
N([4, 4, 2, 6], 7) = 16633
> Progress: 100% [16807 / 16807]
N([4, 4, 3, 1], 7) = 16630
> Progress: 100% [16807 / 16807]
N([4, 4, 3, 2], 7) = 16623
> Progress: 100% [16807 / 16807]
N([4, 4, 3, 3], 7) = 16618
N([4, 4, 3, 4], 7) = 16561
N([4, 4, 3, 5], 7) = 16635
N([4, 4, 3, 6], 7) = 16639
> Progress: 100% [16807 / 16807]
N([4, 4, 4, 1], 7) = 16581
> Progress: 100% [16807 / 16807]
N([4, 4, 4, 2], 7) = 16558
N([4, 4, 4, 3], 7) = 16563
N([4, 4, 4, 4], 7) = 16423
N([4, 4, 4, 5], 7) = 16582
N([4, 4, 4, 6], 7) = 16586
> Progress: 100% [16807 / 16807]
N([4, 4, 5, 1], 7) = 16649
> Progress: 100% [16807 / 16807]
N([4, 4, 5, 2], 7) = 16626
N([4, 4, 5, 3], 7) = 16633
N([4, 4, 5, 4], 7) = 16564
N([4, 4, 5, 5], 7) = 16621
N([4, 4, 5, 6], 7) = 16643
> Progress: 100% [16807 / 16807]
N([4, 4, 6, 1], 7) = 16657
> Progress: 100% [16807 / 16807]
N([4, 4, 6, 2], 7) = 16634
N([4, 4, 6, 3], 7) = 16641
N([4, 4, 6, 4], 7) = 16573
N([4, 4, 6, 5], 7) = 16644
N([4, 4, 6, 6], 7) = 16640
> Progress: 100% [16807 / 16807]
N([4, 5, 1, 1], 7) = 16659
> Progress: 100% [16807 / 16807]
N([4, 5, 1, 2], 7) = 16659
> Progress: 100% [16807 / 16807]
N([4, 5, 1, 3], 7) = 16656
N([4, 5, 1, 4], 7) = 16633
N([4, 5, 1, 5], 7) = 16642
N([4, 5, 1, 6], 7) = 16665
> Progress: 100% [16807 / 16807]
N([4, 5, 2, 1], 7) = 16658
> Progress: 100% [16807 / 16807]
N([4, 5, 2, 2], 7) = 16633
> Progress: 100% [16807 / 16807]
N([4, 5, 2, 3], 7) = 16648
N([4, 5, 2, 4], 7) = 16627
N([4, 5, 2, 5], 7) = 16636
N([4, 5, 2, 6], 7) = 16658
> Progress: 100% [16807 / 16807]
N([4, 5, 3, 1], 7) = 16654
> Progress: 100% [16807 / 16807]
N([4, 5, 3, 2], 7) = 16647
N([4, 5, 3, 3], 7) = 16624
N([4, 5, 3, 4], 7) = 16625
N([4, 5, 3, 5], 7) = 16641
N([4, 5, 3, 6], 7) = 16654
> Progress: 100% [16807 / 16807]
N([4, 5, 4, 1], 7) = 16634
> Progress: 100% [16807 / 16807]
N([4, 5, 4, 2], 7) = 16625
N([4, 5, 4, 3], 7) = 16622
N([4, 5, 4, 4], 7) = 16556
N([4, 5, 4, 5], 7) = 16611
N([4, 5, 4, 6], 7) = 16635
> Progress: 100% [16807 / 16807]
N([4, 5, 5, 1], 7) = 16644
> Progress: 100% [16807 / 16807]
N([4, 5, 5, 2], 7) = 16637
N([4, 5, 5, 3], 7) = 16632
N([4, 5, 5, 4], 7) = 16625
N([4, 5, 5, 5], 7) = 16596
N([4, 5, 5, 6], 7) = 16642
> Progress: 100% [16807 / 16807]
N([4, 5, 6, 1], 7) = 16669
> Progress: 100% [16807 / 16807]
N([4, 5, 6, 2], 7) = 16659
N([4, 5, 6, 3], 7) = 16658
N([4, 5, 6, 4], 7) = 16633
N([4, 5, 6, 5], 7) = 16644
N([4, 5, 6, 6], 7) = 16671
> Progress: 100% [16807 / 16807]
N([4, 6, 1, 1], 7) = 16665
> Progress: 100% [16807 / 16807]
N([4, 6, 1, 2], 7) = 16666
> Progress: 100% [16807 / 16807]
N([4, 6, 1, 3], 7) = 16662
N([4, 6, 1, 4], 7) = 16642
N([4, 6, 1, 5], 7) = 16667
N([4, 6, 1, 6], 7) = 16661
> Progress: 100% [16807 / 16807]
N([4, 6, 2, 1], 7) = 16667
> Progress: 100% [16807 / 16807]
N([4, 6, 2, 2], 7) = 16642
N([4, 6, 2, 3], 7) = 16656
N([4, 6, 2, 4], 7) = 16635
N([4, 6, 2, 5], 7) = 16659
N([4, 6, 2, 6], 7) = 16656
> Progress: 100% [16807 / 16807]
N([4, 6, 3, 1], 7) = 16664
> Progress: 100% [16807 / 16807]
N([4, 6, 3, 2], 7) = 16656
N([4, 6, 3, 3], 7) = 16632
N([4, 6, 3, 4], 7) = 16633
N([4, 6, 3, 5], 7) = 16657
N([4, 6, 3, 6], 7) = 16661
> Progress: 100% [16807 / 16807]
N([4, 6, 4, 1], 7) = 16642
> Progress: 100% [16807 / 16807]
N([4, 6, 4, 2], 7) = 16634
N([4, 6, 4, 3], 7) = 16629
N([4, 6, 4, 4], 7) = 16565
N([4, 6, 4, 5], 7) = 16636
N([4, 6, 4, 6], 7) = 16630
> Progress: 100% [16807 / 16807]
N([4, 6, 5, 1], 7) = 16666
> Progress: 100% [16807 / 16807]
N([4, 6, 5, 2], 7) = 16658
N([4, 6, 5, 3], 7) = 16657
N([4, 6, 5, 4], 7) = 16634
N([4, 6, 5, 5], 7) = 16657
N([4, 6, 5, 6], 7) = 16664
> Progress: 100% [16807 / 16807]
N([4, 6, 6, 1], 7) = 16667
> Progress: 100% [16807 / 16807]
N([4, 6, 6, 2], 7) = 16660
N([4, 6, 6, 3], 7) = 16655
N([4, 6, 6, 4], 7) = 16647
N([4, 6, 6, 5], 7) = 16658
N([4, 6, 6, 6], 7) = 16646
> Progress: 100% [16807 / 16807]
N([5, 1, 1, 1], 7) = 16651
> Progress: 100% [16807 / 16807]
N([5, 1, 1, 2], 7) = 16663
N([5, 1, 1, 3], 7) = 16660
N([5, 1, 1, 4], 7) = 16659
N([5, 1, 1, 5], 7) = 16661
N([5, 1, 1, 6], 7) = 16668
> Progress: 100% [16807 / 16807]
N([5, 1, 2, 1], 7) = 16658
> Progress: 100% [16807 / 16807]
N([5, 1, 2, 2], 7) = 16643
N([5, 1, 2, 3], 7) = 16659
N([5, 1, 2, 4], 7) = 16659
N([5, 1, 2, 5], 7) = 16648
N([5, 1, 2, 6], 7) = 16668
> Progress: 100% [16807 / 16807]
N([5, 1, 3, 1], 7) = 16654
> Progress: 100% [16807 / 16807]
N([5, 1, 3, 2], 7) = 16658
N([5, 1, 3, 3], 7) = 16634
N([5, 1, 3, 4], 7) = 16656
N([5, 1, 3, 5], 7) = 16644
N([5, 1, 3, 6], 7) = 16665
> Progress: 100% [16807 / 16807]
N([5, 1, 4, 1], 7) = 16654
> Progress: 100% [16807 / 16807]
N([5, 1, 4, 2], 7) = 16658
N([5, 1, 4, 3], 7) = 16655
N([5, 1, 4, 4], 7) = 16635
N([5, 1, 4, 5], 7) = 16644
N([5, 1, 4, 6], 7) = 16665
> Progress: 100% [16807 / 16807]
N([5, 1, 5, 1], 7) = 16640
> Progress: 100% [16807 / 16807]
N([5, 1, 5, 2], 7) = 16647
N([5, 1, 5, 3], 7) = 16641
N([5, 1, 5, 4], 7) = 16643
N([5, 1, 5, 5], 7) = 16590
N([5, 1, 5, 6], 7) = 16652
> Progress: 100% [16807 / 16807]
N([5, 1, 6, 1], 7) = 16668
> Progress: 100% [16807 / 16807]
N([5, 1, 6, 2], 7) = 16671
N([5, 1, 6, 3], 7) = 16667
N([5, 1, 6, 4], 7) = 16667
N([5, 1, 6, 5], 7) = 16651
N([5, 1, 6, 6], 7) = 16684
> Progress: 100% [16807 / 16807]
N([5, 2, 1, 1], 7) = 16659
> Progress: 100% [16807 / 16807]
N([5, 2, 1, 2], 7) = 16644
N([5, 2, 1, 3], 7) = 16658
N([5, 2, 1, 4], 7) = 16660
N([5, 2, 1, 5], 7) = 16651
N([5, 2, 1, 6], 7) = 16669
> Progress: 100% [16807 / 16807]
N([5, 2, 2, 1], 7) = 16647
> Progress: 100% [16807 / 16807]
N([5, 2, 2, 2], 7) = 16598
N([5, 2, 2, 3], 7) = 16637
N([5, 2, 2, 4], 7) = 16636
N([5, 2, 2, 5], 7) = 16639
N([5, 2, 2, 6], 7) = 16645
> Progress: 100% [16807 / 16807]
N([5, 2, 3, 1], 7) = 16657
> Progress: 100% [16807 / 16807]
N([5, 2, 3, 2], 7) = 16632
N([5, 2, 3, 3], 7) = 16626
N([5, 2, 3, 4], 7) = 16648
N([5, 2, 3, 5], 7) = 16636
N([5, 2, 3, 6], 7) = 16657
> Progress: 100% [16807 / 16807]
N([5, 2, 4, 1], 7) = 16657
> Progress: 100% [16807 / 16807]
N([5, 2, 4, 2], 7) = 16632
N([5, 2, 4, 3], 7) = 16647
N([5, 2, 4, 4], 7) = 16627
N([5, 2, 4, 5], 7) = 16636
N([5, 2, 4, 6], 7) = 16657
> Progress: 100% [16807 / 16807]
N([5, 2, 5, 1], 7) = 16647
> Progress: 100% [16807 / 16807]
N([5, 2, 5, 2], 7) = 16618
N([5, 2, 5, 3], 7) = 16633
N([5, 2, 5, 4], 7) = 16634
N([5, 2, 5, 5], 7) = 16581
N([5, 2, 5, 6], 7) = 16643
> Progress: 100% [16807 / 16807]
N([5, 2, 6, 1], 7) = 16674
N([5, 2, 6, 2], 7) = 16647
N([5, 2, 6, 3], 7) = 16659
N([5, 2, 6, 4], 7) = 16659
N([5, 2, 6, 5], 7) = 16643
N([5, 2, 6, 6], 7) = 16676
> Progress: 100% [16807 / 16807]
N([5, 3, 1, 1], 7) = 16656
> Progress: 100% [16807 / 16807]
N([5, 3, 1, 2], 7) = 16658
N([5, 3, 1, 3], 7) = 16634
N([5, 3, 1, 4], 7) = 16658
N([5, 3, 1, 5], 7) = 16644
N([5, 3, 1, 6], 7) = 16667
> Progress: 100% [16807 / 16807]
N([5, 3, 2, 1], 7) = 16657
> Progress: 100% [16807 / 16807]
N([5, 3, 2, 2], 7) = 16633
N([5, 3, 2, 3], 7) = 16625
N([5, 3, 2, 4], 7) = 16648
N([5, 3, 2, 5], 7) = 16635
N([5, 3, 2, 6], 7) = 16657
> Progress: 100% [16807 / 16807]
N([5, 3, 3, 1], 7) = 16636
> Progress: 100% [16807 / 16807]
N([5, 3, 3, 2], 7) = 16629
N([5, 3, 3, 3], 7) = 16558
N([5, 3, 3, 4], 7) = 16626
N([5, 3, 3, 5], 7) = 16612
N([5, 3, 3, 6], 7) = 16635
> Progress: 100% [16807 / 16807]
N([5, 3, 4, 1], 7) = 16653
> Progress: 100% [16807 / 16807]
N([5, 3, 4, 2], 7) = 16646
N([5, 3, 4, 3], 7) = 16627
N([5, 3, 4, 4], 7) = 16623
N([5, 3, 4, 5], 7) = 16632
N([5, 3, 4, 6], 7) = 16653
> Progress: 100% [16807 / 16807]
N([5, 3, 5, 1], 7) = 16642
N([5, 3, 5, 2], 7) = 16632
N([5, 3, 5, 3], 7) = 16609
N([5, 3, 5, 4], 7) = 16632
N([5, 3, 5, 5], 7) = 16579
N([5, 3, 5, 6], 7) = 16641
> Progress: 100% [16807 / 16807]
N([5, 3, 6, 1], 7) = 16667
N([5, 3, 6, 2], 7) = 16658
N([5, 3, 6, 3], 7) = 16640
N([5, 3, 6, 4], 7) = 16657
N([5, 3, 6, 5], 7) = 16639
N([5, 3, 6, 6], 7) = 16654
> Progress: 100% [16807 / 16807]
N([5, 4, 1, 1], 7) = 16662
> Progress: 100% [16807 / 16807]
N([5, 4, 1, 2], 7) = 16658
N([5, 4, 1, 3], 7) = 16656
N([5, 4, 1, 4], 7) = 16634
N([5, 4, 1, 5], 7) = 16643
N([5, 4, 1, 6], 7) = 16666
> Progress: 100% [16807 / 16807]
N([5, 4, 2, 1], 7) = 16657
> Progress: 100% [16807 / 16807]
N([5, 4, 2, 2], 7) = 16633
N([5, 4, 2, 3], 7) = 16647
N([5, 4, 2, 4], 7) = 16626
N([5, 4, 2, 5], 7) = 16635
N([5, 4, 2, 6], 7) = 16657
> Progress: 100% [16807 / 16807]
N([5, 4, 3, 1], 7) = 16653
> Progress: 100% [16807 / 16807]
N([5, 4, 3, 2], 7) = 16646
N([5, 4, 3, 3], 7) = 16623
N([5, 4, 3, 4], 7) = 16624
N([5, 4, 3, 5], 7) = 16633
N([5, 4, 3, 6], 7) = 16654
> Progress: 100% [16807 / 16807]
N([5, 4, 4, 1], 7) = 16636
N([5, 4, 4, 2], 7) = 16629
N([5, 4, 4, 3], 7) = 16624
N([5, 4, 4, 4], 7) = 16572
N([5, 4, 4, 5], 7) = 16627
N([5, 4, 4, 6], 7) = 16634
> Progress: 100% [16807 / 16807]
N([5, 4, 5, 1], 7) = 16642
N([5, 4, 5, 2], 7) = 16632
N([5, 4, 5, 3], 7) = 16630
N([5, 4, 5, 4], 7) = 16609
N([5, 4, 5, 5], 7) = 16580
N([5, 4, 5, 6], 7) = 16640
> Progress: 100% [16807 / 16807]
N([5, 4, 6, 1], 7) = 16667
N([5, 4, 6, 2], 7) = 16658
N([5, 4, 6, 3], 7) = 16656
N([5, 4, 6, 4], 7) = 16640
N([5, 4, 6, 5], 7) = 16639
N([5, 4, 6, 6], 7) = 16670
> Progress: 100% [16807 / 16807]
N([5, 5, 1, 1], 7) = 16656
> Progress: 100% [16807 / 16807]
N([5, 5, 1, 2], 7) = 16662
N([5, 5, 1, 3], 7) = 16642
N([5, 5, 1, 4], 7) = 16658
N([5, 5, 1, 5], 7) = 16606
N([5, 5, 1, 6], 7) = 16667
> Progress: 100% [16807 / 16807]
N([5, 5, 2, 1], 7) = 16661
> Progress: 100% [16807 / 16807]
N([5, 5, 2, 2], 7) = 16618
N([5, 5, 2, 3], 7) = 16633
N([5, 5, 2, 4], 7) = 16634
N([5, 5, 2, 5], 7) = 16583
N([5, 5, 2, 6], 7) = 16643
> Progress: 100% [16807 / 16807]
N([5, 5, 3, 1], 7) = 16639
N([5, 5, 3, 2], 7) = 16633
N([5, 5, 3, 3], 7) = 16618
N([5, 5, 3, 4], 7) = 16640
N([5, 5, 3, 5], 7) = 16588
N([5, 5, 3, 6], 7) = 16649
> Progress: 100% [16807 / 16807]
N([5, 5, 4, 1], 7) = 16655
N([5, 5, 4, 2], 7) = 16633
N([5, 5, 4, 3], 7) = 16639
N([5, 5, 4, 4], 7) = 16619
N([5, 5, 4, 5], 7) = 16588
N([5, 5, 4, 6], 7) = 16649
> Progress: 100% [16807 / 16807]
N([5, 5, 5, 1], 7) = 16621
N([5, 5, 5, 2], 7) = 16598
N([5, 5, 5, 3], 7) = 16587
N([5, 5, 5, 4], 7) = 16602
N([5, 5, 5, 5], 7) = 16487
N([5, 5, 5, 6], 7) = 16611
> Progress: 100% [16807 / 16807]
N([5, 5, 6, 1], 7) = 16667
N([5, 5, 6, 2], 7) = 16643
N([5, 5, 6, 3], 7) = 16651
N([5, 5, 6, 4], 7) = 16651
N([5, 5, 6, 5], 7) = 16597
N([5, 5, 6, 6], 7) = 16668
> Progress: 100% [16807 / 16807]
N([5, 6, 1, 1], 7) = 16673
> Progress: 100% [16807 / 16807]
N([5, 6, 1, 2], 7) = 16669
N([5, 6, 1, 3], 7) = 16666
N([5, 6, 1, 4], 7) = 16666
N([5, 6, 1, 5], 7) = 16652
N([5, 6, 1, 6], 7) = 16665
> Progress: 100% [16807 / 16807]
N([5, 6, 2, 1], 7) = 16670
N([5, 6, 2, 2], 7) = 16662
N([5, 6, 2, 3], 7) = 16659
N([5, 6, 2, 4], 7) = 16659
N([5, 6, 2, 5], 7) = 16644
N([5, 6, 2, 6], 7) = 16661
> Progress: 100% [16807 / 16807]
N([5, 6, 3, 1], 7) = 16665
N([5, 6, 3, 2], 7) = 16658
N([5, 6, 3, 3], 7) = 16635
N([5, 6, 3, 4], 7) = 16655
N([5, 6, 3, 5], 7) = 16642
N([5, 6, 3, 6], 7) = 16659
> Progress: 100% [16807 / 16807]
N([5, 6, 4, 1], 7) = 16665
N([5, 6, 4, 2], 7) = 16658
N([5, 6, 4, 3], 7) = 16656
N([5, 6, 4, 4], 7) = 16650
N([5, 6, 4, 5], 7) = 16643
N([5, 6, 4, 6], 7) = 16665
> Progress: 100% [16807 / 16807]
N([5, 6, 5, 1], 7) = 16651
N([5, 6, 5, 2], 7) = 16644
N([5, 6, 5, 3], 7) = 16640
N([5, 6, 5, 4], 7) = 16640
N([5, 6, 5, 5], 7) = 16605
N([5, 6, 5, 6], 7) = 16642
> Progress: 100% [16807 / 16807]
N([5, 6, 6, 1], 7) = 16684
N([5, 6, 6, 2], 7) = 16663
N([5, 6, 6, 3], 7) = 16658
N([5, 6, 6, 4], 7) = 16658
N([5, 6, 6, 5], 7) = 16656
N([5, 6, 6, 6], 7) = 16667
> Progress: 100% [16807 / 16807]
N([6, 1, 1, 1], 7) = 16674
N([6, 1, 1, 2], 7) = 16684
N([6, 1, 1, 3], 7) = 16667
N([6, 1, 1, 4], 7) = 16666
N([6, 1, 1, 5], 7) = 16668
N([6, 1, 1, 6], 7) = 16680
> Progress: 100% [16807 / 16807]
N([6, 1, 2, 1], 7) = 16670
N([6, 1, 2, 2], 7) = 16667
N([6, 1, 2, 3], 7) = 16669
N([6, 1, 2, 4], 7) = 16667
N([6, 1, 2, 5], 7) = 16669
N([6, 1, 2, 6], 7) = 16668
> Progress: 100% [16807 / 16807]
N([6, 1, 3, 1], 7) = 16667
N([6, 1, 3, 2], 7) = 16667
N([6, 1, 3, 3], 7) = 16657
N([6, 1, 3, 4], 7) = 16663
N([6, 1, 3, 5], 7) = 16665
N([6, 1, 3, 6], 7) = 16663
> Progress: 100% [16807 / 16807]
N([6, 1, 4, 1], 7) = 16666
N([6, 1, 4, 2], 7) = 16667
N([6, 1, 4, 3], 7) = 16662
N([6, 1, 4, 4], 7) = 16642
N([6, 1, 4, 5], 7) = 16665
N([6, 1, 4, 6], 7) = 16663
> Progress: 100% [16807 / 16807]
N([6, 1, 5, 1], 7) = 16668
N([6, 1, 5, 2], 7) = 16674
N([6, 1, 5, 3], 7) = 16666
N([6, 1, 5, 4], 7) = 16666
N([6, 1, 5, 5], 7) = 16669
N([6, 1, 5, 6], 7) = 16668
> Progress: 100% [16807 / 16807]
N([6, 1, 6, 1], 7) = 16662
N([6, 1, 6, 2], 7) = 16668
N([6, 1, 6, 3], 7) = 16663
N([6, 1, 6, 4], 7) = 16666
N([6, 1, 6, 5], 7) = 16668
N([6, 1, 6, 6], 7) = 16656
> Progress: 100% [16807 / 16807]
N([6, 2, 1, 1], 7) = 16668
N([6, 2, 1, 2], 7) = 16651
N([6, 2, 1, 3], 7) = 16666
N([6, 2, 1, 4], 7) = 16668
N([6, 2, 1, 5], 7) = 16670
N([6, 2, 1, 6], 7) = 16671
> Progress: 100% [16807 / 16807]
N([6, 2, 2, 1], 7) = 16667
N([6, 2, 2, 2], 7) = 16621
N([6, 2, 2, 3], 7) = 16644
N([6, 2, 2, 4], 7) = 16643
N([6, 2, 2, 5], 7) = 16645
N([6, 2, 2, 6], 7) = 16658
> Progress: 100% [16807 / 16807]
N([6, 2, 3, 1], 7) = 16667
N([6, 2, 3, 2], 7) = 16642
N([6, 2, 3, 3], 7) = 16649
N([6, 2, 3, 4], 7) = 16655
N([6, 2, 3, 5], 7) = 16657
N([6, 2, 3, 6], 7) = 16655
> Progress: 100% [16807 / 16807]
N([6, 2, 4, 1], 7) = 16665
N([6, 2, 4, 2], 7) = 16642
N([6, 2, 4, 3], 7) = 16654
N([6, 2, 4, 4], 7) = 16634
N([6, 2, 4, 5], 7) = 16657
N([6, 2, 4, 6], 7) = 16655
> Progress: 100% [16807 / 16807]
N([6, 2, 5, 1], 7) = 16671
N([6, 2, 5, 2], 7) = 16647
N([6, 2, 5, 3], 7) = 16658
N([6, 2, 5, 4], 7) = 16658
N([6, 2, 5, 5], 7) = 16661
N([6, 2, 5, 6], 7) = 16658
N([6, 2, 6, 1], 7) = 16668
N([6, 2, 6, 2], 7) = 16640
N([6, 2, 6, 3], 7) = 16655
N([6, 2, 6, 4], 7) = 16657
N([6, 2, 6, 5], 7) = 16659
N([6, 2, 6, 6], 7) = 16647
> Progress: 100% [16807 / 16807]
N([6, 3, 1, 1], 7) = 16665
N([6, 3, 1, 2], 7) = 16665
N([6, 3, 1, 3], 7) = 16642
N([6, 3, 1, 4], 7) = 16666
N([6, 3, 1, 5], 7) = 16668
N([6, 3, 1, 6], 7) = 16664
> Progress: 100% [16807 / 16807]
N([6, 3, 2, 1], 7) = 16666
N([6, 3, 2, 2], 7) = 16655
N([6, 3, 2, 3], 7) = 16634
N([6, 3, 2, 4], 7) = 16655
N([6, 3, 2, 5], 7) = 16657
N([6, 3, 2, 6], 7) = 16654
> Progress: 100% [16807 / 16807]
N([6, 3, 3, 1], 7) = 16657
N([6, 3, 3, 2], 7) = 16636
N([6, 3, 3, 3], 7) = 16581
N([6, 3, 3, 4], 7) = 16633
N([6, 3, 3, 5], 7) = 16635
N([6, 3, 3, 6], 7) = 16631
> Progress: 100% [16807 / 16807]
N([6, 3, 4, 1], 7) = 16662
N([6, 3, 4, 2], 7) = 16653
N([6, 3, 4, 3], 7) = 16631
N([6, 3, 4, 4], 7) = 16630
N([6, 3, 4, 5], 7) = 16653
N([6, 3, 4, 6], 7) = 16651
N([6, 3, 5, 1], 7) = 16665
N([6, 3, 5, 2], 7) = 16657
N([6, 3, 5, 3], 7) = 16639
N([6, 3, 5, 4], 7) = 16656
N([6, 3, 5, 5], 7) = 16639
N([6, 3, 5, 6], 7) = 16654
N([6, 3, 6, 1], 7) = 16666
N([6, 3, 6, 2], 7) = 16654
N([6, 3, 6, 3], 7) = 16631
N([6, 3, 6, 4], 7) = 16655
N([6, 3, 6, 5], 7) = 16657
N([6, 3, 6, 6], 7) = 16645
> Progress: 100% [16807 / 16807]
N([6, 4, 1, 1], 7) = 16665
N([6, 4, 1, 2], 7) = 16665
N([6, 4, 1, 3], 7) = 16664
N([6, 4, 1, 4], 7) = 16642
N([6, 4, 1, 5], 7) = 16669
N([6, 4, 1, 6], 7) = 16663
> Progress: 100% [16807 / 16807]
N([6, 4, 2, 1], 7) = 16667
N([6, 4, 2, 2], 7) = 16639
N([6, 4, 2, 3], 7) = 16654
N([6, 4, 2, 4], 7) = 16635
N([6, 4, 2, 5], 7) = 16657
N([6, 4, 2, 6], 7) = 16654
> Progress: 100% [16807 / 16807]
N([6, 4, 3, 1], 7) = 16663
N([6, 4, 3, 2], 7) = 16653
N([6, 4, 3, 3], 7) = 16630
N([6, 4, 3, 4], 7) = 16633
N([6, 4, 3, 5], 7) = 16655
N([6, 4, 3, 6], 7) = 16652
N([6, 4, 4, 1], 7) = 16657
N([6, 4, 4, 2], 7) = 16636
N([6, 4, 4, 3], 7) = 16631
N([6, 4, 4, 4], 7) = 16581
N([6, 4, 4, 5], 7) = 16634
N([6, 4, 4, 6], 7) = 16646
N([6, 4, 5, 1], 7) = 16667
N([6, 4, 5, 2], 7) = 16657
N([6, 4, 5, 3], 7) = 16655
N([6, 4, 5, 4], 7) = 16639
N([6, 4, 5, 5], 7) = 16655
N([6, 4, 5, 6], 7) = 16656
N([6, 4, 6, 1], 7) = 16667
N([6, 4, 6, 2], 7) = 16654
N([6, 4, 6, 3], 7) = 16653
N([6, 4, 6, 4], 7) = 16631
N([6, 4, 6, 5], 7) = 16659
N([6, 4, 6, 6], 7) = 16630
> Progress: 100% [16807 / 16807]
N([6, 5, 1, 1], 7) = 16674
N([6, 5, 1, 2], 7) = 16670
N([6, 5, 1, 3], 7) = 16667
N([6, 5, 1, 4], 7) = 16667
N([6, 5, 1, 5], 7) = 16651
N([6, 5, 1, 6], 7) = 16668
> Progress: 100% [16807 / 16807]
N([6, 5, 2, 1], 7) = 16669
N([6, 5, 2, 2], 7) = 16661
N([6, 5, 2, 3], 7) = 16658
N([6, 5, 2, 4], 7) = 16658
N([6, 5, 2, 5], 7) = 16645
N([6, 5, 2, 6], 7) = 16658
N([6, 5, 3, 1], 7) = 16667
N([6, 5, 3, 2], 7) = 16657
N([6, 5, 3, 3], 7) = 16634
N([6, 5, 3, 4], 7) = 16654
N([6, 5, 3, 5], 7) = 16643
N([6, 5, 3, 6], 7) = 16656
N([6, 5, 4, 1], 7) = 16666
N([6, 5, 4, 2], 7) = 16657
N([6, 5, 4, 3], 7) = 16655
N([6, 5, 4, 4], 7) = 16649
N([6, 5, 4, 5], 7) = 16644
N([6, 5, 4, 6], 7) = 16657
N([6, 5, 5, 1], 7) = 16667
N([6, 5, 5, 2], 7) = 16647
N([6, 5, 5, 3], 7) = 16642
N([6, 5, 5, 4], 7) = 16642
N([6, 5, 5, 5], 7) = 16621
N([6, 5, 5, 6], 7) = 16656
N([6, 5, 6, 1], 7) = 16670
N([6, 5, 6, 2], 7) = 16658
N([6, 5, 6, 3], 7) = 16656
N([6, 5, 6, 4], 7) = 16662
N([6, 5, 6, 5], 7) = 16643
N([6, 5, 6, 6], 7) = 16651
> Progress: 100% [16807 / 16807]
N([6, 6, 1, 1], 7) = 16694
N([6, 6, 1, 2], 7) = 16673
N([6, 6, 1, 3], 7) = 16665
N([6, 6, 1, 4], 7) = 16680
N([6, 6, 1, 5], 7) = 16682
N([6, 6, 1, 6], 7) = 16656
N([6, 6, 2, 1], 7) = 16674
N([6, 6, 2, 2], 7) = 16656
N([6, 6, 2, 3], 7) = 16659
N([6, 6, 2, 4], 7) = 16656
N([6, 6, 2, 5], 7) = 16658
N([6, 6, 2, 6], 7) = 16633
N([6, 6, 3, 1], 7) = 16665
N([6, 6, 3, 2], 7) = 16662
N([6, 6, 3, 3], 7) = 16656
N([6, 6, 3, 4], 7) = 16662
N([6, 6, 3, 5], 7) = 16664
N([6, 6, 3, 6], 7) = 16638
N([6, 6, 4, 1], 7) = 16665
N([6, 6, 4, 2], 7) = 16656
N([6, 6, 4, 3], 7) = 16661
N([6, 6, 4, 4], 7) = 16641
N([6, 6, 4, 5], 7) = 16664
N([6, 6, 4, 6], 7) = 16638
N([6, 6, 5, 1], 7) = 16668
N([6, 6, 5, 2], 7) = 16659
N([6, 6, 5, 3], 7) = 16665
N([6, 6, 5, 4], 7) = 16665
N([6, 6, 5, 5], 7) = 16668
N([6, 6, 5, 6], 7) = 16643
N([6, 6, 6, 1], 7) = 16674
N([6, 6, 6, 2], 7) = 16651
N([6, 6, 6, 3], 7) = 16640
N([6, 6, 6, 4], 7) = 16655
N([6, 6, 6, 5], 7) = 16657
N([6, 6, 6, 6], 7) = 16615
N([1, 1, 1, 1, 1], 7) = 16806
N([1, 1, 1, 1, 2], 7) = 16806
N([1, 1, 1, 1, 3], 7) = 16806
N([1, 1, 1, 1, 4], 7) = 16806
N([1, 1, 1, 1, 5], 7) = 16806
N([1, 1, 1, 1, 6], 7) = 16806
N([1, 1, 1, 1, 7], 7) = 16806
N([1, 1, 1, 2, 1], 7) = 16806
N([1, 1, 1, 2, 2], 7) = 16806
N([1, 1, 1, 2, 3], 7) = 16806
N([1, 1, 1, 2, 4], 7) = 16806
N([1, 1, 1, 2, 5], 7) = 16806
N([1, 1, 1, 2, 6], 7) = 16806
N([1, 1, 1, 2, 7], 7) = 16806
N([1, 1, 1, 3, 1], 7) = 16806
N([1, 1, 1, 3, 2], 7) = 16806
N([1, 1, 1, 3, 3], 7) = 16806
N([1, 1, 1, 3, 4], 7) = 16806
N([1, 1, 1, 3, 5], 7) = 16806
N([1, 1, 1, 3, 6], 7) = 16806
N([1, 1, 1, 3, 7], 7) = 16806
N([1, 1, 1, 4, 1], 7) = 16806
N([1, 1, 1, 4, 2], 7) = 16806
N([1, 1, 1, 4, 3], 7) = 16806
N([1, 1, 1, 4, 4], 7) = 16806
N([1, 1, 1, 4, 5], 7) = 16806
N([1, 1, 1, 4, 6], 7) = 16806
N([1, 1, 1, 4, 7], 7) = 16806
N([1, 1, 1, 5, 1], 7) = 16806
N([1, 1, 1, 5, 2], 7) = 16806
N([1, 1, 1, 5, 3], 7) = 16806
N([1, 1, 1, 5, 4], 7) = 16806
N([1, 1, 1, 5, 5], 7) = 16806
N([1, 1, 1, 5, 6], 7) = 16806
N([1, 1, 1, 5, 7], 7) = 16806
N([1, 1, 1, 6, 1], 7) = 16806
N([1, 1, 1, 6, 2], 7) = 16806
N([1, 1, 1, 6, 3], 7) = 16806
N([1, 1, 1, 6, 4], 7) = 16806
N([1, 1, 1, 6, 5], 7) = 16806
N([1, 1, 1, 6, 6], 7) = 16806
N([1, 1, 1, 6, 7], 7) = 16806
N([1, 1, 1, 7, 1], 7) = 16806
N([1, 1, 1, 7, 2], 7) = 16806
N([1, 1, 1, 7, 3], 7) = 16806
N([1, 1, 1, 7, 4], 7) = 16806
N([1, 1, 1, 7, 5], 7) = 16806
N([1, 1, 1, 7, 6], 7) = 16806
N([1, 1, 1, 7, 7], 7) = 16806
N([1, 1, 2, 1, 1], 7) = 16806
N([1, 1, 2, 1, 2], 7) = 16806
N([1, 1, 2, 1, 3], 7) = 16806
N([1, 1, 2, 1, 4], 7) = 16806
N([1, 1, 2, 1, 5], 7) = 16806
N([1, 1, 2, 1, 6], 7) = 16806
N([1, 1, 2, 1, 7], 7) = 16806
N([1, 1, 2, 2, 1], 7) = 16806
N([1, 1, 2, 2, 2], 7) = 16806
N([1, 1, 2, 2, 3], 7) = 16806
N([1, 1, 2, 2, 4], 7) = 16806
N([1, 1, 2, 2, 5], 7) = 16806
N([1, 1, 2, 2, 6], 7) = 16806
N([1, 1, 2, 2, 7], 7) = 16806
N([1, 1, 2, 3, 1], 7) = 16806
N([1, 1, 2, 3, 2], 7) = 16806
N([1, 1, 2, 3, 3], 7) = 16806
N([1, 1, 2, 3, 4], 7) = 16806
N([1, 1, 2, 3, 5], 7) = 16806
N([1, 1, 2, 3, 6], 7) = 16806
N([1, 1, 2, 3, 7], 7) = 16806
N([1, 1, 2, 4, 1], 7) = 16806
N([1, 1, 2, 4, 2], 7) = 16806
N([1, 1, 2, 4, 3], 7) = 16806
N([1, 1, 2, 4, 4], 7) = 16806
N([1, 1, 2, 4, 5], 7) = 16806
N([1, 1, 2, 4, 6], 7) = 16806
N([1, 1, 2, 4, 7], 7) = 16806
N([1, 1, 2, 5, 1], 7) = 16806
N([1, 1, 2, 5, 2], 7) = 16806
N([1, 1, 2, 5, 3], 7) = 16806
N([1, 1, 2, 5, 4], 7) = 16806
N([1, 1, 2, 5, 5], 7) = 16806
N([1, 1, 2, 5, 6], 7) = 16806
N([1, 1, 2, 5, 7], 7) = 16806
N([1, 1, 2, 6, 1], 7) = 16806
N([1, 1, 2, 6, 2], 7) = 16806
N([1, 1, 2, 6, 3], 7) = 16806
N([1, 1, 2, 6, 4], 7) = 16806
N([1, 1, 2, 6, 5], 7) = 16806
N([1, 1, 2, 6, 6], 7) = 16806
N([1, 1, 2, 6, 7], 7) = 16806
N([1, 1, 2, 7, 1], 7) = 16806
N([1, 1, 2, 7, 2], 7) = 16806
N([1, 1, 2, 7, 3], 7) = 16806
N([1, 1, 2, 7, 4], 7) = 16806
N([1, 1, 2, 7, 5], 7) = 16806
N([1, 1, 2, 7, 6], 7) = 16806
N([1, 1, 2, 7, 7], 7) = 16806
N([1, 1, 3, 1, 1], 7) = 16806
N([1, 1, 3, 1, 2], 7) = 16806
N([1, 1, 3, 1, 3], 7) = 16806
N([1, 1, 3, 1, 4], 7) = 16806
N([1, 1, 3, 1, 5], 7) = 16806
N([1, 1, 3, 1, 6], 7) = 16806
N([1, 1, 3, 1, 7], 7) = 16806
N([1, 1, 3, 2, 1], 7) = 16806
N([1, 1, 3, 2, 2], 7) = 16806
N([1, 1, 3, 2, 3], 7) = 16806
N([1, 1, 3, 2, 4], 7) = 16806
N([1, 1, 3, 2, 5], 7) = 16806
N([1, 1, 3, 2, 6], 7) = 16806
N([1, 1, 3, 2, 7], 7) = 16806
N([1, 1, 3, 3, 1], 7) = 16806
N([1, 1, 3, 3, 2], 7) = 16806
N([1, 1, 3, 3, 3], 7) = 16806
N([1, 1, 3, 3, 4], 7) = 16806
N([1, 1, 3, 3, 5], 7) = 16806
N([1, 1, 3, 3, 6], 7) = 16806
N([1, 1, 3, 3, 7], 7) = 16806
N([1, 1, 3, 4, 1], 7) = 16806
N([1, 1, 3, 4, 2], 7) = 16806
N([1, 1, 3, 4, 3], 7) = 16806
N([1, 1, 3, 4, 4], 7) = 16806
N([1, 1, 3, 4, 5], 7) = 16806
N([1, 1, 3, 4, 6], 7) = 16806
N([1, 1, 3, 4, 7], 7) = 16806
N([1, 1, 3, 5, 1], 7) = 16806
N([1, 1, 3, 5, 2], 7) = 16806
N([1, 1, 3, 5, 3], 7) = 16806
N([1, 1, 3, 5, 4], 7) = 16806
N([1, 1, 3, 5, 5], 7) = 16806
N([1, 1, 3, 5, 6], 7) = 16806
N([1, 1, 3, 5, 7], 7) = 16806
N([1, 1, 3, 6, 1], 7) = 16806
N([1, 1, 3, 6, 2], 7) = 16806
N([1, 1, 3, 6, 3], 7) = 16806
N([1, 1, 3, 6, 4], 7) = 16806
N([1, 1, 3, 6, 5], 7) = 16806
N([1, 1, 3, 6, 6], 7) = 16806
N([1, 1, 3, 6, 7], 7) = 16806
N([1, 1, 3, 7, 1], 7) = 16806
N([1, 1, 3, 7, 2], 7) = 16806
N([1, 1, 3, 7, 3], 7) = 16806
N([1, 1, 3, 7, 4], 7) = 16806
N([1, 1, 3, 7, 5], 7) = 16806
N([1, 1, 3, 7, 6], 7) = 16806
N([1, 1, 3, 7, 7], 7) = 16806
N([1, 1, 4, 1, 1], 7) = 16806
N([1, 1, 4, 1, 2], 7) = 16806
N([1, 1, 4, 1, 3], 7) = 16806
N([1, 1, 4, 1, 4], 7) = 16806
N([1, 1, 4, 1, 5], 7) = 16806
N([1, 1, 4, 1, 6], 7) = 16806
N([1, 1, 4, 1, 7], 7) = 16806
N([1, 1, 4, 2, 1], 7) = 16806
N([1, 1, 4, 2, 2], 7) = 16806
N([1, 1, 4, 2, 3], 7) = 16806
N([1, 1, 4, 2, 4], 7) = 16806
N([1, 1, 4, 2, 5], 7) = 16806
N([1, 1, 4, 2, 6], 7) = 16806
N([1, 1, 4, 2, 7], 7) = 16806
N([1, 1, 4, 3, 1], 7) = 16806
N([1, 1, 4, 3, 2], 7) = 16806
N([1, 1, 4, 3, 3], 7) = 16806
N([1, 1, 4, 3, 4], 7) = 16806
N([1, 1, 4, 3, 5], 7) = 16806
N([1, 1, 4, 3, 6], 7) = 16806
N([1, 1, 4, 3, 7], 7) = 16806
N([1, 1, 4, 4, 1], 7) = 16806
N([1, 1, 4, 4, 2], 7) = 16806
N([1, 1, 4, 4, 3], 7) = 16806
N([1, 1, 4, 4, 4], 7) = 16806
N([1, 1, 4, 4, 5], 7) = 16806
N([1, 1, 4, 4, 6], 7) = 16806
N([1, 1, 4, 4, 7], 7) = 16806
N([1, 1, 4, 5, 1], 7) = 16806
N([1, 1, 4, 5, 2], 7) = 16806
N([1, 1, 4, 5, 3], 7) = 16806
N([1, 1, 4, 5, 4], 7) = 16806
N([1, 1, 4, 5, 5], 7) = 16806
N([1, 1, 4, 5, 6], 7) = 16806
N([1, 1, 4, 5, 7], 7) = 16806
N([1, 1, 4, 6, 1], 7) = 16806
N([1, 1, 4, 6, 2], 7) = 16806
N([1, 1, 4, 6, 3], 7) = 16806
N([1, 1, 4, 6, 4], 7) = 16806
N([1, 1, 4, 6, 5], 7) = 16806
N([1, 1, 4, 6, 6], 7) = 16806
N([1, 1, 4, 6, 7], 7) = 16806
N([1, 1, 4, 7, 1], 7) = 16806
N([1, 1, 4, 7, 2], 7) = 16806
N([1, 1, 4, 7, 3], 7) = 16806
N([1, 1, 4, 7, 4], 7) = 16806
N([1, 1, 4, 7, 5], 7) = 16806
N([1, 1, 4, 7, 6], 7) = 16806
N([1, 1, 4, 7, 7], 7) = 16806
N([1, 1, 5, 1, 1], 7) = 16806
N([1, 1, 5, 1, 2], 7) = 16806
N([1, 1, 5, 1, 3], 7) = 16806
N([1, 1, 5, 1, 4], 7) = 16806
N([1, 1, 5, 1, 5], 7) = 16806
N([1, 1, 5, 1, 6], 7) = 16806
N([1, 1, 5, 1, 7], 7) = 16806
N([1, 1, 5, 2, 1], 7) = 16806
N([1, 1, 5, 2, 2], 7) = 16806
N([1, 1, 5, 2, 3], 7) = 16806
N([1, 1, 5, 2, 4], 7) = 16806
N([1, 1, 5, 2, 5], 7) = 16806
N([1, 1, 5, 2, 6], 7) = 16806
N([1, 1, 5, 2, 7], 7) = 16806
N([1, 1, 5, 3, 1], 7) = 16806
N([1, 1, 5, 3, 2], 7) = 16806
N([1, 1, 5, 3, 3], 7) = 16806
N([1, 1, 5, 3, 4], 7) = 16806
N([1, 1, 5, 3, 5], 7) = 16806
N([1, 1, 5, 3, 6], 7) = 16806
N([1, 1, 5, 3, 7], 7) = 16806
N([1, 1, 5, 4, 1], 7) = 16806
N([1, 1, 5, 4, 2], 7) = 16806
N([1, 1, 5, 4, 3], 7) = 16806
N([1, 1, 5, 4, 4], 7) = 16806
N([1, 1, 5, 4, 5], 7) = 16806
N([1, 1, 5, 4, 6], 7) = 16806
N([1, 1, 5, 4, 7], 7) = 16806
N([1, 1, 5, 5, 1], 7) = 16806
N([1, 1, 5, 5, 2], 7) = 16806
N([1, 1, 5, 5, 3], 7) = 16806
N([1, 1, 5, 5, 4], 7) = 16806
N([1, 1, 5, 5, 5], 7) = 16806
N([1, 1, 5, 5, 6], 7) = 16806
N([1, 1, 5, 5, 7], 7) = 16806
N([1, 1, 5, 6, 1], 7) = 16806
N([1, 1, 5, 6, 2], 7) = 16806
N([1, 1, 5, 6, 3], 7) = 16806
N([1, 1, 5, 6, 4], 7) = 16806
N([1, 1, 5, 6, 5], 7) = 16806
N([1, 1, 5, 6, 6], 7) = 16806
N([1, 1, 5, 6, 7], 7) = 16806
N([1, 1, 5, 7, 1], 7) = 16806
N([1, 1, 5, 7, 2], 7) = 16806
N([1, 1, 5, 7, 3], 7) = 16806
N([1, 1, 5, 7, 4], 7) = 16806
N([1, 1, 5, 7, 5], 7) = 16806
N([1, 1, 5, 7, 6], 7) = 16806
N([1, 1, 5, 7, 7], 7) = 16806
N([1, 1, 6, 1, 1], 7) = 16806
N([1, 1, 6, 1, 2], 7) = 16806
N([1, 1, 6, 1, 3], 7) = 16806
N([1, 1, 6, 1, 4], 7) = 16806
N([1, 1, 6, 1, 5], 7) = 16806
N([1, 1, 6, 1, 6], 7) = 16806
N([1, 1, 6, 1, 7], 7) = 16806
N([1, 1, 6, 2, 1], 7) = 16806
N([1, 1, 6, 2, 2], 7) = 16806
N([1, 1, 6, 2, 3], 7) = 16806
N([1, 1, 6, 2, 4], 7) = 16806
N([1, 1, 6, 2, 5], 7) = 16806
N([1, 1, 6, 2, 6], 7) = 16806
N([1, 1, 6, 2, 7], 7) = 16806
N([1, 1, 6, 3, 1], 7) = 16806
N([1, 1, 6, 3, 2], 7) = 16806
N([1, 1, 6, 3, 3], 7) = 16806
N([1, 1, 6, 3, 4], 7) = 16806
N([1, 1, 6, 3, 5], 7) = 16806
N([1, 1, 6, 3, 6], 7) = 16806
N([1, 1, 6, 3, 7], 7) = 16806
N([1, 1, 6, 4, 1], 7) = 16806
N([1, 1, 6, 4, 2], 7) = 16806
N([1, 1, 6, 4, 3], 7) = 16806
N([1, 1, 6, 4, 4], 7) = 16806
N([1, 1, 6, 4, 5], 7) = 16806
N([1, 1, 6, 4, 6], 7) = 16806
N([1, 1, 6, 4, 7], 7) = 16806
N([1, 1, 6, 5, 1], 7) = 16806
N([1, 1, 6, 5, 2], 7) = 16806
N([1, 1, 6, 5, 3], 7) = 16806
N([1, 1, 6, 5, 4], 7) = 16806
N([1, 1, 6, 5, 5], 7) = 16806
N([1, 1, 6, 5, 6], 7) = 16806
N([1, 1, 6, 5, 7], 7) = 16806
N([1, 1, 6, 6, 1], 7) = 16806
N([1, 1, 6, 6, 2], 7) = 16806
N([1, 1, 6, 6, 3], 7) = 16806
N([1, 1, 6, 6, 4], 7) = 16806
N([1, 1, 6, 6, 5], 7) = 16806
N([1, 1, 6, 6, 6], 7) = 16806
N([1, 1, 6, 6, 7], 7) = 16806
N([1, 1, 6, 7, 1], 7) = 16806
N([1, 1, 6, 7, 2], 7) = 16806
N([1, 1, 6, 7, 3], 7) = 16806
N([1, 1, 6, 7, 4], 7) = 16806
N([1, 1, 6, 7, 5], 7) = 16806
N([1, 1, 6, 7, 6], 7) = 16806
N([1, 1, 6, 7, 7], 7) = 16806
N([1, 1, 7, 1, 1], 7) = 16806
N([1, 1, 7, 1, 2], 7) = 16806
N([1, 1, 7, 1, 3], 7) = 16806
N([1, 1, 7, 1, 4], 7) = 16806
N([1, 1, 7, 1, 5], 7) = 16806
N([1, 1, 7, 1, 6], 7) = 16806
N([1, 1, 7, 1, 7], 7) = 16806
N([1, 1, 7, 2, 1], 7) = 16806
N([1, 1, 7, 2, 2], 7) = 16806
N([1, 1, 7, 2, 3], 7) = 16806
N([1, 1, 7, 2, 4], 7) = 16806
N([1, 1, 7, 2, 5], 7) = 16806
N([1, 1, 7, 2, 6], 7) = 16806
N([1, 1, 7, 2, 7], 7) = 16806
N([1, 1, 7, 3, 1], 7) = 16806
N([1, 1, 7, 3, 2], 7) = 16806
N([1, 1, 7, 3, 3], 7) = 16806
N([1, 1, 7, 3, 4], 7) = 16806
N([1, 1, 7, 3, 5], 7) = 16806
N([1, 1, 7, 3, 6], 7) = 16806
N([1, 1, 7, 3, 7], 7) = 16806
N([1, 1, 7, 4, 1], 7) = 16806
N([1, 1, 7, 4, 2], 7) = 16806
N([1, 1, 7, 4, 3], 7) = 16806
N([1, 1, 7, 4, 4], 7) = 16806
N([1, 1, 7, 4, 5], 7) = 16806
N([1, 1, 7, 4, 6], 7) = 16806
N([1, 1, 7, 4, 7], 7) = 16806
N([1, 1, 7, 5, 1], 7) = 16806
N([1, 1, 7, 5, 2], 7) = 16806
N([1, 1, 7, 5, 3], 7) = 16806
N([1, 1, 7, 5, 4], 7) = 16806
N([1, 1, 7, 5, 5], 7) = 16806
N([1, 1, 7, 5, 6], 7) = 16806
N([1, 1, 7, 5, 7], 7) = 16806
N([1, 1, 7, 6, 1], 7) = 16806
N([1, 1, 7, 6, 2], 7) = 16806
N([1, 1, 7, 6, 3], 7) = 16806
N([1, 1, 7, 6, 4], 7) = 16806
N([1, 1, 7, 6, 5], 7) = 16806
N([1, 1, 7, 6, 6], 7) = 16806
N([1, 1, 7, 6, 7], 7) = 16806
N([1, 1, 7, 7, 1], 7) = 16806
N([1, 1, 7, 7, 2], 7) = 16806
N([1, 1, 7, 7, 3], 7) = 16806
N([1, 1, 7, 7, 4], 7) = 16806
N([1, 1, 7, 7, 5], 7) = 16806
N([1, 1, 7, 7, 6], 7) = 16806
N([1, 1, 7, 7, 7], 7) = 16806
N([1, 2, 1, 1, 1], 7) = 16806
N([1, 2, 1, 1, 2], 7) = 16806
N([1, 2, 1, 1, 3], 7) = 16806
N([1, 2, 1, 1, 4], 7) = 16806
N([1, 2, 1, 1, 5], 7) = 16806
N([1, 2, 1, 1, 6], 7) = 16806
N([1, 2, 1, 1, 7], 7) = 16806
N([1, 2, 1, 2, 1], 7) = 16806
N([1, 2, 1, 2, 2], 7) = 16806
N([1, 2, 1, 2, 3], 7) = 16806
N([1, 2, 1, 2, 4], 7) = 16806
N([1, 2, 1, 2, 5], 7) = 16806
N([1, 2, 1, 2, 6], 7) = 16806
N([1, 2, 1, 2, 7], 7) = 16806
N([1, 2, 1, 3, 1], 7) = 16806
N([1, 2, 1, 3, 2], 7) = 16806
N([1, 2, 1, 3, 3], 7) = 16806
N([1, 2, 1, 3, 4], 7) = 16806
N([1, 2, 1, 3, 5], 7) = 16806
N([1, 2, 1, 3, 6], 7) = 16806
N([1, 2, 1, 3, 7], 7) = 16806
N([1, 2, 1, 4, 1], 7) = 16806
N([1, 2, 1, 4, 2], 7) = 16806
N([1, 2, 1, 4, 3], 7) = 16806
N([1, 2, 1, 4, 4], 7) = 16806
N([1, 2, 1, 4, 5], 7) = 16806
N([1, 2, 1, 4, 6], 7) = 16806
N([1, 2, 1, 4, 7], 7) = 16806
N([1, 2, 1, 5, 1], 7) = 16806
N([1, 2, 1, 5, 2], 7) = 16806
N([1, 2, 1, 5, 3], 7) = 16806
N([1, 2, 1, 5, 4], 7) = 16806
N([1, 2, 1, 5, 5], 7) = 16806
N([1, 2, 1, 5, 6], 7) = 16806
N([1, 2, 1, 5, 7], 7) = 16806
N([1, 2, 1, 6, 1], 7) = 16806
N([1, 2, 1, 6, 2], 7) = 16806
N([1, 2, 1, 6, 3], 7) = 16806
N([1, 2, 1, 6, 4], 7) = 16806
N([1, 2, 1, 6, 5], 7) = 16806
N([1, 2, 1, 6, 6], 7) = 16806
N([1, 2, 1, 6, 7], 7) = 16806
N([1, 2, 1, 7, 1], 7) = 16806
N([1, 2, 1, 7, 2], 7) = 16806
N([1, 2, 1, 7, 3], 7) = 16806
N([1, 2, 1, 7, 4], 7) = 16806
N([1, 2, 1, 7, 5], 7) = 16806
N([1, 2, 1, 7, 6], 7) = 16806
N([1, 2, 1, 7, 7], 7) = 16806
N([1, 2, 2, 1, 1], 7) = 16806
N([1, 2, 2, 1, 2], 7) = 16806
N([1, 2, 2, 1, 3], 7) = 16806
N([1, 2, 2, 1, 4], 7) = 16806
N([1, 2, 2, 1, 5], 7) = 16806
N([1, 2, 2, 1, 6], 7) = 16806
N([1, 2, 2, 1, 7], 7) = 16806
N([1, 2, 2, 2, 1], 7) = 16806
N([1, 2, 2, 2, 2], 7) = 16806
N([1, 2, 2, 2, 3], 7) = 16806
N([1, 2, 2, 2, 4], 7) = 16806
N([1, 2, 2, 2, 5], 7) = 16806
N([1, 2, 2, 2, 6], 7) = 16806
N([1, 2, 2, 2, 7], 7) = 16806
N([1, 2, 2, 3, 1], 7) = 16806
N([1, 2, 2, 3, 2], 7) = 16806
N([1, 2, 2, 3, 3], 7) = 16806
N([1, 2, 2, 3, 4], 7) = 16806
N([1, 2, 2, 3, 5], 7) = 16806
N([1, 2, 2, 3, 6], 7) = 16806
N([1, 2, 2, 3, 7], 7) = 16806
N([1, 2, 2, 4, 1], 7) = 16806
N([1, 2, 2, 4, 2], 7) = 16806
N([1, 2, 2, 4, 3], 7) = 16806
N([1, 2, 2, 4, 4], 7) = 16806
N([1, 2, 2, 4, 5], 7) = 16806
N([1, 2, 2, 4, 6], 7) = 16806
N([1, 2, 2, 4, 7], 7) = 16806
N([1, 2, 2, 5, 1], 7) = 16806
N([1, 2, 2, 5, 2], 7) = 16806
N([1, 2, 2, 5, 3], 7) = 16806
N([1, 2, 2, 5, 4], 7) = 16806
N([1, 2, 2, 5, 5], 7) = 16806
N([1, 2, 2, 5, 6], 7) = 16806
N([1, 2, 2, 5, 7], 7) = 16806
N([1, 2, 2, 6, 1], 7) = 16806
N([1, 2, 2, 6, 2], 7) = 16806
N([1, 2, 2, 6, 3], 7) = 16806
N([1, 2, 2, 6, 4], 7) = 16806
N([1, 2, 2, 6, 5], 7) = 16806
N([1, 2, 2, 6, 6], 7) = 16806
N([1, 2, 2, 6, 7], 7) = 16806
N([1, 2, 2, 7, 1], 7) = 16806
N([1, 2, 2, 7, 2], 7) = 16806
N([1, 2, 2, 7, 3], 7) = 16806
N([1, 2, 2, 7, 4], 7) = 16806
N([1, 2, 2, 7, 5], 7) = 16806
N([1, 2, 2, 7, 6], 7) = 16806
N([1, 2, 2, 7, 7], 7) = 16806
N([1, 2, 3, 1, 1], 7) = 16806
N([1, 2, 3, 1, 2], 7) = 16806
N([1, 2, 3, 1, 3], 7) = 16806
N([1, 2, 3, 1, 4], 7) = 16806
N([1, 2, 3, 1, 5], 7) = 16806
N([1, 2, 3, 1, 6], 7) = 16806
N([1, 2, 3, 1, 7], 7) = 16806
N([1, 2, 3, 2, 1], 7) = 16806
N([1, 2, 3, 2, 2], 7) = 16806
N([1, 2, 3, 2, 3], 7) = 16806
N([1, 2, 3, 2, 4], 7) = 16806
N([1, 2, 3, 2, 5], 7) = 16806
N([1, 2, 3, 2, 6], 7) = 16806
N([1, 2, 3, 2, 7], 7) = 16806
N([1, 2, 3, 3, 1], 7) = 16806
N([1, 2, 3, 3, 2], 7) = 16806
N([1, 2, 3, 3, 3], 7) = 16806
N([1, 2, 3, 3, 4], 7) = 16806
N([1, 2, 3, 3, 5], 7) = 16806
N([1, 2, 3, 3, 6], 7) = 16806
N([1, 2, 3, 3, 7], 7) = 16806
N([1, 2, 3, 4, 1], 7) = 16806
N([1, 2, 3, 4, 2], 7) = 16806
N([1, 2, 3, 4, 3], 7) = 16806
N([1, 2, 3, 4, 4], 7) = 16806
N([1, 2, 3, 4, 5], 7) = 16806
N([1, 2, 3, 4, 6], 7) = 16806
N([1, 2, 3, 4, 7], 7) = 16806
N([1, 2, 3, 5, 1], 7) = 16806
N([1, 2, 3, 5, 2], 7) = 16806
N([1, 2, 3, 5, 3], 7) = 16806
N([1, 2, 3, 5, 4], 7) = 16806
N([1, 2, 3, 5, 5], 7) = 16806
N([1, 2, 3, 5, 6], 7) = 16806
N([1, 2, 3, 5, 7], 7) = 16806
N([1, 2, 3, 6, 1], 7) = 16806
N([1, 2, 3, 6, 2], 7) = 16806
N([1, 2, 3, 6, 3], 7) = 16806
N([1, 2, 3, 6, 4], 7) = 16806
N([1, 2, 3, 6, 5], 7) = 16806
N([1, 2, 3, 6, 6], 7) = 16806
N([1, 2, 3, 6, 7], 7) = 16806
N([1, 2, 3, 7, 1], 7) = 16806
N([1, 2, 3, 7, 2], 7) = 16806
N([1, 2, 3, 7, 3], 7) = 16806
N([1, 2, 3, 7, 4], 7) = 16806
N([1, 2, 3, 7, 5], 7) = 16806
N([1, 2, 3, 7, 6], 7) = 16806
N([1, 2, 3, 7, 7], 7) = 16806
N([1, 2, 4, 1, 1], 7) = 16806
N([1, 2, 4, 1, 2], 7) = 16806
N([1, 2, 4, 1, 3], 7) = 16806
N([1, 2, 4, 1, 4], 7) = 16806
N([1, 2, 4, 1, 5], 7) = 16806
N([1, 2, 4, 1, 6], 7) = 16806
N([1, 2, 4, 1, 7], 7) = 16806
N([1, 2, 4, 2, 1], 7) = 16806
N([1, 2, 4, 2, 2], 7) = 16806
N([1, 2, 4, 2, 3], 7) = 16806
N([1, 2, 4, 2, 4], 7) = 16806
N([1, 2, 4, 2, 5], 7) = 16806
N([1, 2, 4, 2, 6], 7) = 16806
N([1, 2, 4, 2, 7], 7) = 16806
N([1, 2, 4, 3, 1], 7) = 16806
N([1, 2, 4, 3, 2], 7) = 16806
N([1, 2, 4, 3, 3], 7) = 16806
N([1, 2, 4, 3, 4], 7) = 16806
N([1, 2, 4, 3, 5], 7) = 16806
N([1, 2, 4, 3, 6], 7) = 16806
N([1, 2, 4, 3, 7], 7) = 16806
N([1, 2, 4, 4, 1], 7) = 16806
N([1, 2, 4, 4, 2], 7) = 16806
N([1, 2, 4, 4, 3], 7) = 16806
N([1, 2, 4, 4, 4], 7) = 16806
N([1, 2, 4, 4, 5], 7) = 16806
N([1, 2, 4, 4, 6], 7) = 16806
N([1, 2, 4, 4, 7], 7) = 16806
N([1, 2, 4, 5, 1], 7) = 16806
N([1, 2, 4, 5, 2], 7) = 16806
N([1, 2, 4, 5, 3], 7) = 16806
N([1, 2, 4, 5, 4], 7) = 16806
N([1, 2, 4, 5, 5], 7) = 16806
N([1, 2, 4, 5, 6], 7) = 16806
N([1, 2, 4, 5, 7], 7) = 16806
N([1, 2, 4, 6, 1], 7) = 16806
N([1, 2, 4, 6, 2], 7) = 16806
N([1, 2, 4, 6, 3], 7) = 16806
N([1, 2, 4, 6, 4], 7) = 16806
N([1, 2, 4, 6, 5], 7) = 16806
N([1, 2, 4, 6, 6], 7) = 16806
N([1, 2, 4, 6, 7], 7) = 16806
N([1, 2, 4, 7, 1], 7) = 16806
N([1, 2, 4, 7, 2], 7) = 16806
N([1, 2, 4, 7, 3], 7) = 16806
N([1, 2, 4, 7, 4], 7) = 16806
N([1, 2, 4, 7, 5], 7) = 16806
N([1, 2, 4, 7, 6], 7) = 16806
N([1, 2, 4, 7, 7], 7) = 16806
N([1, 2, 5, 1, 1], 7) = 16806
N([1, 2, 5, 1, 2], 7) = 16806
N([1, 2, 5, 1, 3], 7) = 16806
N([1, 2, 5, 1, 4], 7) = 16806
N([1, 2, 5, 1, 5], 7) = 16806
N([1, 2, 5, 1, 6], 7) = 16806
N([1, 2, 5, 1, 7], 7) = 16806
N([1, 2, 5, 2, 1], 7) = 16806
N([1, 2, 5, 2, 2], 7) = 16806
N([1, 2, 5, 2, 3], 7) = 16806
N([1, 2, 5, 2, 4], 7) = 16806
N([1, 2, 5, 2, 5], 7) = 16806
N([1, 2, 5, 2, 6], 7) = 16806
N([1, 2, 5, 2, 7], 7) = 16806
N([1, 2, 5, 3, 1], 7) = 16806
N([1, 2, 5, 3, 2], 7) = 16806
N([1, 2, 5, 3, 3], 7) = 16806
N([1, 2, 5, 3, 4], 7) = 16806
N([1, 2, 5, 3, 5], 7) = 16806
N([1, 2, 5, 3, 6], 7) = 16806
N([1, 2, 5, 3, 7], 7) = 16806
N([1, 2, 5, 4, 1], 7) = 16806
N([1, 2, 5, 4, 2], 7) = 16806
N([1, 2, 5, 4, 3], 7) = 16806
N([1, 2, 5, 4, 4], 7) = 16806
N([1, 2, 5, 4, 5], 7) = 16806
N([1, 2, 5, 4, 6], 7) = 16806
N([1, 2, 5, 4, 7], 7) = 16806
N([1, 2, 5, 5, 1], 7) = 16806
N([1, 2, 5, 5, 2], 7) = 16806
N([1, 2, 5, 5, 3], 7) = 16806
N([1, 2, 5, 5, 4], 7) = 16806
N([1, 2, 5, 5, 5], 7) = 16806
N([1, 2, 5, 5, 6], 7) = 16806
N([1, 2, 5, 5, 7], 7) = 16806
N([1, 2, 5, 6, 1], 7) = 16806
N([1, 2, 5, 6, 2], 7) = 16806
N([1, 2, 5, 6, 3], 7) = 16806
N([1, 2, 5, 6, 4], 7) = 16806
N([1, 2, 5, 6, 5], 7) = 16806
N([1, 2, 5, 6, 6], 7) = 16806
N([1, 2, 5, 6, 7], 7) = 16806
N([1, 2, 5, 7, 1], 7) = 16806
N([1, 2, 5, 7, 2], 7) = 16806
N([1, 2, 5, 7, 3], 7) = 16806
N([1, 2, 5, 7, 4], 7) = 16806
N([1, 2, 5, 7, 5], 7) = 16806
N([1, 2, 5, 7, 6], 7) = 16806
N([1, 2, 5, 7, 7], 7) = 16806
N([1, 2, 6, 1, 1], 7) = 16806
N([1, 2, 6, 1, 2], 7) = 16806
N([1, 2, 6, 1, 3], 7) = 16806
N([1, 2, 6, 1, 4], 7) = 16806
N([1, 2, 6, 1, 5], 7) = 16806
N([1, 2, 6, 1, 6], 7) = 16806
N([1, 2, 6, 1, 7], 7) = 16806
N([1, 2, 6, 2, 1], 7) = 16806
N([1, 2, 6, 2, 2], 7) = 16806
N([1, 2, 6, 2, 3], 7) = 16806
N([1, 2, 6, 2, 4], 7) = 16806
N([1, 2, 6, 2, 5], 7) = 16806
N([1, 2, 6, 2, 6], 7) = 16806
N([1, 2, 6, 2, 7], 7) = 16806
N([1, 2, 6, 3, 1], 7) = 16806
N([1, 2, 6, 3, 2], 7) = 16806
N([1, 2, 6, 3, 3], 7) = 16806
N([1, 2, 6, 3, 4], 7) = 16806
N([1, 2, 6, 3, 5], 7) = 16806
N([1, 2, 6, 3, 6], 7) = 16806
N([1, 2, 6, 3, 7], 7) = 16806
N([1, 2, 6, 4, 1], 7) = 16806
N([1, 2, 6, 4, 2], 7) = 16806
N([1, 2, 6, 4, 3], 7) = 16806
N([1, 2, 6, 4, 4], 7) = 16806
N([1, 2, 6, 4, 5], 7) = 16806
N([1, 2, 6, 4, 6], 7) = 16806
N([1, 2, 6, 4, 7], 7) = 16806
N([1, 2, 6, 5, 1], 7) = 16806
N([1, 2, 6, 5, 2], 7) = 16806
N([1, 2, 6, 5, 3], 7) = 16806
N([1, 2, 6, 5, 4], 7) = 16806
N([1, 2, 6, 5, 5], 7) = 16806
N([1, 2, 6, 5, 6], 7) = 16806
N([1, 2, 6, 5, 7], 7) = 16806
N([1, 2, 6, 6, 1], 7) = 16806
N([1, 2, 6, 6, 2], 7) = 16806
N([1, 2, 6, 6, 3], 7) = 16806
N([1, 2, 6, 6, 4], 7) = 16806
N([1, 2, 6, 6, 5], 7) = 16806
N([1, 2, 6, 6, 6], 7) = 16806
N([1, 2, 6, 6, 7], 7) = 16806
N([1, 2, 6, 7, 1], 7) = 16806
N([1, 2, 6, 7, 2], 7) = 16806
N([1, 2, 6, 7, 3], 7) = 16806
N([1, 2, 6, 7, 4], 7) = 16806
N([1, 2, 6, 7, 5], 7) = 16806
N([1, 2, 6, 7, 6], 7) = 16806
N([1, 2, 6, 7, 7], 7) = 16806
N([1, 2, 7, 1, 1], 7) = 16806
N([1, 2, 7, 1, 2], 7) = 16806
N([1, 2, 7, 1, 3], 7) = 16806
N([1, 2, 7, 1, 4], 7) = 16806
N([1, 2, 7, 1, 5], 7) = 16806
N([1, 2, 7, 1, 6], 7) = 16806
N([1, 2, 7, 1, 7], 7) = 16806
N([1, 2, 7, 2, 1], 7) = 16806
N([1, 2, 7, 2, 2], 7) = 16806
N([1, 2, 7, 2, 3], 7) = 16806
N([1, 2, 7, 2, 4], 7) = 16806
N([1, 2, 7, 2, 5], 7) = 16806
N([1, 2, 7, 2, 6], 7) = 16806
N([1, 2, 7, 2, 7], 7) = 16806
N([1, 2, 7, 3, 1], 7) = 16806
N([1, 2, 7, 3, 2], 7) = 16806
N([1, 2, 7, 3, 3], 7) = 16806
N([1, 2, 7, 3, 4], 7) = 16806
N([1, 2, 7, 3, 5], 7) = 16806
N([1, 2, 7, 3, 6], 7) = 16806
N([1, 2, 7, 3, 7], 7) = 16806
N([1, 2, 7, 4, 1], 7) = 16806
N([1, 2, 7, 4, 2], 7) = 16806
N([1, 2, 7, 4, 3], 7) = 16806
N([1, 2, 7, 4, 4], 7) = 16806
N([1, 2, 7, 4, 5], 7) = 16806
N([1, 2, 7, 4, 6], 7) = 16806
N([1, 2, 7, 4, 7], 7) = 16806
N([1, 2, 7, 5, 1], 7) = 16806
N([1, 2, 7, 5, 2], 7) = 16806
N([1, 2, 7, 5, 3], 7) = 16806
N([1, 2, 7, 5, 4], 7) = 16806
N([1, 2, 7, 5, 5], 7) = 16806
N([1, 2, 7, 5, 6], 7) = 16806
N([1, 2, 7, 5, 7], 7) = 16806
N([1, 2, 7, 6, 1], 7) = 16806
N([1, 2, 7, 6, 2], 7) = 16806
N([1, 2, 7, 6, 3], 7) = 16806
N([1, 2, 7, 6, 4], 7) = 16806
N([1, 2, 7, 6, 5], 7) = 16806
N([1, 2, 7, 6, 6], 7) = 16806
N([1, 2, 7, 6, 7], 7) = 16806
N([1, 2, 7, 7, 1], 7) = 16806
N([1, 2, 7, 7, 2], 7) = 16806
N([1, 2, 7, 7, 3], 7) = 16806
N([1, 2, 7, 7, 4], 7) = 16806
N([1, 2, 7, 7, 5], 7) = 16806
N([1, 2, 7, 7, 6], 7) = 16806
N([1, 2, 7, 7, 7], 7) = 16806
N([1, 3, 1, 1, 1], 7) = 16806
N([1, 3, 1, 1, 2], 7) = 16806
N([1, 3, 1, 1, 3], 7) = 16806
N([1, 3, 1, 1, 4], 7) = 16806
N([1, 3, 1, 1, 5], 7) = 16806
N([1, 3, 1, 1, 6], 7) = 16806
N([1, 3, 1, 1, 7], 7) = 16806
N([1, 3, 1, 2, 1], 7) = 16806
N([1, 3, 1, 2, 2], 7) = 16806
N([1, 3, 1, 2, 3], 7) = 16806
N([1, 3, 1, 2, 4], 7) = 16806
N([1, 3, 1, 2, 5], 7) = 16806
N([1, 3, 1, 2, 6], 7) = 16806
N([1, 3, 1, 2, 7], 7) = 16806
N([1, 3, 1, 3, 1], 7) = 16806
N([1, 3, 1, 3, 2], 7) = 16806
N([1, 3, 1, 3, 3], 7) = 16806
N([1, 3, 1, 3, 4], 7) = 16806
N([1, 3, 1, 3, 5], 7) = 16806
N([1, 3, 1, 3, 6], 7) = 16806
N([1, 3, 1, 3, 7], 7) = 16806
N([1, 3, 1, 4, 1], 7) = 16806
N([1, 3, 1, 4, 2], 7) = 16806
N([1, 3, 1, 4, 3], 7) = 16806
N([1, 3, 1, 4, 4], 7) = 16806
N([1, 3, 1, 4, 5], 7) = 16806
N([1, 3, 1, 4, 6], 7) = 16806
N([1, 3, 1, 4, 7], 7) = 16806
N([1, 3, 1, 5, 1], 7) = 16806
N([1, 3, 1, 5, 2], 7) = 16806
N([1, 3, 1, 5, 3], 7) = 16806
N([1, 3, 1, 5, 4], 7) = 16806
N([1, 3, 1, 5, 5], 7) = 16806
N([1, 3, 1, 5, 6], 7) = 16806
N([1, 3, 1, 5, 7], 7) = 16806
N([1, 3, 1, 6, 1], 7) = 16806
N([1, 3, 1, 6, 2], 7) = 16806
N([1, 3, 1, 6, 3], 7) = 16806
N([1, 3, 1, 6, 4], 7) = 16806
N([1, 3, 1, 6, 5], 7) = 16806
N([1, 3, 1, 6, 6], 7) = 16806
N([1, 3, 1, 6, 7], 7) = 16806
N([1, 3, 1, 7, 1], 7) = 16806
N([1, 3, 1, 7, 2], 7) = 16806
N([1, 3, 1, 7, 3], 7) = 16806
N([1, 3, 1, 7, 4], 7) = 16806
N([1, 3, 1, 7, 5], 7) = 16806
N([1, 3, 1, 7, 6], 7) = 16806
N([1, 3, 1, 7, 7], 7) = 16806
N([1, 3, 2, 1, 1], 7) = 16806
N([1, 3, 2, 1, 2], 7) = 16806
N([1, 3, 2, 1, 3], 7) = 16806
N([1, 3, 2, 1, 4], 7) = 16806
N([1, 3, 2, 1, 5], 7) = 16806
N([1, 3, 2, 1, 6], 7) = 16806
N([1, 3, 2, 1, 7], 7) = 16806
N([1, 3, 2, 2, 1], 7) = 16806
N([1, 3, 2, 2, 2], 7) = 16806
N([1, 3, 2, 2, 3], 7) = 16806
N([1, 3, 2, 2, 4], 7) = 16806
N([1, 3, 2, 2, 5], 7) = 16806
N([1, 3, 2, 2, 6], 7) = 16806
N([1, 3, 2, 2, 7], 7) = 16806
N([1, 3, 2, 3, 1], 7) = 16806
N([1, 3, 2, 3, 2], 7) = 16806
N([1, 3, 2, 3, 3], 7) = 16806
N([1, 3, 2, 3, 4], 7) = 16806
N([1, 3, 2, 3, 5], 7) = 16806
N([1, 3, 2, 3, 6], 7) = 16806
N([1, 3, 2, 3, 7], 7) = 16806
N([1, 3, 2, 4, 1], 7) = 16806
N([1, 3, 2, 4, 2], 7) = 16806
N([1, 3, 2, 4, 3], 7) = 16806
N([1, 3, 2, 4, 4], 7) = 16806
N([1, 3, 2, 4, 5], 7) = 16806
N([1, 3, 2, 4, 6], 7) = 16806
N([1, 3, 2, 4, 7], 7) = 16806
N([1, 3, 2, 5, 1], 7) = 16806
N([1, 3, 2, 5, 2], 7) = 16806
N([1, 3, 2, 5, 3], 7) = 16806
N([1, 3, 2, 5, 4], 7) = 16806
N([1, 3, 2, 5, 5], 7) = 16806
N([1, 3, 2, 5, 6], 7) = 16806
N([1, 3, 2, 5, 7], 7) = 16806
N([1, 3, 2, 6, 1], 7) = 16806
N([1, 3, 2, 6, 2], 7) = 16806
N([1, 3, 2, 6, 3], 7) = 16806
N([1, 3, 2, 6, 4], 7) = 16806
N([1, 3, 2, 6, 5], 7) = 16806
N([1, 3, 2, 6, 6], 7) = 16806
N([1, 3, 2, 6, 7], 7) = 16806
N([1, 3, 2, 7, 1], 7) = 16806
N([1, 3, 2, 7, 2], 7) = 16806
N([1, 3, 2, 7, 3], 7) = 16806
N([1, 3, 2, 7, 4], 7) = 16806
N([1, 3, 2, 7, 5], 7) = 16806
N([1, 3, 2, 7, 6], 7) = 16806
N([1, 3, 2, 7, 7], 7) = 16806
N([1, 3, 3, 1, 1], 7) = 16806
N([1, 3, 3, 1, 2], 7) = 16806
N([1, 3, 3, 1, 3], 7) = 16806
N([1, 3, 3, 1, 4], 7) = 16806
N([1, 3, 3, 1, 5], 7) = 16806
N([1, 3, 3, 1, 6], 7) = 16806
N([1, 3, 3, 1, 7], 7) = 16806
N([1, 3, 3, 2, 1], 7) = 16806
N([1, 3, 3, 2, 2], 7) = 16806
N([1, 3, 3, 2, 3], 7) = 16806
N([1, 3, 3, 2, 4], 7) = 16806
N([1, 3, 3, 2, 5], 7) = 16806
N([1, 3, 3, 2, 6], 7) = 16806
N([1, 3, 3, 2, 7], 7) = 16806
N([1, 3, 3, 3, 1], 7) = 16806
N([1, 3, 3, 3, 2], 7) = 16806
N([1, 3, 3, 3, 3], 7) = 16806
N([1, 3, 3, 3, 4], 7) = 16806
N([1, 3, 3, 3, 5], 7) = 16806
N([1, 3, 3, 3, 6], 7) = 16806
N([1, 3, 3, 3, 7], 7) = 16806
N([1, 3, 3, 4, 1], 7) = 16806
N([1, 3, 3, 4, 2], 7) = 16806
N([1, 3, 3, 4, 3], 7) = 16806
N([1, 3, 3, 4, 4], 7) = 16806
N([1, 3, 3, 4, 5], 7) = 16806
N([1, 3, 3, 4, 6], 7) = 16806
N([1, 3, 3, 4, 7], 7) = 16806
N([1, 3, 3, 5, 1], 7) = 16806
N([1, 3, 3, 5, 2], 7) = 16806
N([1, 3, 3, 5, 3], 7) = 16806
N([1, 3, 3, 5, 4], 7) = 16806
N([1, 3, 3, 5, 5], 7) = 16806
N([1, 3, 3, 5, 6], 7) = 16806
N([1, 3, 3, 5, 7], 7) = 16806
N([1, 3, 3, 6, 1], 7) = 16806
N([1, 3, 3, 6, 2], 7) = 16806
N([1, 3, 3, 6, 3], 7) = 16806
N([1, 3, 3, 6, 4], 7) = 16806
N([1, 3, 3, 6, 5], 7) = 16806
N([1, 3, 3, 6, 6], 7) = 16806
N([1, 3, 3, 6, 7], 7) = 16806
N([1, 3, 3, 7, 1], 7) = 16806
N([1, 3, 3, 7, 2], 7) = 16806
N([1, 3, 3, 7, 3], 7) = 16806
N([1, 3, 3, 7, 4], 7) = 16806
N([1, 3, 3, 7, 5], 7) = 16806
N([1, 3, 3, 7, 6], 7) = 16806
N([1, 3, 3, 7, 7], 7) = 16806
N([1, 3, 4, 1, 1], 7) = 16806
N([1, 3, 4, 1, 2], 7) = 16806
N([1, 3, 4, 1, 3], 7) = 16806
N([1, 3, 4, 1, 4], 7) = 16806
N([1, 3, 4, 1, 5], 7) = 16806
N([1, 3, 4, 1, 6], 7) = 16806
N([1, 3, 4, 1, 7], 7) = 16806
N([1, 3, 4, 2, 1], 7) = 16806
N([1, 3, 4, 2, 2], 7) = 16806
N([1, 3, 4, 2, 3], 7) = 16806
N([1, 3, 4, 2, 4], 7) = 16806
N([1, 3, 4, 2, 5], 7) = 16806
N([1, 3, 4, 2, 6], 7) = 16806
N([1, 3, 4, 2, 7], 7) = 16806
N([1, 3, 4, 3, 1], 7) = 16806
N([1, 3, 4, 3, 2], 7) = 16806
N([1, 3, 4, 3, 3], 7) = 16806
N([1, 3, 4, 3, 4], 7) = 16806
N([1, 3, 4, 3, 5], 7) = 16806
N([1, 3, 4, 3, 6], 7) = 16806
N([1, 3, 4, 3, 7], 7) = 16806
N([1, 3, 4, 4, 1], 7) = 16806
N([1, 3, 4, 4, 2], 7) = 16806
N([1, 3, 4, 4, 3], 7) = 16806
N([1, 3, 4, 4, 4], 7) = 16806
N([1, 3, 4, 4, 5], 7) = 16806
N([1, 3, 4, 4, 6], 7) = 16806
N([1, 3, 4, 4, 7], 7) = 16806
N([1, 3, 4, 5, 1], 7) = 16806
N([1, 3, 4, 5, 2], 7) = 16806
N([1, 3, 4, 5, 3], 7) = 16806
N([1, 3, 4, 5, 4], 7) = 16806
N([1, 3, 4, 5, 5], 7) = 16806
N([1, 3, 4, 5, 6], 7) = 16806
N([1, 3, 4, 5, 7], 7) = 16806
N([1, 3, 4, 6, 1], 7) = 16806
N([1, 3, 4, 6, 2], 7) = 16806
N([1, 3, 4, 6, 3], 7) = 16806
N([1, 3, 4, 6, 4], 7) = 16806
N([1, 3, 4, 6, 5], 7) = 16806
N([1, 3, 4, 6, 6], 7) = 16806
N([1, 3, 4, 6, 7], 7) = 16806
N([1, 3, 4, 7, 1], 7) = 16806
N([1, 3, 4, 7, 2], 7) = 16806
N([1, 3, 4, 7, 3], 7) = 16806
N([1, 3, 4, 7, 4], 7) = 16806
N([1, 3, 4, 7, 5], 7) = 16806
N([1, 3, 4, 7, 6], 7) = 16806
N([1, 3, 4, 7, 7], 7) = 16806
N([1, 3, 5, 1, 1], 7) = 16806
N([1, 3, 5, 1, 2], 7) = 16806
N([1, 3, 5, 1, 3], 7) = 16806
N([1, 3, 5, 1, 4], 7) = 16806
N([1, 3, 5, 1, 5], 7) = 16806
N([1, 3, 5, 1, 6], 7) = 16806
N([1, 3, 5, 1, 7], 7) = 16806
N([1, 3, 5, 2, 1], 7) = 16806
N([1, 3, 5, 2, 2], 7) = 16806
N([1, 3, 5, 2, 3], 7) = 16806
N([1, 3, 5, 2, 4], 7) = 16806
N([1, 3, 5, 2, 5], 7) = 16806
N([1, 3, 5, 2, 6], 7) = 16806
N([1, 3, 5, 2, 7], 7) = 16806
N([1, 3, 5, 3, 1], 7) = 16806
N([1, 3, 5, 3, 2], 7) = 16806
N([1, 3, 5, 3, 3], 7) = 16806
N([1, 3, 5, 3, 4], 7) = 16806
N([1, 3, 5, 3, 5], 7) = 16806
N([1, 3, 5, 3, 6], 7) = 16806
N([1, 3, 5, 3, 7], 7) = 16806
N([1, 3, 5, 4, 1], 7) = 16806
N([1, 3, 5, 4, 2], 7) = 16806
N([1, 3, 5, 4, 3], 7) = 16806
N([1, 3, 5, 4, 4], 7) = 16806
N([1, 3, 5, 4, 5], 7) = 16806
N([1, 3, 5, 4, 6], 7) = 16806
N([1, 3, 5, 4, 7], 7) = 16806
N([1, 3, 5, 5, 1], 7) = 16806
N([1, 3, 5, 5, 2], 7) = 16806
N([1, 3, 5, 5, 3], 7) = 16806
N([1, 3, 5, 5, 4], 7) = 16806
N([1, 3, 5, 5, 5], 7) = 16806
N([1, 3, 5, 5, 6], 7) = 16806
N([1, 3, 5, 5, 7], 7) = 16806
N([1, 3, 5, 6, 1], 7) = 16806
N([1, 3, 5, 6, 2], 7) = 16806
N([1, 3, 5, 6, 3], 7) = 16806
N([1, 3, 5, 6, 4], 7) = 16806
N([1, 3, 5, 6, 5], 7) = 16806
N([1, 3, 5, 6, 6], 7) = 16806
N([1, 3, 5, 6, 7], 7) = 16806
N([1, 3, 5, 7, 1], 7) = 16806
N([1, 3, 5, 7, 2], 7) = 16806
N([1, 3, 5, 7, 3], 7) = 16806
N([1, 3, 5, 7, 4], 7) = 16806
N([1, 3, 5, 7, 5], 7) = 16806
N([1, 3, 5, 7, 6], 7) = 16806
N([1, 3, 5, 7, 7], 7) = 16806
N([1, 3, 6, 1, 1], 7) = 16806
N([1, 3, 6, 1, 2], 7) = 16806
N([1, 3, 6, 1, 3], 7) = 16806
N([1, 3, 6, 1, 4], 7) = 16806
N([1, 3, 6, 1, 5], 7) = 16806
N([1, 3, 6, 1, 6], 7) = 16806
N([1, 3, 6, 1, 7], 7) = 16806
N([1, 3, 6, 2, 1], 7) = 16806
N([1, 3, 6, 2, 2], 7) = 16806
N([1, 3, 6, 2, 3], 7) = 16806
N([1, 3, 6, 2, 4], 7) = 16806
N([1, 3, 6, 2, 5], 7) = 16806
N([1, 3, 6, 2, 6], 7) = 16806
N([1, 3, 6, 2, 7], 7) = 16806
N([1, 3, 6, 3, 1], 7) = 16806
N([1, 3, 6, 3, 2], 7) = 16806
N([1, 3, 6, 3, 3], 7) = 16806
N([1, 3, 6, 3, 4], 7) = 16806
N([1, 3, 6, 3, 5], 7) = 16806
N([1, 3, 6, 3, 6], 7) = 16806
N([1, 3, 6, 3, 7], 7) = 16806
N([1, 3, 6, 4, 1], 7) = 16806
N([1, 3, 6, 4, 2], 7) = 16806
N([1, 3, 6, 4, 3], 7) = 16806
N([1, 3, 6, 4, 4], 7) = 16806
N([1, 3, 6, 4, 5], 7) = 16806
N([1, 3, 6, 4, 6], 7) = 16806
N([1, 3, 6, 4, 7], 7) = 16806
N([1, 3, 6, 5, 1], 7) = 16806
N([1, 3, 6, 5, 2], 7) = 16806
N([1, 3, 6, 5, 3], 7) = 16806
N([1, 3, 6, 5, 4], 7) = 16806
N([1, 3, 6, 5, 5], 7) = 16806
N([1, 3, 6, 5, 6], 7) = 16806
N([1, 3, 6, 5, 7], 7) = 16806
N([1, 3, 6, 6, 1], 7) = 16806
N([1, 3, 6, 6, 2], 7) = 16806
N([1, 3, 6, 6, 3], 7) = 16806
N([1, 3, 6, 6, 4], 7) = 16806
N([1, 3, 6, 6, 5], 7) = 16806
N([1, 3, 6, 6, 6], 7) = 16806
N([1, 3, 6, 6, 7], 7) = 16806
N([1, 3, 6, 7, 1], 7) = 16806
N([1, 3, 6, 7, 2], 7) = 16806
N([1, 3, 6, 7, 3], 7) = 16806
N([1, 3, 6, 7, 4], 7) = 16806
N([1, 3, 6, 7, 5], 7) = 16806
N([1, 3, 6, 7, 6], 7) = 16806
N([1, 3, 6, 7, 7], 7) = 16806
N([1, 3, 7, 1, 1], 7) = 16806
N([1, 3, 7, 1, 2], 7) = 16806
N([1, 3, 7, 1, 3], 7) = 16806
N([1, 3, 7, 1, 4], 7) = 16806
N([1, 3, 7, 1, 5], 7) = 16806
N([1, 3, 7, 1, 6], 7) = 16806
N([1, 3, 7, 1, 7], 7) = 16806
N([1, 3, 7, 2, 1], 7) = 16806
N([1, 3, 7, 2, 2], 7) = 16806
N([1, 3, 7, 2, 3], 7) = 16806
N([1, 3, 7, 2, 4], 7) = 16806
N([1, 3, 7, 2, 5], 7) = 16806
N([1, 3, 7, 2, 6], 7) = 16806
N([1, 3, 7, 2, 7], 7) = 16806
N([1, 3, 7, 3, 1], 7) = 16806
N([1, 3, 7, 3, 2], 7) = 16806
N([1, 3, 7, 3, 3], 7) = 16806
N([1, 3, 7, 3, 4], 7) = 16806
N([1, 3, 7, 3, 5], 7) = 16806
N([1, 3, 7, 3, 6], 7) = 16806
N([1, 3, 7, 3, 7], 7) = 16806
N([1, 3, 7, 4, 1], 7) = 16806
N([1, 3, 7, 4, 2], 7) = 16806
N([1, 3, 7, 4, 3], 7) = 16806
N([1, 3, 7, 4, 4], 7) = 16806
N([1, 3, 7, 4, 5], 7) = 16806
N([1, 3, 7, 4, 6], 7) = 16806
N([1, 3, 7, 4, 7], 7) = 16806
N([1, 3, 7, 5, 1], 7) = 16806
N([1, 3, 7, 5, 2], 7) = 16806
N([1, 3, 7, 5, 3], 7) = 16806
N([1, 3, 7, 5, 4], 7) = 16806
N([1, 3, 7, 5, 5], 7) = 16806
N([1, 3, 7, 5, 6], 7) = 16806
N([1, 3, 7, 5, 7], 7) = 16806
N([1, 3, 7, 6, 1], 7) = 16806
N([1, 3, 7, 6, 2], 7) = 16806
N([1, 3, 7, 6, 3], 7) = 16806
N([1, 3, 7, 6, 4], 7) = 16806
N([1, 3, 7, 6, 5], 7) = 16806
N([1, 3, 7, 6, 6], 7) = 16806
N([1, 3, 7, 6, 7], 7) = 16806
N([1, 3, 7, 7, 1], 7) = 16806
N([1, 3, 7, 7, 2], 7) = 16806
N([1, 3, 7, 7, 3], 7) = 16806
N([1, 3, 7, 7, 4], 7) = 16806
N([1, 3, 7, 7, 5], 7) = 16806
N([1, 3, 7, 7, 6], 7) = 16806
N([1, 3, 7, 7, 7], 7) = 16806
N([1, 4, 1, 1, 1], 7) = 16806
N([1, 4, 1, 1, 2], 7) = 16806
N([1, 4, 1, 1, 3], 7) = 16806
N([1, 4, 1, 1, 4], 7) = 16806
N([1, 4, 1, 1, 5], 7) = 16806
N([1, 4, 1, 1, 6], 7) = 16806
N([1, 4, 1, 1, 7], 7) = 16806
N([1, 4, 1, 2, 1], 7) = 16806
N([1, 4, 1, 2, 2], 7) = 16806
N([1, 4, 1, 2, 3], 7) = 16806
N([1, 4, 1, 2, 4], 7) = 16806
N([1, 4, 1, 2, 5], 7) = 16806
N([1, 4, 1, 2, 6], 7) = 16806
N([1, 4, 1, 2, 7], 7) = 16806
N([1, 4, 1, 3, 1], 7) = 16806
N([1, 4, 1, 3, 2], 7) = 16806
N([1, 4, 1, 3, 3], 7) = 16806
N([1, 4, 1, 3, 4], 7) = 16806
N([1, 4, 1, 3, 5], 7) = 16806
N([1, 4, 1, 3, 6], 7) = 16806
N([1, 4, 1, 3, 7], 7) = 16806
N([1, 4, 1, 4, 1], 7) = 16806
N([1, 4, 1, 4, 2], 7) = 16806
N([1, 4, 1, 4, 3], 7) = 16806
N([1, 4, 1, 4, 4], 7) = 16806
N([1, 4, 1, 4, 5], 7) = 16806
N([1, 4, 1, 4, 6], 7) = 16806
N([1, 4, 1, 4, 7], 7) = 16806
N([1, 4, 1, 5, 1], 7) = 16806
N([1, 4, 1, 5, 2], 7) = 16806
N([1, 4, 1, 5, 3], 7) = 16806
N([1, 4, 1, 5, 4], 7) = 16806
N([1, 4, 1, 5, 5], 7) = 16806
N([1, 4, 1, 5, 6], 7) = 16806
N([1, 4, 1, 5, 7], 7) = 16806
N([1, 4, 1, 6, 1], 7) = 16806
N([1, 4, 1, 6, 2], 7) = 16806
N([1, 4, 1, 6, 3], 7) = 16806
N([1, 4, 1, 6, 4], 7) = 16806
N([1, 4, 1, 6, 5], 7) = 16806
N([1, 4, 1, 6, 6], 7) = 16806
N([1, 4, 1, 6, 7], 7) = 16806
N([1, 4, 1, 7, 1], 7) = 16806
N([1, 4, 1, 7, 2], 7) = 16806
N([1, 4, 1, 7, 3], 7) = 16806
N([1, 4, 1, 7, 4], 7) = 16806
N([1, 4, 1, 7, 5], 7) = 16806
N([1, 4, 1, 7, 6], 7) = 16806
N([1, 4, 1, 7, 7], 7) = 16806
N([1, 4, 2, 1, 1], 7) = 16806
N([1, 4, 2, 1, 2], 7) = 16806
N([1, 4, 2, 1, 3], 7) = 16806
N([1, 4, 2, 1, 4], 7) = 16806
N([1, 4, 2, 1, 5], 7) = 16806
N([1, 4, 2, 1, 6], 7) = 16806
N([1, 4, 2, 1, 7], 7) = 16806
N([1, 4, 2, 2, 1], 7) = 16806
N([1, 4, 2, 2, 2], 7) = 16806
N([1, 4, 2, 2, 3], 7) = 16806
N([1, 4, 2, 2, 4], 7) = 16806
N([1, 4, 2, 2, 5], 7) = 16806
N([1, 4, 2, 2, 6], 7) = 16806
N([1, 4, 2, 2, 7], 7) = 16806
N([1, 4, 2, 3, 1], 7) = 16806
N([1, 4, 2, 3, 2], 7) = 16806
N([1, 4, 2, 3, 3], 7) = 16806
N([1, 4, 2, 3, 4], 7) = 16806
N([1, 4, 2, 3, 5], 7) = 16806
N([1, 4, 2, 3, 6], 7) = 16806
N([1, 4, 2, 3, 7], 7) = 16806
N([1, 4, 2, 4, 1], 7) = 16806
N([1, 4, 2, 4, 2], 7) = 16806
N([1, 4, 2, 4, 3], 7) = 16806
N([1, 4, 2, 4, 4], 7) = 16806
N([1, 4, 2, 4, 5], 7) = 16806
N([1, 4, 2, 4, 6], 7) = 16806
N([1, 4, 2, 4, 7], 7) = 16806
N([1, 4, 2, 5, 1], 7) = 16806
N([1, 4, 2, 5, 2], 7) = 16806
N([1, 4, 2, 5, 3], 7) = 16806
N([1, 4, 2, 5, 4], 7) = 16806
N([1, 4, 2, 5, 5], 7) = 16806
N([1, 4, 2, 5, 6], 7) = 16806
N([1, 4, 2, 5, 7], 7) = 16806
N([1, 4, 2, 6, 1], 7) = 16806
N([1, 4, 2, 6, 2], 7) = 16806
N([1, 4, 2, 6, 3], 7) = 16806
N([1, 4, 2, 6, 4], 7) = 16806
N([1, 4, 2, 6, 5], 7) = 16806
N([1, 4, 2, 6, 6], 7) = 16806
N([1, 4, 2, 6, 7], 7) = 16806
N([1, 4, 2, 7, 1], 7) = 16806
N([1, 4, 2, 7, 2], 7) = 16806
N([1, 4, 2, 7, 3], 7) = 16806
N([1, 4, 2, 7, 4], 7) = 16806
N([1, 4, 2, 7, 5], 7) = 16806
N([1, 4, 2, 7, 6], 7) = 16806
N([1, 4, 2, 7, 7], 7) = 16806
N([1, 4, 3, 1, 1], 7) = 16806
N([1, 4, 3, 1, 2], 7) = 16806
N([1, 4, 3, 1, 3], 7) = 16806
N([1, 4, 3, 1, 4], 7) = 16806
N([1, 4, 3, 1, 5], 7) = 16806
N([1, 4, 3, 1, 6], 7) = 16806
N([1, 4, 3, 1, 7], 7) = 16806
N([1, 4, 3, 2, 1], 7) = 16806
N([1, 4, 3, 2, 2], 7) = 16806
N([1, 4, 3, 2, 3], 7) = 16806
N([1, 4, 3, 2, 4], 7) = 16806
N([1, 4, 3, 2, 5], 7) = 16806
N([1, 4, 3, 2, 6], 7) = 16806
N([1, 4, 3, 2, 7], 7) = 16806
N([1, 4, 3, 3, 1], 7) = 16806
N([1, 4, 3, 3, 2], 7) = 16806
N([1, 4, 3, 3, 3], 7) = 16806
N([1, 4, 3, 3, 4], 7) = 16806
N([1, 4, 3, 3, 5], 7) = 16806
N([1, 4, 3, 3, 6], 7) = 16806
N([1, 4, 3, 3, 7], 7) = 16806
N([1, 4, 3, 4, 1], 7) = 16806
N([1, 4, 3, 4, 2], 7) = 16806
N([1, 4, 3, 4, 3], 7) = 16806
N([1, 4, 3, 4, 4], 7) = 16806
N([1, 4, 3, 4, 5], 7) = 16806
N([1, 4, 3, 4, 6], 7) = 16806
N([1, 4, 3, 4, 7], 7) = 16806
N([1, 4, 3, 5, 1], 7) = 16806
N([1, 4, 3, 5, 2], 7) = 16806
N([1, 4, 3, 5, 3], 7) = 16806
N([1, 4, 3, 5, 4], 7) = 16806
N([1, 4, 3, 5, 5], 7) = 16806
N([1, 4, 3, 5, 6], 7) = 16806
N([1, 4, 3, 5, 7], 7) = 16806
N([1, 4, 3, 6, 1], 7) = 16806
N([1, 4, 3, 6, 2], 7) = 16806
N([1, 4, 3, 6, 3], 7) = 16806
N([1, 4, 3, 6, 4], 7) = 16806
N([1, 4, 3, 6, 5], 7) = 16806
N([1, 4, 3, 6, 6], 7) = 16806
N([1, 4, 3, 6, 7], 7) = 16806
N([1, 4, 3, 7, 1], 7) = 16806
N([1, 4, 3, 7, 2], 7) = 16806
N([1, 4, 3, 7, 3], 7) = 16806
N([1, 4, 3, 7, 4], 7) = 16806
N([1, 4, 3, 7, 5], 7) = 16806
N([1, 4, 3, 7, 6], 7) = 16806
N([1, 4, 3, 7, 7], 7) = 16806
N([1, 4, 4, 1, 1], 7) = 16806
N([1, 4, 4, 1, 2], 7) = 16806
N([1, 4, 4, 1, 3], 7) = 16806
N([1, 4, 4, 1, 4], 7) = 16806
N([1, 4, 4, 1, 5], 7) = 16806
N([1, 4, 4, 1, 6], 7) = 16806
N([1, 4, 4, 1, 7], 7) = 16806
N([1, 4, 4, 2, 1], 7) = 16806
N([1, 4, 4, 2, 2], 7) = 16806
N([1, 4, 4, 2, 3], 7) = 16806
N([1, 4, 4, 2, 4], 7) = 16806
N([1, 4, 4, 2, 5], 7) = 16806
N([1, 4, 4, 2, 6], 7) = 16806
N([1, 4, 4, 2, 7], 7) = 16806
N([1, 4, 4, 3, 1], 7) = 16806
N([1, 4, 4, 3, 2], 7) = 16806
N([1, 4, 4, 3, 3], 7) = 16806
N([1, 4, 4, 3, 4], 7) = 16806
N([1, 4, 4, 3, 5], 7) = 16806
N([1, 4, 4, 3, 6], 7) = 16806
N([1, 4, 4, 3, 7], 7) = 16806
N([1, 4, 4, 4, 1], 7) = 16806
N([1, 4, 4, 4, 2], 7) = 16806
N([1, 4, 4, 4, 3], 7) = 16806
N([1, 4, 4, 4, 4], 7) = 16806
N([1, 4, 4, 4, 5], 7) = 16806
N([1, 4, 4, 4, 6], 7) = 16806
N([1, 4, 4, 4, 7], 7) = 16806
N([1, 4, 4, 5, 1], 7) = 16806
N([1, 4, 4, 5, 2], 7) = 16806
N([1, 4, 4, 5, 3], 7) = 16806
N([1, 4, 4, 5, 4], 7) = 16806
N([1, 4, 4, 5, 5], 7) = 16806
N([1, 4, 4, 5, 6], 7) = 16806
N([1, 4, 4, 5, 7], 7) = 16806
N([1, 4, 4, 6, 1], 7) = 16806
N([1, 4, 4, 6, 2], 7) = 16806
N([1, 4, 4, 6, 3], 7) = 16806
N([1, 4, 4, 6, 4], 7) = 16806
N([1, 4, 4, 6, 5], 7) = 16806
N([1, 4, 4, 6, 6], 7) = 16806
N([1, 4, 4, 6, 7], 7) = 16806
N([1, 4, 4, 7, 1], 7) = 16806
N([1, 4, 4, 7, 2], 7) = 16806
N([1, 4, 4, 7, 3], 7) = 16806
N([1, 4, 4, 7, 4], 7) = 16806
N([1, 4, 4, 7, 5], 7) = 16806
N([1, 4, 4, 7, 6], 7) = 16806
N([1, 4, 4, 7, 7], 7) = 16806
N([1, 4, 5, 1, 1], 7) = 16806
N([1, 4, 5, 1, 2], 7) = 16806
N([1, 4, 5, 1, 3], 7) = 16806
N([1, 4, 5, 1, 4], 7) = 16806
N([1, 4, 5, 1, 5], 7) = 16806
N([1, 4, 5, 1, 6], 7) = 16806
N([1, 4, 5, 1, 7], 7) = 16806
N([1, 4, 5, 2, 1], 7) = 16806
N([1, 4, 5, 2, 2], 7) = 16806
N([1, 4, 5, 2, 3], 7) = 16806
N([1, 4, 5, 2, 4], 7) = 16806
N([1, 4, 5, 2, 5], 7) = 16806
N([1, 4, 5, 2, 6], 7) = 16806
N([1, 4, 5, 2, 7], 7) = 16806
N([1, 4, 5, 3, 1], 7) = 16806
N([1, 4, 5, 3, 2], 7) = 16806
N([1, 4, 5, 3, 3], 7) = 16806
N([1, 4, 5, 3, 4], 7) = 16806
N([1, 4, 5, 3, 5], 7) = 16806
N([1, 4, 5, 3, 6], 7) = 16806
N([1, 4, 5, 3, 7], 7) = 16806
N([1, 4, 5, 4, 1], 7) = 16806
N([1, 4, 5, 4, 2], 7) = 16806
N([1, 4, 5, 4, 3], 7) = 16806
N([1, 4, 5, 4, 4], 7) = 16806
N([1, 4, 5, 4, 5], 7) = 16806
N([1, 4, 5, 4, 6], 7) = 16806
N([1, 4, 5, 4, 7], 7) = 16806
N([1, 4, 5, 5, 1], 7) = 16806
N([1, 4, 5, 5, 2], 7) = 16806
N([1, 4, 5, 5, 3], 7) = 16806
N([1, 4, 5, 5, 4], 7) = 16806
N([1, 4, 5, 5, 5], 7) = 16806
N([1, 4, 5, 5, 6], 7) = 16806
N([1, 4, 5, 5, 7], 7) = 16806
N([1, 4, 5, 6, 1], 7) = 16806
N([1, 4, 5, 6, 2], 7) = 16806
N([1, 4, 5, 6, 3], 7) = 16806
N([1, 4, 5, 6, 4], 7) = 16806
N([1, 4, 5, 6, 5], 7) = 16806
N([1, 4, 5, 6, 6], 7) = 16806
N([1, 4, 5, 6, 7], 7) = 16806
N([1, 4, 5, 7, 1], 7) = 16806
N([1, 4, 5, 7, 2], 7) = 16806
N([1, 4, 5, 7, 3], 7) = 16806
N([1, 4, 5, 7, 4], 7) = 16806
N([1, 4, 5, 7, 5], 7) = 16806
N([1, 4, 5, 7, 6], 7) = 16806
N([1, 4, 5, 7, 7], 7) = 16806
N([1, 4, 6, 1, 1], 7) = 16806
N([1, 4, 6, 1, 2], 7) = 16806
N([1, 4, 6, 1, 3], 7) = 16806
N([1, 4, 6, 1, 4], 7) = 16806
N([1, 4, 6, 1, 5], 7) = 16806
N([1, 4, 6, 1, 6], 7) = 16806
N([1, 4, 6, 1, 7], 7) = 16806
N([1, 4, 6, 2, 1], 7) = 16806
N([1, 4, 6, 2, 2], 7) = 16806
N([1, 4, 6, 2, 3], 7) = 16806
N([1, 4, 6, 2, 4], 7) = 16806
N([1, 4, 6, 2, 5], 7) = 16806
N([1, 4, 6, 2, 6], 7) = 16806
N([1, 4, 6, 2, 7], 7) = 16806
N([1, 4, 6, 3, 1], 7) = 16806
N([1, 4, 6, 3, 2], 7) = 16806
N([1, 4, 6, 3, 3], 7) = 16806
N([1, 4, 6, 3, 4], 7) = 16806
N([1, 4, 6, 3, 5], 7) = 16806
N([1, 4, 6, 3, 6], 7) = 16806
N([1, 4, 6, 3, 7], 7) = 16806
N([1, 4, 6, 4, 1], 7) = 16806
N([1, 4, 6, 4, 2], 7) = 16806
N([1, 4, 6, 4, 3], 7) = 16806
N([1, 4, 6, 4, 4], 7) = 16806
N([1, 4, 6, 4, 5], 7) = 16806
N([1, 4, 6, 4, 6], 7) = 16806
N([1, 4, 6, 4, 7], 7) = 16806
N([1, 4, 6, 5, 1], 7) = 16806
N([1, 4, 6, 5, 2], 7) = 16806
N([1, 4, 6, 5, 3], 7) = 16806
N([1, 4, 6, 5, 4], 7) = 16806
N([1, 4, 6, 5, 5], 7) = 16806
N([1, 4, 6, 5, 6], 7) = 16806
N([1, 4, 6, 5, 7], 7) = 16806
N([1, 4, 6, 6, 1], 7) = 16806
N([1, 4, 6, 6, 2], 7) = 16806
N([1, 4, 6, 6, 3], 7) = 16806
N([1, 4, 6, 6, 4], 7) = 16806
N([1, 4, 6, 6, 5], 7) = 16806
N([1, 4, 6, 6, 6], 7) = 16806
N([1, 4, 6, 6, 7], 7) = 16806
N([1, 4, 6, 7, 1], 7) = 16806
N([1, 4, 6, 7, 2], 7) = 16806
N([1, 4, 6, 7, 3], 7) = 16806
N([1, 4, 6, 7, 4], 7) = 16806
N([1, 4, 6, 7, 5], 7) = 16806
N([1, 4, 6, 7, 6], 7) = 16806
N([1, 4, 6, 7, 7], 7) = 16806
N([1, 4, 7, 1, 1], 7) = 16806
N([1, 4, 7, 1, 2], 7) = 16806
N([1, 4, 7, 1, 3], 7) = 16806
N([1, 4, 7, 1, 4], 7) = 16806
N([1, 4, 7, 1, 5], 7) = 16806
N([1, 4, 7, 1, 6], 7) = 16806
N([1, 4, 7, 1, 7], 7) = 16806
N([1, 4, 7, 2, 1], 7) = 16806
N([1, 4, 7, 2, 2], 7) = 16806
N([1, 4, 7, 2, 3], 7) = 16806
N([1, 4, 7, 2, 4], 7) = 16806
N([1, 4, 7, 2, 5], 7) = 16806
N([1, 4, 7, 2, 6], 7) = 16806
N([1, 4, 7, 2, 7], 7) = 16806
N([1, 4, 7, 3, 1], 7) = 16806
N([1, 4, 7, 3, 2], 7) = 16806
N([1, 4, 7, 3, 3], 7) = 16806
N([1, 4, 7, 3, 4], 7) = 16806
N([1, 4, 7, 3, 5], 7) = 16806
N([1, 4, 7, 3, 6], 7) = 16806
N([1, 4, 7, 3, 7], 7) = 16806
N([1, 4, 7, 4, 1], 7) = 16806
N([1, 4, 7, 4, 2], 7) = 16806
N([1, 4, 7, 4, 3], 7) = 16806
N([1, 4, 7, 4, 4], 7) = 16806
N([1, 4, 7, 4, 5], 7) = 16806
N([1, 4, 7, 4, 6], 7) = 16806
N([1, 4, 7, 4, 7], 7) = 16806
N([1, 4, 7, 5, 1], 7) = 16806
N([1, 4, 7, 5, 2], 7) = 16806
N([1, 4, 7, 5, 3], 7) = 16806
N([1, 4, 7, 5, 4], 7) = 16806
N([1, 4, 7, 5, 5], 7) = 16806
N([1, 4, 7, 5, 6], 7) = 16806
N([1, 4, 7, 5, 7], 7) = 16806
N([1, 4, 7, 6, 1], 7) = 16806
N([1, 4, 7, 6, 2], 7) = 16806
N([1, 4, 7, 6, 3], 7) = 16806
N([1, 4, 7, 6, 4], 7) = 16806
N([1, 4, 7, 6, 5], 7) = 16806
N([1, 4, 7, 6, 6], 7) = 16806
N([1, 4, 7, 6, 7], 7) = 16806
N([1, 4, 7, 7, 1], 7) = 16806
N([1, 4, 7, 7, 2], 7) = 16806
N([1, 4, 7, 7, 3], 7) = 16806
N([1, 4, 7, 7, 4], 7) = 16806
N([1, 4, 7, 7, 5], 7) = 16806
N([1, 4, 7, 7, 6], 7) = 16806
N([1, 4, 7, 7, 7], 7) = 16806
N([1, 5, 1, 1, 1], 7) = 16806
N([1, 5, 1, 1, 2], 7) = 16806
N([1, 5, 1, 1, 3], 7) = 16806
N([1, 5, 1, 1, 4], 7) = 16806
N([1, 5, 1, 1, 5], 7) = 16806
N([1, 5, 1, 1, 6], 7) = 16806
N([1, 5, 1, 1, 7], 7) = 16806
N([1, 5, 1, 2, 1], 7) = 16806
N([1, 5, 1, 2, 2], 7) = 16806
N([1, 5, 1, 2, 3], 7) = 16806
N([1, 5, 1, 2, 4], 7) = 16806
N([1, 5, 1, 2, 5], 7) = 16806
N([1, 5, 1, 2, 6], 7) = 16806
N([1, 5, 1, 2, 7], 7) = 16806
N([1, 5, 1, 3, 1], 7) = 16806
N([1, 5, 1, 3, 2], 7) = 16806
N([1, 5, 1, 3, 3], 7) = 16806
N([1, 5, 1, 3, 4], 7) = 16806
N([1, 5, 1, 3, 5], 7) = 16806
N([1, 5, 1, 3, 6], 7) = 16806
N([1, 5, 1, 3, 7], 7) = 16806
N([1, 5, 1, 4, 1], 7) = 16806
N([1, 5, 1, 4, 2], 7) = 16806
N([1, 5, 1, 4, 3], 7) = 16806
N([1, 5, 1, 4, 4], 7) = 16806
N([1, 5, 1, 4, 5], 7) = 16806
N([1, 5, 1, 4, 6], 7) = 16806
N([1, 5, 1, 4, 7], 7) = 16806
N([1, 5, 1, 5, 1], 7) = 16806
N([1, 5, 1, 5, 2], 7) = 16806
N([1, 5, 1, 5, 3], 7) = 16806
N([1, 5, 1, 5, 4], 7) = 16806
N([1, 5, 1, 5, 5], 7) = 16806
N([1, 5, 1, 5, 6], 7) = 16806
N([1, 5, 1, 5, 7], 7) = 16806
N([1, 5, 1, 6, 1], 7) = 16806
N([1, 5, 1, 6, 2], 7) = 16806
N([1, 5, 1, 6, 3], 7) = 16806
N([1, 5, 1, 6, 4], 7) = 16806
N([1, 5, 1, 6, 5], 7) = 16806
N([1, 5, 1, 6, 6], 7) = 16806
N([1, 5, 1, 6, 7], 7) = 16806
N([1, 5, 1, 7, 1], 7) = 16806
N([1, 5, 1, 7, 2], 7) = 16806
N([1, 5, 1, 7, 3], 7) = 16806
N([1, 5, 1, 7, 4], 7) = 16806
N([1, 5, 1, 7, 5], 7) = 16806
N([1, 5, 1, 7, 6], 7) = 16806
N([1, 5, 1, 7, 7], 7) = 16806
N([1, 5, 2, 1, 1], 7) = 16806
N([1, 5, 2, 1, 2], 7) = 16806
N([1, 5, 2, 1, 3], 7) = 16806
N([1, 5, 2, 1, 4], 7) = 16806
N([1, 5, 2, 1, 5], 7) = 16806
N([1, 5, 2, 1, 6], 7) = 16806
N([1, 5, 2, 1, 7], 7) = 16806
N([1, 5, 2, 2, 1], 7) = 16806
N([1, 5, 2, 2, 2], 7) = 16806
N([1, 5, 2, 2, 3], 7) = 16806
N([1, 5, 2, 2, 4], 7) = 16806
N([1, 5, 2, 2, 5], 7) = 16806
N([1, 5, 2, 2, 6], 7) = 16806
N([1, 5, 2, 2, 7], 7) = 16806
N([1, 5, 2, 3, 1], 7) = 16806
N([1, 5, 2, 3, 2], 7) = 16806
N([1, 5, 2, 3, 3], 7) = 16806
N([1, 5, 2, 3, 4], 7) = 16806
N([1, 5, 2, 3, 5], 7) = 16806
N([1, 5, 2, 3, 6], 7) = 16806
N([1, 5, 2, 3, 7], 7) = 16806
N([1, 5, 2, 4, 1], 7) = 16806
N([1, 5, 2, 4, 2], 7) = 16806
N([1, 5, 2, 4, 3], 7) = 16806
N([1, 5, 2, 4, 4], 7) = 16806
N([1, 5, 2, 4, 5], 7) = 16806
N([1, 5, 2, 4, 6], 7) = 16806
N([1, 5, 2, 4, 7], 7) = 16806
N([1, 5, 2, 5, 1], 7) = 16806
N([1, 5, 2, 5, 2], 7) = 16806
N([1, 5, 2, 5, 3], 7) = 16806
N([1, 5, 2, 5, 4], 7) = 16806
N([1, 5, 2, 5, 5], 7) = 16806
N([1, 5, 2, 5, 6], 7) = 16806
N([1, 5, 2, 5, 7], 7) = 16806
N([1, 5, 2, 6, 1], 7) = 16806
N([1, 5, 2, 6, 2], 7) = 16806
N([1, 5, 2, 6, 3], 7) = 16806
N([1, 5, 2, 6, 4], 7) = 16806
N([1, 5, 2, 6, 5], 7) = 16806
N([1, 5, 2, 6, 6], 7) = 16806
N([1, 5, 2, 6, 7], 7) = 16806
N([1, 5, 2, 7, 1], 7) = 16806
N([1, 5, 2, 7, 2], 7) = 16806
N([1, 5, 2, 7, 3], 7) = 16806
N([1, 5, 2, 7, 4], 7) = 16806
N([1, 5, 2, 7, 5], 7) = 16806
N([1, 5, 2, 7, 6], 7) = 16806
N([1, 5, 2, 7, 7], 7) = 16806
N([1, 5, 3, 1, 1], 7) = 16806
N([1, 5, 3, 1, 2], 7) = 16806
N([1, 5, 3, 1, 3], 7) = 16806
N([1, 5, 3, 1, 4], 7) = 16806
N([1, 5, 3, 1, 5], 7) = 16806
N([1, 5, 3, 1, 6], 7) = 16806
N([1, 5, 3, 1, 7], 7) = 16806
N([1, 5, 3, 2, 1], 7) = 16806
N([1, 5, 3, 2, 2], 7) = 16806
N([1, 5, 3, 2, 3], 7) = 16806
N([1, 5, 3, 2, 4], 7) = 16806
N([1, 5, 3, 2, 5], 7) = 16806
N([1, 5, 3, 2, 6], 7) = 16806
N([1, 5, 3, 2, 7], 7) = 16806
N([1, 5, 3, 3, 1], 7) = 16806
N([1, 5, 3, 3, 2], 7) = 16806
N([1, 5, 3, 3, 3], 7) = 16806
N([1, 5, 3, 3, 4], 7) = 16806
N([1, 5, 3, 3, 5], 7) = 16806
N([1, 5, 3, 3, 6], 7) = 16806
N([1, 5, 3, 3, 7], 7) = 16806
N([1, 5, 3, 4, 1], 7) = 16806
N([1, 5, 3, 4, 2], 7) = 16806
N([1, 5, 3, 4, 3], 7) = 16806
N([1, 5, 3, 4, 4], 7) = 16806
N([1, 5, 3, 4, 5], 7) = 16806
N([1, 5, 3, 4, 6], 7) = 16806
N([1, 5, 3, 4, 7], 7) = 16806
N([1, 5, 3, 5, 1], 7) = 16806
N([1, 5, 3, 5, 2], 7) = 16806
N([1, 5, 3, 5, 3], 7) = 16806
N([1, 5, 3, 5, 4], 7) = 16806
N([1, 5, 3, 5, 5], 7) = 16806
N([1, 5, 3, 5, 6], 7) = 16806
N([1, 5, 3, 5, 7], 7) = 16806
N([1, 5, 3, 6, 1], 7) = 16806
N([1, 5, 3, 6, 2], 7) = 16806
N([1, 5, 3, 6, 3], 7) = 16806
N([1, 5, 3, 6, 4], 7) = 16806
N([1, 5, 3, 6, 5], 7) = 16806
N([1, 5, 3, 6, 6], 7) = 16806
N([1, 5, 3, 6, 7], 7) = 16806
N([1, 5, 3, 7, 1], 7) = 16806
N([1, 5, 3, 7, 2], 7) = 16806
N([1, 5, 3, 7, 3], 7) = 16806
N([1, 5, 3, 7, 4], 7) = 16806
N([1, 5, 3, 7, 5], 7) = 16806
N([1, 5, 3, 7, 6], 7) = 16806
N([1, 5, 3, 7, 7], 7) = 16806
N([1, 5, 4, 1, 1], 7) = 16806
N([1, 5, 4, 1, 2], 7) = 16806
N([1, 5, 4, 1, 3], 7) = 16806
N([1, 5, 4, 1, 4], 7) = 16806
N([1, 5, 4, 1, 5], 7) = 16806
N([1, 5, 4, 1, 6], 7) = 16806
N([1, 5, 4, 1, 7], 7) = 16806
N([1, 5, 4, 2, 1], 7) = 16806
N([1, 5, 4, 2, 2], 7) = 16806
N([1, 5, 4, 2, 3], 7) = 16806
N([1, 5, 4, 2, 4], 7) = 16806
N([1, 5, 4, 2, 5], 7) = 16806
N([1, 5, 4, 2, 6], 7) = 16806
N([1, 5, 4, 2, 7], 7) = 16806
N([1, 5, 4, 3, 1], 7) = 16806
N([1, 5, 4, 3, 2], 7) = 16806
N([1, 5, 4, 3, 3], 7) = 16806
N([1, 5, 4, 3, 4], 7) = 16806
N([1, 5, 4, 3, 5], 7) = 16806
N([1, 5, 4, 3, 6], 7) = 16806
N([1, 5, 4, 3, 7], 7) = 16806
N([1, 5, 4, 4, 1], 7) = 16806
N([1, 5, 4, 4, 2], 7) = 16806
N([1, 5, 4, 4, 3], 7) = 16806
N([1, 5, 4, 4, 4], 7) = 16806
N([1, 5, 4, 4, 5], 7) = 16806
N([1, 5, 4, 4, 6], 7) = 16806
N([1, 5, 4, 4, 7], 7) = 16806
N([1, 5, 4, 5, 1], 7) = 16806
N([1, 5, 4, 5, 2], 7) = 16806
N([1, 5, 4, 5, 3], 7) = 16806
N([1, 5, 4, 5, 4], 7) = 16806
N([1, 5, 4, 5, 5], 7) = 16806
N([1, 5, 4, 5, 6], 7) = 16806
N([1, 5, 4, 5, 7], 7) = 16806
N([1, 5, 4, 6, 1], 7) = 16806
N([1, 5, 4, 6, 2], 7) = 16806
N([1, 5, 4, 6, 3], 7) = 16806
N([1, 5, 4, 6, 4], 7) = 16806
N([1, 5, 4, 6, 5], 7) = 16806
N([1, 5, 4, 6, 6], 7) = 16806
N([1, 5, 4, 6, 7], 7) = 16806
N([1, 5, 4, 7, 1], 7) = 16806
N([1, 5, 4, 7, 2], 7) = 16806
N([1, 5, 4, 7, 3], 7) = 16806
N([1, 5, 4, 7, 4], 7) = 16806
N([1, 5, 4, 7, 5], 7) = 16806
N([1, 5, 4, 7, 6], 7) = 16806
N([1, 5, 4, 7, 7], 7) = 16806
N([1, 5, 5, 1, 1], 7) = 16806
N([1, 5, 5, 1, 2], 7) = 16806
N([1, 5, 5, 1, 3], 7) = 16806
N([1, 5, 5, 1, 4], 7) = 16806
N([1, 5, 5, 1, 5], 7) = 16806
N([1, 5, 5, 1, 6], 7) = 16806
N([1, 5, 5, 1, 7], 7) = 16806
N([1, 5, 5, 2, 1], 7) = 16806
N([1, 5, 5, 2, 2], 7) = 16806
N([1, 5, 5, 2, 3], 7) = 16806
N([1, 5, 5, 2, 4], 7) = 16806
N([1, 5, 5, 2, 5], 7) = 16806
N([1, 5, 5, 2, 6], 7) = 16806
N([1, 5, 5, 2, 7], 7) = 16806
N([1, 5, 5, 3, 1], 7) = 16806
N([1, 5, 5, 3, 2], 7) = 16806
N([1, 5, 5, 3, 3], 7) = 16806
N([1, 5, 5, 3, 4], 7) = 16806
N([1, 5, 5, 3, 5], 7) = 16806
N([1, 5, 5, 3, 6], 7) = 16806
N([1, 5, 5, 3, 7], 7) = 16806
N([1, 5, 5, 4, 1], 7) = 16806
N([1, 5, 5, 4, 2], 7) = 16806
N([1, 5, 5, 4, 3], 7) = 16806
N([1, 5, 5, 4, 4], 7) = 16806
N([1, 5, 5, 4, 5], 7) = 16806
N([1, 5, 5, 4, 6], 7) = 16806
N([1, 5, 5, 4, 7], 7) = 16806
N([1, 5, 5, 5, 1], 7) = 16806
N([1, 5, 5, 5, 2], 7) = 16806
N([1, 5, 5, 5, 3], 7) = 16806
N([1, 5, 5, 5, 4], 7) = 16806
N([1, 5, 5, 5, 5], 7) = 16806
N([1, 5, 5, 5, 6], 7) = 16806
N([1, 5, 5, 5, 7], 7) = 16806
N([1, 5, 5, 6, 1], 7) = 16806
N([1, 5, 5, 6, 2], 7) = 16806
N([1, 5, 5, 6, 3], 7) = 16806
N([1, 5, 5, 6, 4], 7) = 16806
N([1, 5, 5, 6, 5], 7) = 16806
N([1, 5, 5, 6, 6], 7) = 16806
N([1, 5, 5, 6, 7], 7) = 16806
N([1, 5, 5, 7, 1], 7) = 16806
N([1, 5, 5, 7, 2], 7) = 16806
N([1, 5, 5, 7, 3], 7) = 16806
N([1, 5, 5, 7, 4], 7) = 16806
N([1, 5, 5, 7, 5], 7) = 16806
N([1, 5, 5, 7, 6], 7) = 16806
N([1, 5, 5, 7, 7], 7) = 16806
N([1, 5, 6, 1, 1], 7) = 16806
N([1, 5, 6, 1, 2], 7) = 16806
N([1, 5, 6, 1, 3], 7) = 16806
N([1, 5, 6, 1, 4], 7) = 16806
N([1, 5, 6, 1, 5], 7) = 16806
N([1, 5, 6, 1, 6], 7) = 16806
N([1, 5, 6, 1, 7], 7) = 16806
N([1, 5, 6, 2, 1], 7) = 16806
N([1, 5, 6, 2, 2], 7) = 16806
N([1, 5, 6, 2, 3], 7) = 16806
N([1, 5, 6, 2, 4], 7) = 16806
N([1, 5, 6, 2, 5], 7) = 16806
N([1, 5, 6, 2, 6], 7) = 16806
N([1, 5, 6, 2, 7], 7) = 16806
N([1, 5, 6, 3, 1], 7) = 16806
N([1, 5, 6, 3, 2], 7) = 16806
N([1, 5, 6, 3, 3], 7) = 16806
N([1, 5, 6, 3, 4], 7) = 16806
N([1, 5, 6, 3, 5], 7) = 16806
N([1, 5, 6, 3, 6], 7) = 16806
N([1, 5, 6, 3, 7], 7) = 16806
N([1, 5, 6, 4, 1], 7) = 16806
N([1, 5, 6, 4, 2], 7) = 16806
N([1, 5, 6, 4, 3], 7) = 16806
N([1, 5, 6, 4, 4], 7) = 16806
N([1, 5, 6, 4, 5], 7) = 16806
N([1, 5, 6, 4, 6], 7) = 16806
N([1, 5, 6, 4, 7], 7) = 16806
N([1, 5, 6, 5, 1], 7) = 16806
N([1, 5, 6, 5, 2], 7) = 16806
N([1, 5, 6, 5, 3], 7) = 16806
N([1, 5, 6, 5, 4], 7) = 16806
N([1, 5, 6, 5, 5], 7) = 16806
N([1, 5, 6, 5, 6], 7) = 16806
N([1, 5, 6, 5, 7], 7) = 16806
N([1, 5, 6, 6, 1], 7) = 16806
N([1, 5, 6, 6, 2], 7) = 16806
N([1, 5, 6, 6, 3], 7) = 16806
N([1, 5, 6, 6, 4], 7) = 16806
N([1, 5, 6, 6, 5], 7) = 16806
N([1, 5, 6, 6, 6], 7) = 16806
N([1, 5, 6, 6, 7], 7) = 16806
N([1, 5, 6, 7, 1], 7) = 16806
N([1, 5, 6, 7, 2], 7) = 16806
N([1, 5, 6, 7, 3], 7) = 16806
N([1, 5, 6, 7, 4], 7) = 16806
N([1, 5, 6, 7, 5], 7) = 16806
N([1, 5, 6, 7, 6], 7) = 16806
N([1, 5, 6, 7, 7], 7) = 16806
N([1, 5, 7, 1, 1], 7) = 16806
N([1, 5, 7, 1, 2], 7) = 16806
N([1, 5, 7, 1, 3], 7) = 16806
N([1, 5, 7, 1, 4], 7) = 16806
N([1, 5, 7, 1, 5], 7) = 16806
N([1, 5, 7, 1, 6], 7) = 16806
N([1, 5, 7, 1, 7], 7) = 16806
N([1, 5, 7, 2, 1], 7) = 16806
N([1, 5, 7, 2, 2], 7) = 16806
N([1, 5, 7, 2, 3], 7) = 16806
N([1, 5, 7, 2, 4], 7) = 16806
N([1, 5, 7, 2, 5], 7) = 16806
N([1, 5, 7, 2, 6], 7) = 16806
N([1, 5, 7, 2, 7], 7) = 16806
N([1, 5, 7, 3, 1], 7) = 16806
N([1, 5, 7, 3, 2], 7) = 16806
N([1, 5, 7, 3, 3], 7) = 16806
N([1, 5, 7, 3, 4], 7) = 16806
N([1, 5, 7, 3, 5], 7) = 16806
N([1, 5, 7, 3, 6], 7) = 16806
N([1, 5, 7, 3, 7], 7) = 16806
N([1, 5, 7, 4, 1], 7) = 16806
N([1, 5, 7, 4, 2], 7) = 16806
N([1, 5, 7, 4, 3], 7) = 16806
N([1, 5, 7, 4, 4], 7) = 16806
N([1, 5, 7, 4, 5], 7) = 16806
N([1, 5, 7, 4, 6], 7) = 16806
N([1, 5, 7, 4, 7], 7) = 16806
N([1, 5, 7, 5, 1], 7) = 16806
N([1, 5, 7, 5, 2], 7) = 16806
N([1, 5, 7, 5, 3], 7) = 16806
N([1, 5, 7, 5, 4], 7) = 16806
N([1, 5, 7, 5, 5], 7) = 16806
N([1, 5, 7, 5, 6], 7) = 16806
N([1, 5, 7, 5, 7], 7) = 16806
N([1, 5, 7, 6, 1], 7) = 16806
N([1, 5, 7, 6, 2], 7) = 16806
N([1, 5, 7, 6, 3], 7) = 16806
N([1, 5, 7, 6, 4], 7) = 16806
N([1, 5, 7, 6, 5], 7) = 16806
N([1, 5, 7, 6, 6], 7) = 16806
N([1, 5, 7, 6, 7], 7) = 16806
N([1, 5, 7, 7, 1], 7) = 16806
N([1, 5, 7, 7, 2], 7) = 16806
N([1, 5, 7, 7, 3], 7) = 16806
N([1, 5, 7, 7, 4], 7) = 16806
N([1, 5, 7, 7, 5], 7) = 16806
N([1, 5, 7, 7, 6], 7) = 16806
N([1, 5, 7, 7, 7], 7) = 16806
N([1, 6, 1, 1, 1], 7) = 16806
N([1, 6, 1, 1, 2], 7) = 16806
N([1, 6, 1, 1, 3], 7) = 16806
N([1, 6, 1, 1, 4], 7) = 16806
N([1, 6, 1, 1, 5], 7) = 16806
N([1, 6, 1, 1, 6], 7) = 16806
N([1, 6, 1, 1, 7], 7) = 16806
N([1, 6, 1, 2, 1], 7) = 16806
N([1, 6, 1, 2, 2], 7) = 16806
N([1, 6, 1, 2, 3], 7) = 16806
N([1, 6, 1, 2, 4], 7) = 16806
N([1, 6, 1, 2, 5], 7) = 16806
N([1, 6, 1, 2, 6], 7) = 16806
N([1, 6, 1, 2, 7], 7) = 16806
N([1, 6, 1, 3, 1], 7) = 16806
N([1, 6, 1, 3, 2], 7) = 16806
N([1, 6, 1, 3, 3], 7) = 16806
N([1, 6, 1, 3, 4], 7) = 16806
N([1, 6, 1, 3, 5], 7) = 16806
N([1, 6, 1, 3, 6], 7) = 16806
N([1, 6, 1, 3, 7], 7) = 16806
N([1, 6, 1, 4, 1], 7) = 16806
N([1, 6, 1, 4, 2], 7) = 16806
N([1, 6, 1, 4, 3], 7) = 16806
N([1, 6, 1, 4, 4], 7) = 16806
N([1, 6, 1, 4, 5], 7) = 16806
N([1, 6, 1, 4, 6], 7) = 16806
N([1, 6, 1, 4, 7], 7) = 16806
N([1, 6, 1, 5, 1], 7) = 16806
N([1, 6, 1, 5, 2], 7) = 16806
N([1, 6, 1, 5, 3], 7) = 16806
N([1, 6, 1, 5, 4], 7) = 16806
N([1, 6, 1, 5, 5], 7) = 16806
N([1, 6, 1, 5, 6], 7) = 16806
N([1, 6, 1, 5, 7], 7) = 16806
N([1, 6, 1, 6, 1], 7) = 16806
N([1, 6, 1, 6, 2], 7) = 16806
N([1, 6, 1, 6, 3], 7) = 16806
N([1, 6, 1, 6, 4], 7) = 16806
N([1, 6, 1, 6, 5], 7) = 16806
N([1, 6, 1, 6, 6], 7) = 16806
N([1, 6, 1, 6, 7], 7) = 16806
N([1, 6, 1, 7, 1], 7) = 16806
N([1, 6, 1, 7, 2], 7) = 16806
N([1, 6, 1, 7, 3], 7) = 16806
N([1, 6, 1, 7, 4], 7) = 16806
N([1, 6, 1, 7, 5], 7) = 16806
N([1, 6, 1, 7, 6], 7) = 16806
N([1, 6, 1, 7, 7], 7) = 16806
N([1, 6, 2, 1, 1], 7) = 16806
N([1, 6, 2, 1, 2], 7) = 16806
N([1, 6, 2, 1, 3], 7) = 16806
N([1, 6, 2, 1, 4], 7) = 16806
N([1, 6, 2, 1, 5], 7) = 16806
N([1, 6, 2, 1, 6], 7) = 16806
N([1, 6, 2, 1, 7], 7) = 16806
N([1, 6, 2, 2, 1], 7) = 16806
N([1, 6, 2, 2, 2], 7) = 16806
N([1, 6, 2, 2, 3], 7) = 16806
N([1, 6, 2, 2, 4], 7) = 16806
N([1, 6, 2, 2, 5], 7) = 16806
N([1, 6, 2, 2, 6], 7) = 16806
N([1, 6, 2, 2, 7], 7) = 16806
N([1, 6, 2, 3, 1], 7) = 16806
N([1, 6, 2, 3, 2], 7) = 16806
N([1, 6, 2, 3, 3], 7) = 16806
N([1, 6, 2, 3, 4], 7) = 16806
N([1, 6, 2, 3, 5], 7) = 16806
N([1, 6, 2, 3, 6], 7) = 16806
N([1, 6, 2, 3, 7], 7) = 16806
N([1, 6, 2, 4, 1], 7) = 16806
N([1, 6, 2, 4, 2], 7) = 16806
N([1, 6, 2, 4, 3], 7) = 16806
N([1, 6, 2, 4, 4], 7) = 16806
N([1, 6, 2, 4, 5], 7) = 16806
N([1, 6, 2, 4, 6], 7) = 16806
N([1, 6, 2, 4, 7], 7) = 16806
N([1, 6, 2, 5, 1], 7) = 16806
N([1, 6, 2, 5, 2], 7) = 16806
N([1, 6, 2, 5, 3], 7) = 16806
N([1, 6, 2, 5, 4], 7) = 16806
N([1, 6, 2, 5, 5], 7) = 16806
N([1, 6, 2, 5, 6], 7) = 16806
N([1, 6, 2, 5, 7], 7) = 16806
N([1, 6, 2, 6, 1], 7) = 16806
N([1, 6, 2, 6, 2], 7) = 16806
N([1, 6, 2, 6, 3], 7) = 16806
N([1, 6, 2, 6, 4], 7) = 16806
N([1, 6, 2, 6, 5], 7) = 16806
N([1, 6, 2, 6, 6], 7) = 16806
N([1, 6, 2, 6, 7], 7) = 16806
N([1, 6, 2, 7, 1], 7) = 16806
N([1, 6, 2, 7, 2], 7) = 16806
N([1, 6, 2, 7, 3], 7) = 16806
N([1, 6, 2, 7, 4], 7) = 16806
N([1, 6, 2, 7, 5], 7) = 16806
N([1, 6, 2, 7, 6], 7) = 16806
N([1, 6, 2, 7, 7], 7) = 16806
N([1, 6, 3, 1, 1], 7) = 16806
N([1, 6, 3, 1, 2], 7) = 16806
N([1, 6, 3, 1, 3], 7) = 16806
N([1, 6, 3, 1, 4], 7) = 16806
N([1, 6, 3, 1, 5], 7) = 16806
N([1, 6, 3, 1, 6], 7) = 16806
N([1, 6, 3, 1, 7], 7) = 16806
N([1, 6, 3, 2, 1], 7) = 16806
N([1, 6, 3, 2, 2], 7) = 16806
N([1, 6, 3, 2, 3], 7) = 16806
N([1, 6, 3, 2, 4], 7) = 16806
N([1, 6, 3, 2, 5], 7) = 16806
N([1, 6, 3, 2, 6], 7) = 16806
N([1, 6, 3, 2, 7], 7) = 16806
N([1, 6, 3, 3, 1], 7) = 16806
N([1, 6, 3, 3, 2], 7) = 16806
N([1, 6, 3, 3, 3], 7) = 16806
N([1, 6, 3, 3, 4], 7) = 16806
N([1, 6, 3, 3, 5], 7) = 16806
N([1, 6, 3, 3, 6], 7) = 16806
N([1, 6, 3, 3, 7], 7) = 16806
N([1, 6, 3, 4, 1], 7) = 16806
N([1, 6, 3, 4, 2], 7) = 16806
N([1, 6, 3, 4, 3], 7) = 16806
N([1, 6, 3, 4, 4], 7) = 16806
N([1, 6, 3, 4, 5], 7) = 16806
N([1, 6, 3, 4, 6], 7) = 16806
N([1, 6, 3, 4, 7], 7) = 16806
N([1, 6, 3, 5, 1], 7) = 16806
N([1, 6, 3, 5, 2], 7) = 16806
N([1, 6, 3, 5, 3], 7) = 16806
N([1, 6, 3, 5, 4], 7) = 16806
N([1, 6, 3, 5, 5], 7) = 16806
N([1, 6, 3, 5, 6], 7) = 16806
N([1, 6, 3, 5, 7], 7) = 16806
N([1, 6, 3, 6, 1], 7) = 16806
N([1, 6, 3, 6, 2], 7) = 16806
N([1, 6, 3, 6, 3], 7) = 16806
N([1, 6, 3, 6, 4], 7) = 16806
N([1, 6, 3, 6, 5], 7) = 16806
N([1, 6, 3, 6, 6], 7) = 16806
N([1, 6, 3, 6, 7], 7) = 16806
N([1, 6, 3, 7, 1], 7) = 16806
N([1, 6, 3, 7, 2], 7) = 16806
N([1, 6, 3, 7, 3], 7) = 16806
N([1, 6, 3, 7, 4], 7) = 16806
N([1, 6, 3, 7, 5], 7) = 16806
N([1, 6, 3, 7, 6], 7) = 16806
N([1, 6, 3, 7, 7], 7) = 16806
N([1, 6, 4, 1, 1], 7) = 16806
N([1, 6, 4, 1, 2], 7) = 16806
N([1, 6, 4, 1, 3], 7) = 16806
N([1, 6, 4, 1, 4], 7) = 16806
N([1, 6, 4, 1, 5], 7) = 16806
N([1, 6, 4, 1, 6], 7) = 16806
N([1, 6, 4, 1, 7], 7) = 16806
N([1, 6, 4, 2, 1], 7) = 16806
N([1, 6, 4, 2, 2], 7) = 16806
N([1, 6, 4, 2, 3], 7) = 16806
N([1, 6, 4, 2, 4], 7) = 16806
N([1, 6, 4, 2, 5], 7) = 16806
N([1, 6, 4, 2, 6], 7) = 16806
N([1, 6, 4, 2, 7], 7) = 16806
N([1, 6, 4, 3, 1], 7) = 16806
N([1, 6, 4, 3, 2], 7) = 16806
N([1, 6, 4, 3, 3], 7) = 16806
N([1, 6, 4, 3, 4], 7) = 16806
N([1, 6, 4, 3, 5], 7) = 16806
N([1, 6, 4, 3, 6], 7) = 16806
N([1, 6, 4, 3, 7], 7) = 16806
N([1, 6, 4, 4, 1], 7) = 16806
N([1, 6, 4, 4, 2], 7) = 16806
N([1, 6, 4, 4, 3], 7) = 16806
N([1, 6, 4, 4, 4], 7) = 16806
N([1, 6, 4, 4, 5], 7) = 16806
N([1, 6, 4, 4, 6], 7) = 16806
N([1, 6, 4, 4, 7], 7) = 16806
N([1, 6, 4, 5, 1], 7) = 16806
N([1, 6, 4, 5, 2], 7) = 16806
N([1, 6, 4, 5, 3], 7) = 16806
N([1, 6, 4, 5, 4], 7) = 16806
N([1, 6, 4, 5, 5], 7) = 16806
N([1, 6, 4, 5, 6], 7) = 16806
N([1, 6, 4, 5, 7], 7) = 16806
N([1, 6, 4, 6, 1], 7) = 16806
N([1, 6, 4, 6, 2], 7) = 16806
N([1, 6, 4, 6, 3], 7) = 16806
N([1, 6, 4, 6, 4], 7) = 16806
N([1, 6, 4, 6, 5], 7) = 16806
N([1, 6, 4, 6, 6], 7) = 16806
N([1, 6, 4, 6, 7], 7) = 16806
N([1, 6, 4, 7, 1], 7) = 16806
N([1, 6, 4, 7, 2], 7) = 16806
N([1, 6, 4, 7, 3], 7) = 16806
N([1, 6, 4, 7, 4], 7) = 16806
N([1, 6, 4, 7, 5], 7) = 16806
N([1, 6, 4, 7, 6], 7) = 16806
N([1, 6, 4, 7, 7], 7) = 16806
N([1, 6, 5, 1, 1], 7) = 16806
N([1, 6, 5, 1, 2], 7) = 16806
N([1, 6, 5, 1, 3], 7) = 16806
N([1, 6, 5, 1, 4], 7) = 16806
N([1, 6, 5, 1, 5], 7) = 16806
N([1, 6, 5, 1, 6], 7) = 16806
N([1, 6, 5, 1, 7], 7) = 16806
N([1, 6, 5, 2, 1], 7) = 16806
N([1, 6, 5, 2, 2], 7) = 16806
N([1, 6, 5, 2, 3], 7) = 16806
N([1, 6, 5, 2, 4], 7) = 16806
N([1, 6, 5, 2, 5], 7) = 16806
N([1, 6, 5, 2, 6], 7) = 16806
N([1, 6, 5, 2, 7], 7) = 16806
N([1, 6, 5, 3, 1], 7) = 16806
N([1, 6, 5, 3, 2], 7) = 16806
N([1, 6, 5, 3, 3], 7) = 16806
N([1, 6, 5, 3, 4], 7) = 16806
N([1, 6, 5, 3, 5], 7) = 16806
N([1, 6, 5, 3, 6], 7) = 16806
N([1, 6, 5, 3, 7], 7) = 16806
N([1, 6, 5, 4, 1], 7) = 16806
N([1, 6, 5, 4, 2], 7) = 16806
N([1, 6, 5, 4, 3], 7) = 16806
N([1, 6, 5, 4, 4], 7) = 16806
N([1, 6, 5, 4, 5], 7) = 16806
N([1, 6, 5, 4, 6], 7) = 16806
N([1, 6, 5, 4, 7], 7) = 16806
N([1, 6, 5, 5, 1], 7) = 16806
N([1, 6, 5, 5, 2], 7) = 16806
N([1, 6, 5, 5, 3], 7) = 16806
N([1, 6, 5, 5, 4], 7) = 16806
N([1, 6, 5, 5, 5], 7) = 16806
N([1, 6, 5, 5, 6], 7) = 16806
N([1, 6, 5, 5, 7], 7) = 16806
N([1, 6, 5, 6, 1], 7) = 16806
N([1, 6, 5, 6, 2], 7) = 16806
N([1, 6, 5, 6, 3], 7) = 16806
N([1, 6, 5, 6, 4], 7) = 16806
N([1, 6, 5, 6, 5], 7) = 16806
N([1, 6, 5, 6, 6], 7) = 16806
N([1, 6, 5, 6, 7], 7) = 16806
N([1, 6, 5, 7, 1], 7) = 16806
N([1, 6, 5, 7, 2], 7) = 16806
N([1, 6, 5, 7, 3], 7) = 16806
N([1, 6, 5, 7, 4], 7) = 16806
N([1, 6, 5, 7, 5], 7) = 16806
N([1, 6, 5, 7, 6], 7) = 16806
N([1, 6, 5, 7, 7], 7) = 16806
N([1, 6, 6, 1, 1], 7) = 16806
N([1, 6, 6, 1, 2], 7) = 16806
N([1, 6, 6, 1, 3], 7) = 16806
N([1, 6, 6, 1, 4], 7) = 16806
N([1, 6, 6, 1, 5], 7) = 16806
N([1, 6, 6, 1, 6], 7) = 16806
N([1, 6, 6, 1, 7], 7) = 16806
N([1, 6, 6, 2, 1], 7) = 16806
N([1, 6, 6, 2, 2], 7) = 16806
N([1, 6, 6, 2, 3], 7) = 16806
N([1, 6, 6, 2, 4], 7) = 16806
N([1, 6, 6, 2, 5], 7) = 16806
N([1, 6, 6, 2, 6], 7) = 16806
N([1, 6, 6, 2, 7], 7) = 16806
N([1, 6, 6, 3, 1], 7) = 16806
N([1, 6, 6, 3, 2], 7) = 16806
N([1, 6, 6, 3, 3], 7) = 16806
N([1, 6, 6, 3, 4], 7) = 16806
N([1, 6, 6, 3, 5], 7) = 16806
N([1, 6, 6, 3, 6], 7) = 16806
N([1, 6, 6, 3, 7], 7) = 16806
N([1, 6, 6, 4, 1], 7) = 16806
N([1, 6, 6, 4, 2], 7) = 16806
N([1, 6, 6, 4, 3], 7) = 16806
N([1, 6, 6, 4, 4], 7) = 16806
N([1, 6, 6, 4, 5], 7) = 16806
N([1, 6, 6, 4, 6], 7) = 16806
N([1, 6, 6, 4, 7], 7) = 16806
N([1, 6, 6, 5, 1], 7) = 16806
N([1, 6, 6, 5, 2], 7) = 16806
N([1, 6, 6, 5, 3], 7) = 16806
N([1, 6, 6, 5, 4], 7) = 16806
N([1, 6, 6, 5, 5], 7) = 16806
N([1, 6, 6, 5, 6], 7) = 16806
N([1, 6, 6, 5, 7], 7) = 16806
N([1, 6, 6, 6, 1], 7) = 16806
N([1, 6, 6, 6, 2], 7) = 16806
N([1, 6, 6, 6, 3], 7) = 16806
N([1, 6, 6, 6, 4], 7) = 16806
N([1, 6, 6, 6, 5], 7) = 16806
N([1, 6, 6, 6, 6], 7) = 16806
N([1, 6, 6, 6, 7], 7) = 16806
N([1, 6, 6, 7, 1], 7) = 16806
N([1, 6, 6, 7, 2], 7) = 16806
N([1, 6, 6, 7, 3], 7) = 16806
N([1, 6, 6, 7, 4], 7) = 16806
N([1, 6, 6, 7, 5], 7) = 16806
N([1, 6, 6, 7, 6], 7) = 16806
N([1, 6, 6, 7, 7], 7) = 16806
N([1, 6, 7, 1, 1], 7) = 16806
N([1, 6, 7, 1, 2], 7) = 16806
N([1, 6, 7, 1, 3], 7) = 16806
N([1, 6, 7, 1, 4], 7) = 16806
N([1, 6, 7, 1, 5], 7) = 16806
N([1, 6, 7, 1, 6], 7) = 16806
N([1, 6, 7, 1, 7], 7) = 16806
N([1, 6, 7, 2, 1], 7) = 16806
N([1, 6, 7, 2, 2], 7) = 16806
N([1, 6, 7, 2, 3], 7) = 16806
N([1, 6, 7, 2, 4], 7) = 16806
N([1, 6, 7, 2, 5], 7) = 16806
N([1, 6, 7, 2, 6], 7) = 16806
N([1, 6, 7, 2, 7], 7) = 16806
N([1, 6, 7, 3, 1], 7) = 16806
N([1, 6, 7, 3, 2], 7) = 16806
N([1, 6, 7, 3, 3], 7) = 16806
N([1, 6, 7, 3, 4], 7) = 16806
N([1, 6, 7, 3, 5], 7) = 16806
N([1, 6, 7, 3, 6], 7) = 16806
N([1, 6, 7, 3, 7], 7) = 16806
N([1, 6, 7, 4, 1], 7) = 16806
N([1, 6, 7, 4, 2], 7) = 16806
N([1, 6, 7, 4, 3], 7) = 16806
N([1, 6, 7, 4, 4], 7) = 16806
N([1, 6, 7, 4, 5], 7) = 16806
N([1, 6, 7, 4, 6], 7) = 16806
N([1, 6, 7, 4, 7], 7) = 16806
N([1, 6, 7, 5, 1], 7) = 16806
N([1, 6, 7, 5, 2], 7) = 16806
N([1, 6, 7, 5, 3], 7) = 16806
N([1, 6, 7, 5, 4], 7) = 16806
N([1, 6, 7, 5, 5], 7) = 16806
N([1, 6, 7, 5, 6], 7) = 16806
N([1, 6, 7, 5, 7], 7) = 16806
N([1, 6, 7, 6, 1], 7) = 16806
N([1, 6, 7, 6, 2], 7) = 16806
N([1, 6, 7, 6, 3], 7) = 16806
N([1, 6, 7, 6, 4], 7) = 16806
N([1, 6, 7, 6, 5], 7) = 16806
N([1, 6, 7, 6, 6], 7) = 16806
N([1, 6, 7, 6, 7], 7) = 16806
N([1, 6, 7, 7, 1], 7) = 16806
N([1, 6, 7, 7, 2], 7) = 16806
N([1, 6, 7, 7, 3], 7) = 16806
N([1, 6, 7, 7, 4], 7) = 16806
N([1, 6, 7, 7, 5], 7) = 16806
N([1, 6, 7, 7, 6], 7) = 16806
N([1, 6, 7, 7, 7], 7) = 16806
N([1, 7, 1, 1, 1], 7) = 16806
N([1, 7, 1, 1, 2], 7) = 16806
N([1, 7, 1, 1, 3], 7) = 16806
N([1, 7, 1, 1, 4], 7) = 16806
N([1, 7, 1, 1, 5], 7) = 16806
N([1, 7, 1, 1, 6], 7) = 16806
N([1, 7, 1, 1, 7], 7) = 16806
N([1, 7, 1, 2, 1], 7) = 16806
N([1, 7, 1, 2, 2], 7) = 16806
N([1, 7, 1, 2, 3], 7) = 16806
N([1, 7, 1, 2, 4], 7) = 16806
N([1, 7, 1, 2, 5], 7) = 16806
N([1, 7, 1, 2, 6], 7) = 16806
N([1, 7, 1, 2, 7], 7) = 16806
N([1, 7, 1, 3, 1], 7) = 16806
N([1, 7, 1, 3, 2], 7) = 16806
N([1, 7, 1, 3, 3], 7) = 16806
N([1, 7, 1, 3, 4], 7) = 16806
N([1, 7, 1, 3, 5], 7) = 16806
N([1, 7, 1, 3, 6], 7) = 16806
N([1, 7, 1, 3, 7], 7) = 16806
N([1, 7, 1, 4, 1], 7) = 16806
N([1, 7, 1, 4, 2], 7) = 16806
N([1, 7, 1, 4, 3], 7) = 16806
N([1, 7, 1, 4, 4], 7) = 16806
N([1, 7, 1, 4, 5], 7) = 16806
N([1, 7, 1, 4, 6], 7) = 16806
N([1, 7, 1, 4, 7], 7) = 16806
N([1, 7, 1, 5, 1], 7) = 16806
N([1, 7, 1, 5, 2], 7) = 16806
N([1, 7, 1, 5, 3], 7) = 16806
N([1, 7, 1, 5, 4], 7) = 16806
N([1, 7, 1, 5, 5], 7) = 16806
N([1, 7, 1, 5, 6], 7) = 16806
N([1, 7, 1, 5, 7], 7) = 16806
N([1, 7, 1, 6, 1], 7) = 16806
N([1, 7, 1, 6, 2], 7) = 16806
N([1, 7, 1, 6, 3], 7) = 16806
N([1, 7, 1, 6, 4], 7) = 16806
N([1, 7, 1, 6, 5], 7) = 16806
N([1, 7, 1, 6, 6], 7) = 16806
N([1, 7, 1, 6, 7], 7) = 16806
N([1, 7, 1, 7, 1], 7) = 16806
N([1, 7, 1, 7, 2], 7) = 16806
N([1, 7, 1, 7, 3], 7) = 16806
N([1, 7, 1, 7, 4], 7) = 16806
N([1, 7, 1, 7, 5], 7) = 16806
N([1, 7, 1, 7, 6], 7) = 16806
N([1, 7, 1, 7, 7], 7) = 16806
N([1, 7, 2, 1, 1], 7) = 16806
N([1, 7, 2, 1, 2], 7) = 16806
N([1, 7, 2, 1, 3], 7) = 16806
N([1, 7, 2, 1, 4], 7) = 16806
N([1, 7, 2, 1, 5], 7) = 16806
N([1, 7, 2, 1, 6], 7) = 16806
N([1, 7, 2, 1, 7], 7) = 16806
N([1, 7, 2, 2, 1], 7) = 16806
N([1, 7, 2, 2, 2], 7) = 16806
N([1, 7, 2, 2, 3], 7) = 16806
N([1, 7, 2, 2, 4], 7) = 16806
N([1, 7, 2, 2, 5], 7) = 16806
N([1, 7, 2, 2, 6], 7) = 16806
N([1, 7, 2, 2, 7], 7) = 16806
N([1, 7, 2, 3, 1], 7) = 16806
N([1, 7, 2, 3, 2], 7) = 16806
N([1, 7, 2, 3, 3], 7) = 16806
N([1, 7, 2, 3, 4], 7) = 16806
N([1, 7, 2, 3, 5], 7) = 16806
N([1, 7, 2, 3, 6], 7) = 16806
N([1, 7, 2, 3, 7], 7) = 16806
N([1, 7, 2, 4, 1], 7) = 16806
N([1, 7, 2, 4, 2], 7) = 16806
N([1, 7, 2, 4, 3], 7) = 16806
N([1, 7, 2, 4, 4], 7) = 16806
N([1, 7, 2, 4, 5], 7) = 16806
N([1, 7, 2, 4, 6], 7) = 16806
N([1, 7, 2, 4, 7], 7) = 16806
N([1, 7, 2, 5, 1], 7) = 16806
N([1, 7, 2, 5, 2], 7) = 16806
N([1, 7, 2, 5, 3], 7) = 16806
N([1, 7, 2, 5, 4], 7) = 16806
N([1, 7, 2, 5, 5], 7) = 16806
N([1, 7, 2, 5, 6], 7) = 16806
N([1, 7, 2, 5, 7], 7) = 16806
N([1, 7, 2, 6, 1], 7) = 16806
N([1, 7, 2, 6, 2], 7) = 16806
N([1, 7, 2, 6, 3], 7) = 16806
N([1, 7, 2, 6, 4], 7) = 16806
N([1, 7, 2, 6, 5], 7) = 16806
N([1, 7, 2, 6, 6], 7) = 16806
N([1, 7, 2, 6, 7], 7) = 16806
N([1, 7, 2, 7, 1], 7) = 16806
N([1, 7, 2, 7, 2], 7) = 16806
N([1, 7, 2, 7, 3], 7) = 16806
N([1, 7, 2, 7, 4], 7) = 16806
N([1, 7, 2, 7, 5], 7) = 16806
N([1, 7, 2, 7, 6], 7) = 16806
N([1, 7, 2, 7, 7], 7) = 16806
N([1, 7, 3, 1, 1], 7) = 16806
N([1, 7, 3, 1, 2], 7) = 16806
N([1, 7, 3, 1, 3], 7) = 16806
N([1, 7, 3, 1, 4], 7) = 16806
N([1, 7, 3, 1, 5], 7) = 16806
N([1, 7, 3, 1, 6], 7) = 16806
N([1, 7, 3, 1, 7], 7) = 16806
N([1, 7, 3, 2, 1], 7) = 16806
N([1, 7, 3, 2, 2], 7) = 16806
N([1, 7, 3, 2, 3], 7) = 16806
N([1, 7, 3, 2, 4], 7) = 16806
N([1, 7, 3, 2, 5], 7) = 16806
N([1, 7, 3, 2, 6], 7) = 16806
N([1, 7, 3, 2, 7], 7) = 16806
N([1, 7, 3, 3, 1], 7) = 16806
N([1, 7, 3, 3, 2], 7) = 16806
N([1, 7, 3, 3, 3], 7) = 16806
N([1, 7, 3, 3, 4], 7) = 16806
N([1, 7, 3, 3, 5], 7) = 16806
N([1, 7, 3, 3, 6], 7) = 16806
N([1, 7, 3, 3, 7], 7) = 16806
N([1, 7, 3, 4, 1], 7) = 16806
N([1, 7, 3, 4, 2], 7) = 16806
N([1, 7, 3, 4, 3], 7) = 16806
N([1, 7, 3, 4, 4], 7) = 16806
N([1, 7, 3, 4, 5], 7) = 16806
N([1, 7, 3, 4, 6], 7) = 16806
N([1, 7, 3, 4, 7], 7) = 16806
N([1, 7, 3, 5, 1], 7) = 16806
N([1, 7, 3, 5, 2], 7) = 16806
N([1, 7, 3, 5, 3], 7) = 16806
N([1, 7, 3, 5, 4], 7) = 16806
N([1, 7, 3, 5, 5], 7) = 16806
N([1, 7, 3, 5, 6], 7) = 16806
N([1, 7, 3, 5, 7], 7) = 16806
N([1, 7, 3, 6, 1], 7) = 16806
N([1, 7, 3, 6, 2], 7) = 16806
N([1, 7, 3, 6, 3], 7) = 16806
N([1, 7, 3, 6, 4], 7) = 16806
N([1, 7, 3, 6, 5], 7) = 16806
N([1, 7, 3, 6, 6], 7) = 16806
N([1, 7, 3, 6, 7], 7) = 16806
N([1, 7, 3, 7, 1], 7) = 16806
N([1, 7, 3, 7, 2], 7) = 16806
N([1, 7, 3, 7, 3], 7) = 16806
N([1, 7, 3, 7, 4], 7) = 16806
N([1, 7, 3, 7, 5], 7) = 16806
N([1, 7, 3, 7, 6], 7) = 16806
N([1, 7, 3, 7, 7], 7) = 16806
N([1, 7, 4, 1, 1], 7) = 16806
N([1, 7, 4, 1, 2], 7) = 16806
N([1, 7, 4, 1, 3], 7) = 16806
N([1, 7, 4, 1, 4], 7) = 16806
N([1, 7, 4, 1, 5], 7) = 16806
N([1, 7, 4, 1, 6], 7) = 16806
N([1, 7, 4, 1, 7], 7) = 16806
N([1, 7, 4, 2, 1], 7) = 16806
N([1, 7, 4, 2, 2], 7) = 16806
N([1, 7, 4, 2, 3], 7) = 16806
N([1, 7, 4, 2, 4], 7) = 16806
N([1, 7, 4, 2, 5], 7) = 16806
N([1, 7, 4, 2, 6], 7) = 16806
N([1, 7, 4, 2, 7], 7) = 16806
N([1, 7, 4, 3, 1], 7) = 16806
N([1, 7, 4, 3, 2], 7) = 16806
N([1, 7, 4, 3, 3], 7) = 16806
N([1, 7, 4, 3, 4], 7) = 16806
N([1, 7, 4, 3, 5], 7) = 16806
N([1, 7, 4, 3, 6], 7) = 16806
N([1, 7, 4, 3, 7], 7) = 16806
N([1, 7, 4, 4, 1], 7) = 16806
N([1, 7, 4, 4, 2], 7) = 16806
N([1, 7, 4, 4, 3], 7) = 16806
N([1, 7, 4, 4, 4], 7) = 16806
N([1, 7, 4, 4, 5], 7) = 16806
N([1, 7, 4, 4, 6], 7) = 16806
N([1, 7, 4, 4, 7], 7) = 16806
N([1, 7, 4, 5, 1], 7) = 16806
N([1, 7, 4, 5, 2], 7) = 16806
N([1, 7, 4, 5, 3], 7) = 16806
N([1, 7, 4, 5, 4], 7) = 16806
N([1, 7, 4, 5, 5], 7) = 16806
N([1, 7, 4, 5, 6], 7) = 16806
N([1, 7, 4, 5, 7], 7) = 16806
N([1, 7, 4, 6, 1], 7) = 16806
N([1, 7, 4, 6, 2], 7) = 16806
N([1, 7, 4, 6, 3], 7) = 16806
N([1, 7, 4, 6, 4], 7) = 16806
N([1, 7, 4, 6, 5], 7) = 16806
N([1, 7, 4, 6, 6], 7) = 16806
N([1, 7, 4, 6, 7], 7) = 16806
N([1, 7, 4, 7, 1], 7) = 16806
N([1, 7, 4, 7, 2], 7) = 16806
N([1, 7, 4, 7, 3], 7) = 16806
N([1, 7, 4, 7, 4], 7) = 16806
N([1, 7, 4, 7, 5], 7) = 16806
N([1, 7, 4, 7, 6], 7) = 16806
N([1, 7, 4, 7, 7], 7) = 16806
N([1, 7, 5, 1, 1], 7) = 16806
N([1, 7, 5, 1, 2], 7) = 16806
N([1, 7, 5, 1, 3], 7) = 16806
N([1, 7, 5, 1, 4], 7) = 16806
N([1, 7, 5, 1, 5], 7) = 16806
N([1, 7, 5, 1, 6], 7) = 16806
N([1, 7, 5, 1, 7], 7) = 16806
N([1, 7, 5, 2, 1], 7) = 16806
N([1, 7, 5, 2, 2], 7) = 16806
N([1, 7, 5, 2, 3], 7) = 16806
N([1, 7, 5, 2, 4], 7) = 16806
N([1, 7, 5, 2, 5], 7) = 16806
N([1, 7, 5, 2, 6], 7) = 16806
N([1, 7, 5, 2, 7], 7) = 16806
N([1, 7, 5, 3, 1], 7) = 16806
N([1, 7, 5, 3, 2], 7) = 16806
N([1, 7, 5, 3, 3], 7) = 16806
N([1, 7, 5, 3, 4], 7) = 16806
N([1, 7, 5, 3, 5], 7) = 16806
N([1, 7, 5, 3, 6], 7) = 16806
N([1, 7, 5, 3, 7], 7) = 16806
N([1, 7, 5, 4, 1], 7) = 16806
N([1, 7, 5, 4, 2], 7) = 16806
N([1, 7, 5, 4, 3], 7) = 16806
N([1, 7, 5, 4, 4], 7) = 16806
N([1, 7, 5, 4, 5], 7) = 16806
N([1, 7, 5, 4, 6], 7) = 16806
N([1, 7, 5, 4, 7], 7) = 16806
N([1, 7, 5, 5, 1], 7) = 16806
N([1, 7, 5, 5, 2], 7) = 16806
N([1, 7, 5, 5, 3], 7) = 16806
N([1, 7, 5, 5, 4], 7) = 16806
N([1, 7, 5, 5, 5], 7) = 16806
N([1, 7, 5, 5, 6], 7) = 16806
N([1, 7, 5, 5, 7], 7) = 16806
N([1, 7, 5, 6, 1], 7) = 16806
N([1, 7, 5, 6, 2], 7) = 16806
N([1, 7, 5, 6, 3], 7) = 16806
N([1, 7, 5, 6, 4], 7) = 16806
N([1, 7, 5, 6, 5], 7) = 16806
N([1, 7, 5, 6, 6], 7) = 16806
N([1, 7, 5, 6, 7], 7) = 16806
N([1, 7, 5, 7, 1], 7) = 16806
N([1, 7, 5, 7, 2], 7) = 16806
N([1, 7, 5, 7, 3], 7) = 16806
N([1, 7, 5, 7, 4], 7) = 16806
N([1, 7, 5, 7, 5], 7) = 16806
N([1, 7, 5, 7, 6], 7) = 16806
N([1, 7, 5, 7, 7], 7) = 16806
N([1, 7, 6, 1, 1], 7) = 16806
N([1, 7, 6, 1, 2], 7) = 16806
N([1, 7, 6, 1, 3], 7) = 16806
N([1, 7, 6, 1, 4], 7) = 16806
N([1, 7, 6, 1, 5], 7) = 16806
N([1, 7, 6, 1, 6], 7) = 16806
N([1, 7, 6, 1, 7], 7) = 16806
N([1, 7, 6, 2, 1], 7) = 16806
N([1, 7, 6, 2, 2], 7) = 16806
N([1, 7, 6, 2, 3], 7) = 16806
N([1, 7, 6, 2, 4], 7) = 16806
N([1, 7, 6, 2, 5], 7) = 16806
N([1, 7, 6, 2, 6], 7) = 16806
N([1, 7, 6, 2, 7], 7) = 16806
N([1, 7, 6, 3, 1], 7) = 16806
N([1, 7, 6, 3, 2], 7) = 16806
N([1, 7, 6, 3, 3], 7) = 16806
N([1, 7, 6, 3, 4], 7) = 16806
N([1, 7, 6, 3, 5], 7) = 16806
N([1, 7, 6, 3, 6], 7) = 16806
N([1, 7, 6, 3, 7], 7) = 16806
N([1, 7, 6, 4, 1], 7) = 16806
N([1, 7, 6, 4, 2], 7) = 16806
N([1, 7, 6, 4, 3], 7) = 16806
N([1, 7, 6, 4, 4], 7) = 16806
N([1, 7, 6, 4, 5], 7) = 16806
N([1, 7, 6, 4, 6], 7) = 16806
N([1, 7, 6, 4, 7], 7) = 16806
N([1, 7, 6, 5, 1], 7) = 16806
N([1, 7, 6, 5, 2], 7) = 16806
N([1, 7, 6, 5, 3], 7) = 16806
N([1, 7, 6, 5, 4], 7) = 16806
N([1, 7, 6, 5, 5], 7) = 16806
N([1, 7, 6, 5, 6], 7) = 16806
N([1, 7, 6, 5, 7], 7) = 16806
N([1, 7, 6, 6, 1], 7) = 16806
N([1, 7, 6, 6, 2], 7) = 16806
N([1, 7, 6, 6, 3], 7) = 16806
N([1, 7, 6, 6, 4], 7) = 16806
N([1, 7, 6, 6, 5], 7) = 16806
N([1, 7, 6, 6, 6], 7) = 16806
N([1, 7, 6, 6, 7], 7) = 16806
N([1, 7, 6, 7, 1], 7) = 16806
N([1, 7, 6, 7, 2], 7) = 16806
N([1, 7, 6, 7, 3], 7) = 16806
N([1, 7, 6, 7, 4], 7) = 16806
N([1, 7, 6, 7, 5], 7) = 16806
N([1, 7, 6, 7, 6], 7) = 16806
N([1, 7, 6, 7, 7], 7) = 16806
N([1, 7, 7, 1, 1], 7) = 16806
N([1, 7, 7, 1, 2], 7) = 16806
N([1, 7, 7, 1, 3], 7) = 16806
N([1, 7, 7, 1, 4], 7) = 16806
N([1, 7, 7, 1, 5], 7) = 16806
N([1, 7, 7, 1, 6], 7) = 16806
N([1, 7, 7, 1, 7], 7) = 16806
N([1, 7, 7, 2, 1], 7) = 16806
N([1, 7, 7, 2, 2], 7) = 16806
N([1, 7, 7, 2, 3], 7) = 16806
N([1, 7, 7, 2, 4], 7) = 16806
N([1, 7, 7, 2, 5], 7) = 16806
N([1, 7, 7, 2, 6], 7) = 16806
N([1, 7, 7, 2, 7], 7) = 16806
N([1, 7, 7, 3, 1], 7) = 16806
N([1, 7, 7, 3, 2], 7) = 16806
N([1, 7, 7, 3, 3], 7) = 16806
N([1, 7, 7, 3, 4], 7) = 16806
N([1, 7, 7, 3, 5], 7) = 16806
N([1, 7, 7, 3, 6], 7) = 16806
N([1, 7, 7, 3, 7], 7) = 16806
N([1, 7, 7, 4, 1], 7) = 16806
N([1, 7, 7, 4, 2], 7) = 16806
N([1, 7, 7, 4, 3], 7) = 16806
N([1, 7, 7, 4, 4], 7) = 16806
N([1, 7, 7, 4, 5], 7) = 16806
N([1, 7, 7, 4, 6], 7) = 16806
N([1, 7, 7, 4, 7], 7) = 16806
N([1, 7, 7, 5, 1], 7) = 16806
N([1, 7, 7, 5, 2], 7) = 16806
N([1, 7, 7, 5, 3], 7) = 16806
N([1, 7, 7, 5, 4], 7) = 16806
N([1, 7, 7, 5, 5], 7) = 16806
N([1, 7, 7, 5, 6], 7) = 16806
N([1, 7, 7, 5, 7], 7) = 16806
N([1, 7, 7, 6, 1], 7) = 16806
N([1, 7, 7, 6, 2], 7) = 16806
N([1, 7, 7, 6, 3], 7) = 16806
N([1, 7, 7, 6, 4], 7) = 16806
N([1, 7, 7, 6, 5], 7) = 16806
N([1, 7, 7, 6, 6], 7) = 16806
N([1, 7, 7, 6, 7], 7) = 16806
N([1, 7, 7, 7, 1], 7) = 16806
N([1, 7, 7, 7, 2], 7) = 16806
N([1, 7, 7, 7, 3], 7) = 16806
N([1, 7, 7, 7, 4], 7) = 16806
N([1, 7, 7, 7, 5], 7) = 16806
N([1, 7, 7, 7, 6], 7) = 16806
N([1, 7, 7, 7, 7], 7) = 16806
N([2, 1, 1, 1, 1], 7) = 16806
N([2, 1, 1, 1, 2], 7) = 16806
N([2, 1, 1, 1, 3], 7) = 16806
N([2, 1, 1, 1, 4], 7) = 16806
N([2, 1, 1, 1, 5], 7) = 16806
N([2, 1, 1, 1, 6], 7) = 16806
N([2, 1, 1, 1, 7], 7) = 16806
N([2, 1, 1, 2, 1], 7) = 16806
N([2, 1, 1, 2, 2], 7) = 16806
N([2, 1, 1, 2, 3], 7) = 16806
N([2, 1, 1, 2, 4], 7) = 16806
N([2, 1, 1, 2, 5], 7) = 16806
N([2, 1, 1, 2, 6], 7) = 16806
N([2, 1, 1, 2, 7], 7) = 16806
N([2, 1, 1, 3, 1], 7) = 16806
N([2, 1, 1, 3, 2], 7) = 16806
N([2, 1, 1, 3, 3], 7) = 16806
N([2, 1, 1, 3, 4], 7) = 16806
N([2, 1, 1, 3, 5], 7) = 16806
N([2, 1, 1, 3, 6], 7) = 16806
N([2, 1, 1, 3, 7], 7) = 16806
N([2, 1, 1, 4, 1], 7) = 16806
N([2, 1, 1, 4, 2], 7) = 16806
N([2, 1, 1, 4, 3], 7) = 16806
N([2, 1, 1, 4, 4], 7) = 16806
N([2, 1, 1, 4, 5], 7) = 16806
N([2, 1, 1, 4, 6], 7) = 16806
N([2, 1, 1, 4, 7], 7) = 16806
N([2, 1, 1, 5, 1], 7) = 16806
N([2, 1, 1, 5, 2], 7) = 16806
N([2, 1, 1, 5, 3], 7) = 16806
N([2, 1, 1, 5, 4], 7) = 16806
N([2, 1, 1, 5, 5], 7) = 16806
N([2, 1, 1, 5, 6], 7) = 16806
N([2, 1, 1, 5, 7], 7) = 16806
N([2, 1, 1, 6, 1], 7) = 16806
N([2, 1, 1, 6, 2], 7) = 16806
N([2, 1, 1, 6, 3], 7) = 16806
N([2, 1, 1, 6, 4], 7) = 16806
N([2, 1, 1, 6, 5], 7) = 16806
N([2, 1, 1, 6, 6], 7) = 16806
N([2, 1, 1, 6, 7], 7) = 16806
N([2, 1, 1, 7, 1], 7) = 16806
N([2, 1, 1, 7, 2], 7) = 16806
N([2, 1, 1, 7, 3], 7) = 16806
N([2, 1, 1, 7, 4], 7) = 16806
N([2, 1, 1, 7, 5], 7) = 16806
N([2, 1, 1, 7, 6], 7) = 16806
N([2, 1, 1, 7, 7], 7) = 16806
N([2, 1, 2, 1, 1], 7) = 16806
N([2, 1, 2, 1, 2], 7) = 16806
N([2, 1, 2, 1, 3], 7) = 16806
N([2, 1, 2, 1, 4], 7) = 16806
N([2, 1, 2, 1, 5], 7) = 16806
N([2, 1, 2, 1, 6], 7) = 16806
N([2, 1, 2, 1, 7], 7) = 16806
N([2, 1, 2, 2, 1], 7) = 16806
N([2, 1, 2, 2, 2], 7) = 16806
N([2, 1, 2, 2, 3], 7) = 16806
N([2, 1, 2, 2, 4], 7) = 16806
N([2, 1, 2, 2, 5], 7) = 16806
N([2, 1, 2, 2, 6], 7) = 16806
N([2, 1, 2, 2, 7], 7) = 16806
N([2, 1, 2, 3, 1], 7) = 16806
N([2, 1, 2, 3, 2], 7) = 16806
N([2, 1, 2, 3, 3], 7) = 16806
N([2, 1, 2, 3, 4], 7) = 16806
N([2, 1, 2, 3, 5], 7) = 16806
N([2, 1, 2, 3, 6], 7) = 16806
N([2, 1, 2, 3, 7], 7) = 16806
N([2, 1, 2, 4, 1], 7) = 16806
N([2, 1, 2, 4, 2], 7) = 16806
N([2, 1, 2, 4, 3], 7) = 16806
N([2, 1, 2, 4, 4], 7) = 16806
N([2, 1, 2, 4, 5], 7) = 16806
N([2, 1, 2, 4, 6], 7) = 16806
N([2, 1, 2, 4, 7], 7) = 16806
N([2, 1, 2, 5, 1], 7) = 16806
N([2, 1, 2, 5, 2], 7) = 16806
N([2, 1, 2, 5, 3], 7) = 16806
N([2, 1, 2, 5, 4], 7) = 16806
N([2, 1, 2, 5, 5], 7) = 16806
N([2, 1, 2, 5, 6], 7) = 16806
N([2, 1, 2, 5, 7], 7) = 16806
N([2, 1, 2, 6, 1], 7) = 16806
N([2, 1, 2, 6, 2], 7) = 16806
N([2, 1, 2, 6, 3], 7) = 16806
N([2, 1, 2, 6, 4], 7) = 16806
N([2, 1, 2, 6, 5], 7) = 16806
N([2, 1, 2, 6, 6], 7) = 16806
N([2, 1, 2, 6, 7], 7) = 16806
N([2, 1, 2, 7, 1], 7) = 16806
N([2, 1, 2, 7, 2], 7) = 16806
N([2, 1, 2, 7, 3], 7) = 16806
N([2, 1, 2, 7, 4], 7) = 16806
N([2, 1, 2, 7, 5], 7) = 16806
N([2, 1, 2, 7, 6], 7) = 16806
N([2, 1, 2, 7, 7], 7) = 16806
N([2, 1, 3, 1, 1], 7) = 16806
N([2, 1, 3, 1, 2], 7) = 16806
N([2, 1, 3, 1, 3], 7) = 16806
N([2, 1, 3, 1, 4], 7) = 16806
N([2, 1, 3, 1, 5], 7) = 16806
N([2, 1, 3, 1, 6], 7) = 16806
N([2, 1, 3, 1, 7], 7) = 16806
N([2, 1, 3, 2, 1], 7) = 16806
N([2, 1, 3, 2, 2], 7) = 16806
N([2, 1, 3, 2, 3], 7) = 16806
N([2, 1, 3, 2, 4], 7) = 16806
N([2, 1, 3, 2, 5], 7) = 16806
N([2, 1, 3, 2, 6], 7) = 16806
N([2, 1, 3, 2, 7], 7) = 16806
N([2, 1, 3, 3, 1], 7) = 16806
N([2, 1, 3, 3, 2], 7) = 16806
N([2, 1, 3, 3, 3], 7) = 16806
N([2, 1, 3, 3, 4], 7) = 16806
N([2, 1, 3, 3, 5], 7) = 16806
N([2, 1, 3, 3, 6], 7) = 16806
N([2, 1, 3, 3, 7], 7) = 16806
N([2, 1, 3, 4, 1], 7) = 16806
N([2, 1, 3, 4, 2], 7) = 16806
N([2, 1, 3, 4, 3], 7) = 16806
N([2, 1, 3, 4, 4], 7) = 16806
N([2, 1, 3, 4, 5], 7) = 16806
N([2, 1, 3, 4, 6], 7) = 16806
N([2, 1, 3, 4, 7], 7) = 16806
N([2, 1, 3, 5, 1], 7) = 16806
N([2, 1, 3, 5, 2], 7) = 16806
N([2, 1, 3, 5, 3], 7) = 16806
N([2, 1, 3, 5, 4], 7) = 16806
N([2, 1, 3, 5, 5], 7) = 16806
N([2, 1, 3, 5, 6], 7) = 16806
N([2, 1, 3, 5, 7], 7) = 16806
N([2, 1, 3, 6, 1], 7) = 16806
N([2, 1, 3, 6, 2], 7) = 16806
N([2, 1, 3, 6, 3], 7) = 16806
N([2, 1, 3, 6, 4], 7) = 16806
N([2, 1, 3, 6, 5], 7) = 16806
N([2, 1, 3, 6, 6], 7) = 16806
N([2, 1, 3, 6, 7], 7) = 16806
N([2, 1, 3, 7, 1], 7) = 16806
N([2, 1, 3, 7, 2], 7) = 16806
N([2, 1, 3, 7, 3], 7) = 16806
N([2, 1, 3, 7, 4], 7) = 16806
N([2, 1, 3, 7, 5], 7) = 16806
N([2, 1, 3, 7, 6], 7) = 16806
N([2, 1, 3, 7, 7], 7) = 16806
N([2, 1, 4, 1, 1], 7) = 16806
N([2, 1, 4, 1, 2], 7) = 16806
N([2, 1, 4, 1, 3], 7) = 16806
N([2, 1, 4, 1, 4], 7) = 16806
N([2, 1, 4, 1, 5], 7) = 16806
N([2, 1, 4, 1, 6], 7) = 16806
N([2, 1, 4, 1, 7], 7) = 16806
N([2, 1, 4, 2, 1], 7) = 16806
N([2, 1, 4, 2, 2], 7) = 16806
N([2, 1, 4, 2, 3], 7) = 16806
N([2, 1, 4, 2, 4], 7) = 16806
N([2, 1, 4, 2, 5], 7) = 16806
N([2, 1, 4, 2, 6], 7) = 16806
N([2, 1, 4, 2, 7], 7) = 16806
N([2, 1, 4, 3, 1], 7) = 16806
N([2, 1, 4, 3, 2], 7) = 16806
N([2, 1, 4, 3, 3], 7) = 16806
N([2, 1, 4, 3, 4], 7) = 16806
N([2, 1, 4, 3, 5], 7) = 16806
N([2, 1, 4, 3, 6], 7) = 16806
N([2, 1, 4, 3, 7], 7) = 16806
N([2, 1, 4, 4, 1], 7) = 16806
N([2, 1, 4, 4, 2], 7) = 16806
N([2, 1, 4, 4, 3], 7) = 16806
N([2, 1, 4, 4, 4], 7) = 16806
N([2, 1, 4, 4, 5], 7) = 16806
N([2, 1, 4, 4, 6], 7) = 16806
N([2, 1, 4, 4, 7], 7) = 16806
N([2, 1, 4, 5, 1], 7) = 16806
N([2, 1, 4, 5, 2], 7) = 16806
N([2, 1, 4, 5, 3], 7) = 16806
N([2, 1, 4, 5, 4], 7) = 16806
N([2, 1, 4, 5, 5], 7) = 16806
N([2, 1, 4, 5, 6], 7) = 16806
N([2, 1, 4, 5, 7], 7) = 16806
N([2, 1, 4, 6, 1], 7) = 16806
N([2, 1, 4, 6, 2], 7) = 16806
N([2, 1, 4, 6, 3], 7) = 16806
N([2, 1, 4, 6, 4], 7) = 16806
N([2, 1, 4, 6, 5], 7) = 16806
N([2, 1, 4, 6, 6], 7) = 16806
N([2, 1, 4, 6, 7], 7) = 16806
N([2, 1, 4, 7, 1], 7) = 16806
N([2, 1, 4, 7, 2], 7) = 16806
N([2, 1, 4, 7, 3], 7) = 16806
N([2, 1, 4, 7, 4], 7) = 16806
N([2, 1, 4, 7, 5], 7) = 16806
N([2, 1, 4, 7, 6], 7) = 16806
N([2, 1, 4, 7, 7], 7) = 16806
N([2, 1, 5, 1, 1], 7) = 16806
N([2, 1, 5, 1, 2], 7) = 16806
N([2, 1, 5, 1, 3], 7) = 16806
N([2, 1, 5, 1, 4], 7) = 16806
N([2, 1, 5, 1, 5], 7) = 16806
N([2, 1, 5, 1, 6], 7) = 16806
N([2, 1, 5, 1, 7], 7) = 16806
N([2, 1, 5, 2, 1], 7) = 16806
N([2, 1, 5, 2, 2], 7) = 16806
N([2, 1, 5, 2, 3], 7) = 16806
N([2, 1, 5, 2, 4], 7) = 16806
N([2, 1, 5, 2, 5], 7) = 16806
N([2, 1, 5, 2, 6], 7) = 16806
N([2, 1, 5, 2, 7], 7) = 16806
N([2, 1, 5, 3, 1], 7) = 16806
N([2, 1, 5, 3, 2], 7) = 16806
N([2, 1, 5, 3, 3], 7) = 16806
N([2, 1, 5, 3, 4], 7) = 16806
N([2, 1, 5, 3, 5], 7) = 16806
N([2, 1, 5, 3, 6], 7) = 16806
N([2, 1, 5, 3, 7], 7) = 16806
N([2, 1, 5, 4, 1], 7) = 16806
N([2, 1, 5, 4, 2], 7) = 16806
N([2, 1, 5, 4, 3], 7) = 16806
N([2, 1, 5, 4, 4], 7) = 16806
N([2, 1, 5, 4, 5], 7) = 16806
N([2, 1, 5, 4, 6], 7) = 16806
N([2, 1, 5, 4, 7], 7) = 16806
N([2, 1, 5, 5, 1], 7) = 16806
N([2, 1, 5, 5, 2], 7) = 16806
N([2, 1, 5, 5, 3], 7) = 16806
N([2, 1, 5, 5, 4], 7) = 16806
N([2, 1, 5, 5, 5], 7) = 16806
N([2, 1, 5, 5, 6], 7) = 16806
N([2, 1, 5, 5, 7], 7) = 16806
N([2, 1, 5, 6, 1], 7) = 16806
N([2, 1, 5, 6, 2], 7) = 16806
N([2, 1, 5, 6, 3], 7) = 16806
N([2, 1, 5, 6, 4], 7) = 16806
N([2, 1, 5, 6, 5], 7) = 16806
N([2, 1, 5, 6, 6], 7) = 16806
N([2, 1, 5, 6, 7], 7) = 16806
N([2, 1, 5, 7, 1], 7) = 16806
N([2, 1, 5, 7, 2], 7) = 16806
N([2, 1, 5, 7, 3], 7) = 16806
N([2, 1, 5, 7, 4], 7) = 16806
N([2, 1, 5, 7, 5], 7) = 16806
N([2, 1, 5, 7, 6], 7) = 16806
N([2, 1, 5, 7, 7], 7) = 16806
N([2, 1, 6, 1, 1], 7) = 16806
N([2, 1, 6, 1, 2], 7) = 16806
N([2, 1, 6, 1, 3], 7) = 16806
N([2, 1, 6, 1, 4], 7) = 16806
N([2, 1, 6, 1, 5], 7) = 16806
N([2, 1, 6, 1, 6], 7) = 16806
N([2, 1, 6, 1, 7], 7) = 16806
N([2, 1, 6, 2, 1], 7) = 16806
N([2, 1, 6, 2, 2], 7) = 16806
N([2, 1, 6, 2, 3], 7) = 16806
N([2, 1, 6, 2, 4], 7) = 16806
N([2, 1, 6, 2, 5], 7) = 16806
N([2, 1, 6, 2, 6], 7) = 16806
N([2, 1, 6, 2, 7], 7) = 16806
N([2, 1, 6, 3, 1], 7) = 16806
N([2, 1, 6, 3, 2], 7) = 16806
N([2, 1, 6, 3, 3], 7) = 16806
N([2, 1, 6, 3, 4], 7) = 16806
N([2, 1, 6, 3, 5], 7) = 16806
N([2, 1, 6, 3, 6], 7) = 16806
N([2, 1, 6, 3, 7], 7) = 16806
N([2, 1, 6, 4, 1], 7) = 16806
N([2, 1, 6, 4, 2], 7) = 16806
N([2, 1, 6, 4, 3], 7) = 16806
N([2, 1, 6, 4, 4], 7) = 16806
N([2, 1, 6, 4, 5], 7) = 16806
N([2, 1, 6, 4, 6], 7) = 16806
N([2, 1, 6, 4, 7], 7) = 16806
N([2, 1, 6, 5, 1], 7) = 16806
N([2, 1, 6, 5, 2], 7) = 16806
N([2, 1, 6, 5, 3], 7) = 16806
N([2, 1, 6, 5, 4], 7) = 16806
N([2, 1, 6, 5, 5], 7) = 16806
N([2, 1, 6, 5, 6], 7) = 16806
N([2, 1, 6, 5, 7], 7) = 16806
N([2, 1, 6, 6, 1], 7) = 16806
N([2, 1, 6, 6, 2], 7) = 16806
N([2, 1, 6, 6, 3], 7) = 16806
N([2, 1, 6, 6, 4], 7) = 16806
N([2, 1, 6, 6, 5], 7) = 16806
N([2, 1, 6, 6, 6], 7) = 16806
N([2, 1, 6, 6, 7], 7) = 16806
N([2, 1, 6, 7, 1], 7) = 16806
N([2, 1, 6, 7, 2], 7) = 16806
N([2, 1, 6, 7, 3], 7) = 16806
N([2, 1, 6, 7, 4], 7) = 16806
N([2, 1, 6, 7, 5], 7) = 16806
N([2, 1, 6, 7, 6], 7) = 16806
N([2, 1, 6, 7, 7], 7) = 16806
N([2, 1, 7, 1, 1], 7) = 16806
N([2, 1, 7, 1, 2], 7) = 16806
N([2, 1, 7, 1, 3], 7) = 16806
N([2, 1, 7, 1, 4], 7) = 16806
N([2, 1, 7, 1, 5], 7) = 16806
N([2, 1, 7, 1, 6], 7) = 16806
N([2, 1, 7, 1, 7], 7) = 16806
N([2, 1, 7, 2, 1], 7) = 16806
N([2, 1, 7, 2, 2], 7) = 16806
N([2, 1, 7, 2, 3], 7) = 16806
N([2, 1, 7, 2, 4], 7) = 16806
N([2, 1, 7, 2, 5], 7) = 16806
N([2, 1, 7, 2, 6], 7) = 16806
N([2, 1, 7, 2, 7], 7) = 16806
N([2, 1, 7, 3, 1], 7) = 16806
N([2, 1, 7, 3, 2], 7) = 16806
N([2, 1, 7, 3, 3], 7) = 16806
N([2, 1, 7, 3, 4], 7) = 16806
N([2, 1, 7, 3, 5], 7) = 16806
N([2, 1, 7, 3, 6], 7) = 16806
N([2, 1, 7, 3, 7], 7) = 16806
N([2, 1, 7, 4, 1], 7) = 16806
N([2, 1, 7, 4, 2], 7) = 16806
N([2, 1, 7, 4, 3], 7) = 16806
N([2, 1, 7, 4, 4], 7) = 16806
N([2, 1, 7, 4, 5], 7) = 16806
N([2, 1, 7, 4, 6], 7) = 16806
N([2, 1, 7, 4, 7], 7) = 16806
N([2, 1, 7, 5, 1], 7) = 16806
N([2, 1, 7, 5, 2], 7) = 16806
N([2, 1, 7, 5, 3], 7) = 16806
N([2, 1, 7, 5, 4], 7) = 16806
N([2, 1, 7, 5, 5], 7) = 16806
N([2, 1, 7, 5, 6], 7) = 16806
N([2, 1, 7, 5, 7], 7) = 16806
N([2, 1, 7, 6, 1], 7) = 16806
N([2, 1, 7, 6, 2], 7) = 16806
N([2, 1, 7, 6, 3], 7) = 16806
N([2, 1, 7, 6, 4], 7) = 16806
N([2, 1, 7, 6, 5], 7) = 16806
N([2, 1, 7, 6, 6], 7) = 16806
N([2, 1, 7, 6, 7], 7) = 16806
N([2, 1, 7, 7, 1], 7) = 16806
N([2, 1, 7, 7, 2], 7) = 16806
N([2, 1, 7, 7, 3], 7) = 16806
N([2, 1, 7, 7, 4], 7) = 16806
N([2, 1, 7, 7, 5], 7) = 16806
N([2, 1, 7, 7, 6], 7) = 16806
N([2, 1, 7, 7, 7], 7) = 16806
N([2, 2, 1, 1, 1], 7) = 16806
N([2, 2, 1, 1, 2], 7) = 16806
N([2, 2, 1, 1, 3], 7) = 16806
N([2, 2, 1, 1, 4], 7) = 16806
N([2, 2, 1, 1, 5], 7) = 16806
N([2, 2, 1, 1, 6], 7) = 16806
N([2, 2, 1, 1, 7], 7) = 16806
N([2, 2, 1, 2, 1], 7) = 16806
N([2, 2, 1, 2, 2], 7) = 16806
N([2, 2, 1, 2, 3], 7) = 16806
N([2, 2, 1, 2, 4], 7) = 16806
N([2, 2, 1, 2, 5], 7) = 16806
N([2, 2, 1, 2, 6], 7) = 16806
N([2, 2, 1, 2, 7], 7) = 16806
N([2, 2, 1, 3, 1], 7) = 16806
N([2, 2, 1, 3, 2], 7) = 16806
N([2, 2, 1, 3, 3], 7) = 16806
N([2, 2, 1, 3, 4], 7) = 16806
N([2, 2, 1, 3, 5], 7) = 16806
N([2, 2, 1, 3, 6], 7) = 16806
N([2, 2, 1, 3, 7], 7) = 16806
N([2, 2, 1, 4, 1], 7) = 16806
N([2, 2, 1, 4, 2], 7) = 16806
N([2, 2, 1, 4, 3], 7) = 16806
N([2, 2, 1, 4, 4], 7) = 16806
N([2, 2, 1, 4, 5], 7) = 16806
N([2, 2, 1, 4, 6], 7) = 16806
N([2, 2, 1, 4, 7], 7) = 16806
N([2, 2, 1, 5, 1], 7) = 16806
N([2, 2, 1, 5, 2], 7) = 16806
N([2, 2, 1, 5, 3], 7) = 16806
N([2, 2, 1, 5, 4], 7) = 16806
N([2, 2, 1, 5, 5], 7) = 16806
N([2, 2, 1, 5, 6], 7) = 16806
N([2, 2, 1, 5, 7], 7) = 16806
N([2, 2, 1, 6, 1], 7) = 16806
N([2, 2, 1, 6, 2], 7) = 16806
N([2, 2, 1, 6, 3], 7) = 16806
N([2, 2, 1, 6, 4], 7) = 16806
N([2, 2, 1, 6, 5], 7) = 16806
N([2, 2, 1, 6, 6], 7) = 16806
N([2, 2, 1, 6, 7], 7) = 16806
N([2, 2, 1, 7, 1], 7) = 16806
N([2, 2, 1, 7, 2], 7) = 16806
N([2, 2, 1, 7, 3], 7) = 16806
N([2, 2, 1, 7, 4], 7) = 16806
N([2, 2, 1, 7, 5], 7) = 16806
N([2, 2, 1, 7, 6], 7) = 16806
N([2, 2, 1, 7, 7], 7) = 16806
N([2, 2, 2, 1, 1], 7) = 16806
N([2, 2, 2, 1, 2], 7) = 16806
N([2, 2, 2, 1, 3], 7) = 16806
N([2, 2, 2, 1, 4], 7) = 16806
N([2, 2, 2, 1, 5], 7) = 16806
N([2, 2, 2, 1, 6], 7) = 16806
N([2, 2, 2, 1, 7], 7) = 16806
N([2, 2, 2, 2, 1], 7) = 16806
N([2, 2, 2, 2, 2], 7) = 16806
N([2, 2, 2, 2, 3], 7) = 16806
N([2, 2, 2, 2, 4], 7) = 16806
N([2, 2, 2, 2, 5], 7) = 16806
N([2, 2, 2, 2, 6], 7) = 16806
N([2, 2, 2, 2, 7], 7) = 16806
N([2, 2, 2, 3, 1], 7) = 16806
N([2, 2, 2, 3, 2], 7) = 16806
N([2, 2, 2, 3, 3], 7) = 16806
N([2, 2, 2, 3, 4], 7) = 16806
N([2, 2, 2, 3, 5], 7) = 16806
N([2, 2, 2, 3, 6], 7) = 16806
N([2, 2, 2, 3, 7], 7) = 16806
N([2, 2, 2, 4, 1], 7) = 16806
N([2, 2, 2, 4, 2], 7) = 16806
N([2, 2, 2, 4, 3], 7) = 16806
N([2, 2, 2, 4, 4], 7) = 16806
N([2, 2, 2, 4, 5], 7) = 16806
N([2, 2, 2, 4, 6], 7) = 16806
N([2, 2, 2, 4, 7], 7) = 16806
N([2, 2, 2, 5, 1], 7) = 16806
N([2, 2, 2, 5, 2], 7) = 16806
N([2, 2, 2, 5, 3], 7) = 16806
N([2, 2, 2, 5, 4], 7) = 16806
N([2, 2, 2, 5, 5], 7) = 16806
N([2, 2, 2, 5, 6], 7) = 16806
N([2, 2, 2, 5, 7], 7) = 16806
N([2, 2, 2, 6, 1], 7) = 16806
N([2, 2, 2, 6, 2], 7) = 16806
N([2, 2, 2, 6, 3], 7) = 16806
N([2, 2, 2, 6, 4], 7) = 16806
N([2, 2, 2, 6, 5], 7) = 16806
N([2, 2, 2, 6, 6], 7) = 16806
N([2, 2, 2, 6, 7], 7) = 16806
N([2, 2, 2, 7, 1], 7) = 16806
N([2, 2, 2, 7, 2], 7) = 16806
N([2, 2, 2, 7, 3], 7) = 16806
N([2, 2, 2, 7, 4], 7) = 16806
N([2, 2, 2, 7, 5], 7) = 16806
N([2, 2, 2, 7, 6], 7) = 16806
N([2, 2, 2, 7, 7], 7) = 16806
N([2, 2, 3, 1, 1], 7) = 16806
N([2, 2, 3, 1, 2], 7) = 16806
N([2, 2, 3, 1, 3], 7) = 16806
N([2, 2, 3, 1, 4], 7) = 16806
N([2, 2, 3, 1, 5], 7) = 16806
N([2, 2, 3, 1, 6], 7) = 16806
N([2, 2, 3, 1, 7], 7) = 16806
N([2, 2, 3, 2, 1], 7) = 16806
N([2, 2, 3, 2, 2], 7) = 16806
N([2, 2, 3, 2, 3], 7) = 16806
N([2, 2, 3, 2, 4], 7) = 16806
N([2, 2, 3, 2, 5], 7) = 16806
N([2, 2, 3, 2, 6], 7) = 16806
N([2, 2, 3, 2, 7], 7) = 16806
N([2, 2, 3, 3, 1], 7) = 16806
N([2, 2, 3, 3, 2], 7) = 16806
N([2, 2, 3, 3, 3], 7) = 16806
N([2, 2, 3, 3, 4], 7) = 16806
N([2, 2, 3, 3, 5], 7) = 16806
N([2, 2, 3, 3, 6], 7) = 16806
N([2, 2, 3, 3, 7], 7) = 16806
N([2, 2, 3, 4, 1], 7) = 16806
N([2, 2, 3, 4, 2], 7) = 16806
N([2, 2, 3, 4, 3], 7) = 16806
N([2, 2, 3, 4, 4], 7) = 16806
N([2, 2, 3, 4, 5], 7) = 16806
N([2, 2, 3, 4, 6], 7) = 16806
N([2, 2, 3, 4, 7], 7) = 16806
N([2, 2, 3, 5, 1], 7) = 16806
N([2, 2, 3, 5, 2], 7) = 16806
N([2, 2, 3, 5, 3], 7) = 16806
N([2, 2, 3, 5, 4], 7) = 16806
N([2, 2, 3, 5, 5], 7) = 16806
N([2, 2, 3, 5, 6], 7) = 16806
N([2, 2, 3, 5, 7], 7) = 16806
N([2, 2, 3, 6, 1], 7) = 16806
N([2, 2, 3, 6, 2], 7) = 16806
N([2, 2, 3, 6, 3], 7) = 16806
N([2, 2, 3, 6, 4], 7) = 16806
N([2, 2, 3, 6, 5], 7) = 16806
N([2, 2, 3, 6, 6], 7) = 16806
N([2, 2, 3, 6, 7], 7) = 16806
N([2, 2, 3, 7, 1], 7) = 16806
N([2, 2, 3, 7, 2], 7) = 16806
N([2, 2, 3, 7, 3], 7) = 16806
N([2, 2, 3, 7, 4], 7) = 16806
N([2, 2, 3, 7, 5], 7) = 16806
N([2, 2, 3, 7, 6], 7) = 16806
N([2, 2, 3, 7, 7], 7) = 16806
N([2, 2, 4, 1, 1], 7) = 16806
N([2, 2, 4, 1, 2], 7) = 16806
N([2, 2, 4, 1, 3], 7) = 16806
N([2, 2, 4, 1, 4], 7) = 16806
N([2, 2, 4, 1, 5], 7) = 16806
N([2, 2, 4, 1, 6], 7) = 16806
N([2, 2, 4, 1, 7], 7) = 16806
N([2, 2, 4, 2, 1], 7) = 16806
N([2, 2, 4, 2, 2], 7) = 16806
N([2, 2, 4, 2, 3], 7) = 16806
N([2, 2, 4, 2, 4], 7) = 16806
N([2, 2, 4, 2, 5], 7) = 16806
N([2, 2, 4, 2, 6], 7) = 16806
N([2, 2, 4, 2, 7], 7) = 16806
N([2, 2, 4, 3, 1], 7) = 16806
N([2, 2, 4, 3, 2], 7) = 16806
N([2, 2, 4, 3, 3], 7) = 16806
N([2, 2, 4, 3, 4], 7) = 16806
N([2, 2, 4, 3, 5], 7) = 16806
N([2, 2, 4, 3, 6], 7) = 16806
N([2, 2, 4, 3, 7], 7) = 16806
N([2, 2, 4, 4, 1], 7) = 16806
N([2, 2, 4, 4, 2], 7) = 16806
N([2, 2, 4, 4, 3], 7) = 16806
N([2, 2, 4, 4, 4], 7) = 16806
N([2, 2, 4, 4, 5], 7) = 16806
N([2, 2, 4, 4, 6], 7) = 16806
N([2, 2, 4, 4, 7], 7) = 16806
N([2, 2, 4, 5, 1], 7) = 16806
N([2, 2, 4, 5, 2], 7) = 16806
N([2, 2, 4, 5, 3], 7) = 16806
N([2, 2, 4, 5, 4], 7) = 16806
N([2, 2, 4, 5, 5], 7) = 16806
N([2, 2, 4, 5, 6], 7) = 16806
N([2, 2, 4, 5, 7], 7) = 16806
N([2, 2, 4, 6, 1], 7) = 16806
N([2, 2, 4, 6, 2], 7) = 16806
N([2, 2, 4, 6, 3], 7) = 16806
N([2, 2, 4, 6, 4], 7) = 16806
N([2, 2, 4, 6, 5], 7) = 16806
N([2, 2, 4, 6, 6], 7) = 16806
N([2, 2, 4, 6, 7], 7) = 16806
N([2, 2, 4, 7, 1], 7) = 16806
N([2, 2, 4, 7, 2], 7) = 16806
N([2, 2, 4, 7, 3], 7) = 16806
N([2, 2, 4, 7, 4], 7) = 16806
N([2, 2, 4, 7, 5], 7) = 16806
N([2, 2, 4, 7, 6], 7) = 16806
N([2, 2, 4, 7, 7], 7) = 16806
N([2, 2, 5, 1, 1], 7) = 16806
N([2, 2, 5, 1, 2], 7) = 16806
N([2, 2, 5, 1, 3], 7) = 16806
N([2, 2, 5, 1, 4], 7) = 16806
N([2, 2, 5, 1, 5], 7) = 16806
N([2, 2, 5, 1, 6], 7) = 16806
N([2, 2, 5, 1, 7], 7) = 16806
N([2, 2, 5, 2, 1], 7) = 16806
N([2, 2, 5, 2, 2], 7) = 16806
N([2, 2, 5, 2, 3], 7) = 16806
N([2, 2, 5, 2, 4], 7) = 16806
N([2, 2, 5, 2, 5], 7) = 16806
N([2, 2, 5, 2, 6], 7) = 16806
N([2, 2, 5, 2, 7], 7) = 16806
N([2, 2, 5, 3, 1], 7) = 16806
N([2, 2, 5, 3, 2], 7) = 16806
N([2, 2, 5, 3, 3], 7) = 16806
N([2, 2, 5, 3, 4], 7) = 16806
N([2, 2, 5, 3, 5], 7) = 16806
N([2, 2, 5, 3, 6], 7) = 16806
N([2, 2, 5, 3, 7], 7) = 16806
N([2, 2, 5, 4, 1], 7) = 16806
N([2, 2, 5, 4, 2], 7) = 16806
N([2, 2, 5, 4, 3], 7) = 16806
N([2, 2, 5, 4, 4], 7) = 16806
N([2, 2, 5, 4, 5], 7) = 16806
N([2, 2, 5, 4, 6], 7) = 16806
N([2, 2, 5, 4, 7], 7) = 16806
N([2, 2, 5, 5, 1], 7) = 16806
N([2, 2, 5, 5, 2], 7) = 16806
N([2, 2, 5, 5, 3], 7) = 16806
N([2, 2, 5, 5, 4], 7) = 16806
N([2, 2, 5, 5, 5], 7) = 16806
N([2, 2, 5, 5, 6], 7) = 16806
N([2, 2, 5, 5, 7], 7) = 16806
N([2, 2, 5, 6, 1], 7) = 16806
N([2, 2, 5, 6, 2], 7) = 16806
N([2, 2, 5, 6, 3], 7) = 16806
N([2, 2, 5, 6, 4], 7) = 16806
N([2, 2, 5, 6, 5], 7) = 16806
N([2, 2, 5, 6, 6], 7) = 16806
N([2, 2, 5, 6, 7], 7) = 16806
N([2, 2, 5, 7, 1], 7) = 16806
N([2, 2, 5, 7, 2], 7) = 16806
N([2, 2, 5, 7, 3], 7) = 16806
N([2, 2, 5, 7, 4], 7) = 16806
N([2, 2, 5, 7, 5], 7) = 16806
N([2, 2, 5, 7, 6], 7) = 16806
N([2, 2, 5, 7, 7], 7) = 16806
N([2, 2, 6, 1, 1], 7) = 16806
N([2, 2, 6, 1, 2], 7) = 16806
N([2, 2, 6, 1, 3], 7) = 16806
N([2, 2, 6, 1, 4], 7) = 16806
N([2, 2, 6, 1, 5], 7) = 16806
N([2, 2, 6, 1, 6], 7) = 16806
N([2, 2, 6, 1, 7], 7) = 16806
N([2, 2, 6, 2, 1], 7) = 16806
N([2, 2, 6, 2, 2], 7) = 16806
N([2, 2, 6, 2, 3], 7) = 16806
N([2, 2, 6, 2, 4], 7) = 16806
N([2, 2, 6, 2, 5], 7) = 16806
N([2, 2, 6, 2, 6], 7) = 16806
N([2, 2, 6, 2, 7], 7) = 16806
N([2, 2, 6, 3, 1], 7) = 16806
N([2, 2, 6, 3, 2], 7) = 16806
N([2, 2, 6, 3, 3], 7) = 16806
N([2, 2, 6, 3, 4], 7) = 16806
N([2, 2, 6, 3, 5], 7) = 16806
N([2, 2, 6, 3, 6], 7) = 16806
N([2, 2, 6, 3, 7], 7) = 16806
N([2, 2, 6, 4, 1], 7) = 16806
N([2, 2, 6, 4, 2], 7) = 16806
N([2, 2, 6, 4, 3], 7) = 16806
N([2, 2, 6, 4, 4], 7) = 16806
N([2, 2, 6, 4, 5], 7) = 16806
N([2, 2, 6, 4, 6], 7) = 16806
N([2, 2, 6, 4, 7], 7) = 16806
N([2, 2, 6, 5, 1], 7) = 16806
N([2, 2, 6, 5, 2], 7) = 16806
N([2, 2, 6, 5, 3], 7) = 16806
N([2, 2, 6, 5, 4], 7) = 16806
N([2, 2, 6, 5, 5], 7) = 16806
N([2, 2, 6, 5, 6], 7) = 16806
N([2, 2, 6, 5, 7], 7) = 16806
N([2, 2, 6, 6, 1], 7) = 16806
N([2, 2, 6, 6, 2], 7) = 16806
N([2, 2, 6, 6, 3], 7) = 16806
N([2, 2, 6, 6, 4], 7) = 16806
N([2, 2, 6, 6, 5], 7) = 16806
N([2, 2, 6, 6, 6], 7) = 16806
N([2, 2, 6, 6, 7], 7) = 16806
N([2, 2, 6, 7, 1], 7) = 16806
N([2, 2, 6, 7, 2], 7) = 16806
N([2, 2, 6, 7, 3], 7) = 16806
N([2, 2, 6, 7, 4], 7) = 16806
N([2, 2, 6, 7, 5], 7) = 16806
N([2, 2, 6, 7, 6], 7) = 16806
N([2, 2, 6, 7, 7], 7) = 16806
N([2, 2, 7, 1, 1], 7) = 16806
N([2, 2, 7, 1, 2], 7) = 16806
N([2, 2, 7, 1, 3], 7) = 16806
N([2, 2, 7, 1, 4], 7) = 16806
N([2, 2, 7, 1, 5], 7) = 16806
N([2, 2, 7, 1, 6], 7) = 16806
N([2, 2, 7, 1, 7], 7) = 16806
N([2, 2, 7, 2, 1], 7) = 16806
N([2, 2, 7, 2, 2], 7) = 16806
N([2, 2, 7, 2, 3], 7) = 16806
N([2, 2, 7, 2, 4], 7) = 16806
N([2, 2, 7, 2, 5], 7) = 16806
N([2, 2, 7, 2, 6], 7) = 16806
N([2, 2, 7, 2, 7], 7) = 16806
N([2, 2, 7, 3, 1], 7) = 16806
N([2, 2, 7, 3, 2], 7) = 16806
N([2, 2, 7, 3, 3], 7) = 16806
N([2, 2, 7, 3, 4], 7) = 16806
N([2, 2, 7, 3, 5], 7) = 16806
N([2, 2, 7, 3, 6], 7) = 16806
N([2, 2, 7, 3, 7], 7) = 16806
N([2, 2, 7, 4, 1], 7) = 16806
N([2, 2, 7, 4, 2], 7) = 16806
N([2, 2, 7, 4, 3], 7) = 16806
N([2, 2, 7, 4, 4], 7) = 16806
N([2, 2, 7, 4, 5], 7) = 16806
N([2, 2, 7, 4, 6], 7) = 16806
N([2, 2, 7, 4, 7], 7) = 16806
N([2, 2, 7, 5, 1], 7) = 16806
N([2, 2, 7, 5, 2], 7) = 16806
N([2, 2, 7, 5, 3], 7) = 16806
N([2, 2, 7, 5, 4], 7) = 16806
N([2, 2, 7, 5, 5], 7) = 16806
N([2, 2, 7, 5, 6], 7) = 16806
N([2, 2, 7, 5, 7], 7) = 16806
N([2, 2, 7, 6, 1], 7) = 16806
N([2, 2, 7, 6, 2], 7) = 16806
N([2, 2, 7, 6, 3], 7) = 16806
N([2, 2, 7, 6, 4], 7) = 16806
N([2, 2, 7, 6, 5], 7) = 16806
N([2, 2, 7, 6, 6], 7) = 16806
N([2, 2, 7, 6, 7], 7) = 16806
N([2, 2, 7, 7, 1], 7) = 16806
N([2, 2, 7, 7, 2], 7) = 16806
N([2, 2, 7, 7, 3], 7) = 16806
N([2, 2, 7, 7, 4], 7) = 16806
N([2, 2, 7, 7, 5], 7) = 16806
N([2, 2, 7, 7, 6], 7) = 16806
N([2, 2, 7, 7, 7], 7) = 16806
N([2, 3, 1, 1, 1], 7) = 16806
N([2, 3, 1, 1, 2], 7) = 16806
N([2, 3, 1, 1, 3], 7) = 16806
N([2, 3, 1, 1, 4], 7) = 16806
N([2, 3, 1, 1, 5], 7) = 16806
N([2, 3, 1, 1, 6], 7) = 16806
N([2, 3, 1, 1, 7], 7) = 16806
N([2, 3, 1, 2, 1], 7) = 16806
N([2, 3, 1, 2, 2], 7) = 16806
N([2, 3, 1, 2, 3], 7) = 16806
N([2, 3, 1, 2, 4], 7) = 16806
N([2, 3, 1, 2, 5], 7) = 16806
N([2, 3, 1, 2, 6], 7) = 16806
N([2, 3, 1, 2, 7], 7) = 16806
N([2, 3, 1, 3, 1], 7) = 16806
N([2, 3, 1, 3, 2], 7) = 16806
N([2, 3, 1, 3, 3], 7) = 16806
N([2, 3, 1, 3, 4], 7) = 16806
N([2, 3, 1, 3, 5], 7) = 16806
N([2, 3, 1, 3, 6], 7) = 16806
N([2, 3, 1, 3, 7], 7) = 16806
N([2, 3, 1, 4, 1], 7) = 16806
N([2, 3, 1, 4, 2], 7) = 16806
N([2, 3, 1, 4, 3], 7) = 16806
N([2, 3, 1, 4, 4], 7) = 16806
N([2, 3, 1, 4, 5], 7) = 16806
N([2, 3, 1, 4, 6], 7) = 16806
N([2, 3, 1, 4, 7], 7) = 16806
N([2, 3, 1, 5, 1], 7) = 16806
N([2, 3, 1, 5, 2], 7) = 16806
N([2, 3, 1, 5, 3], 7) = 16806
N([2, 3, 1, 5, 4], 7) = 16806
N([2, 3, 1, 5, 5], 7) = 16806
N([2, 3, 1, 5, 6], 7) = 16806
N([2, 3, 1, 5, 7], 7) = 16806
N([2, 3, 1, 6, 1], 7) = 16806
N([2, 3, 1, 6, 2], 7) = 16806
N([2, 3, 1, 6, 3], 7) = 16806
N([2, 3, 1, 6, 4], 7) = 16806
N([2, 3, 1, 6, 5], 7) = 16806
N([2, 3, 1, 6, 6], 7) = 16806
N([2, 3, 1, 6, 7], 7) = 16806
N([2, 3, 1, 7, 1], 7) = 16806
N([2, 3, 1, 7, 2], 7) = 16806
N([2, 3, 1, 7, 3], 7) = 16806
N([2, 3, 1, 7, 4], 7) = 16806
N([2, 3, 1, 7, 5], 7) = 16806
N([2, 3, 1, 7, 6], 7) = 16806
N([2, 3, 1, 7, 7], 7) = 16806
N([2, 3, 2, 1, 1], 7) = 16806
N([2, 3, 2, 1, 2], 7) = 16806
N([2, 3, 2, 1, 3], 7) = 16806
N([2, 3, 2, 1, 4], 7) = 16806
N([2, 3, 2, 1, 5], 7) = 16806
N([2, 3, 2, 1, 6], 7) = 16806
N([2, 3, 2, 1, 7], 7) = 16806
N([2, 3, 2, 2, 1], 7) = 16806
N([2, 3, 2, 2, 2], 7) = 16806
N([2, 3, 2, 2, 3], 7) = 16806
N([2, 3, 2, 2, 4], 7) = 16806
N([2, 3, 2, 2, 5], 7) = 16806
N([2, 3, 2, 2, 6], 7) = 16806
N([2, 3, 2, 2, 7], 7) = 16806
N([2, 3, 2, 3, 1], 7) = 16806
N([2, 3, 2, 3, 2], 7) = 16806
N([2, 3, 2, 3, 3], 7) = 16806
N([2, 3, 2, 3, 4], 7) = 16806
N([2, 3, 2, 3, 5], 7) = 16806
N([2, 3, 2, 3, 6], 7) = 16806
N([2, 3, 2, 3, 7], 7) = 16806
N([2, 3, 2, 4, 1], 7) = 16806
N([2, 3, 2, 4, 2], 7) = 16806
N([2, 3, 2, 4, 3], 7) = 16806
N([2, 3, 2, 4, 4], 7) = 16806
N([2, 3, 2, 4, 5], 7) = 16806
N([2, 3, 2, 4, 6], 7) = 16806
N([2, 3, 2, 4, 7], 7) = 16806
N([2, 3, 2, 5, 1], 7) = 16806
N([2, 3, 2, 5, 2], 7) = 16806
N([2, 3, 2, 5, 3], 7) = 16806
N([2, 3, 2, 5, 4], 7) = 16806
N([2, 3, 2, 5, 5], 7) = 16806
N([2, 3, 2, 5, 6], 7) = 16806
N([2, 3, 2, 5, 7], 7) = 16806
N([2, 3, 2, 6, 1], 7) = 16806
N([2, 3, 2, 6, 2], 7) = 16806
N([2, 3, 2, 6, 3], 7) = 16806
N([2, 3, 2, 6, 4], 7) = 16806
N([2, 3, 2, 6, 5], 7) = 16806
N([2, 3, 2, 6, 6], 7) = 16806
N([2, 3, 2, 6, 7], 7) = 16806
N([2, 3, 2, 7, 1], 7) = 16806
N([2, 3, 2, 7, 2], 7) = 16806
N([2, 3, 2, 7, 3], 7) = 16806
N([2, 3, 2, 7, 4], 7) = 16806
N([2, 3, 2, 7, 5], 7) = 16806
N([2, 3, 2, 7, 6], 7) = 16806
N([2, 3, 2, 7, 7], 7) = 16806
N([2, 3, 3, 1, 1], 7) = 16806
N([2, 3, 3, 1, 2], 7) = 16806
N([2, 3, 3, 1, 3], 7) = 16806
N([2, 3, 3, 1, 4], 7) = 16806
N([2, 3, 3, 1, 5], 7) = 16806
N([2, 3, 3, 1, 6], 7) = 16806
N([2, 3, 3, 1, 7], 7) = 16806
N([2, 3, 3, 2, 1], 7) = 16806
N([2, 3, 3, 2, 2], 7) = 16806
N([2, 3, 3, 2, 3], 7) = 16806
N([2, 3, 3, 2, 4], 7) = 16806
N([2, 3, 3, 2, 5], 7) = 16806
N([2, 3, 3, 2, 6], 7) = 16806
N([2, 3, 3, 2, 7], 7) = 16806
N([2, 3, 3, 3, 1], 7) = 16806
N([2, 3, 3, 3, 2], 7) = 16806
N([2, 3, 3, 3, 3], 7) = 16806
N([2, 3, 3, 3, 4], 7) = 16806
N([2, 3, 3, 3, 5], 7) = 16806
N([2, 3, 3, 3, 6], 7) = 16806
N([2, 3, 3, 3, 7], 7) = 16806
N([2, 3, 3, 4, 1], 7) = 16806
N([2, 3, 3, 4, 2], 7) = 16806
N([2, 3, 3, 4, 3], 7) = 16806
N([2, 3, 3, 4, 4], 7) = 16806
N([2, 3, 3, 4, 5], 7) = 16806
N([2, 3, 3, 4, 6], 7) = 16806
N([2, 3, 3, 4, 7], 7) = 16806
N([2, 3, 3, 5, 1], 7) = 16806
N([2, 3, 3, 5, 2], 7) = 16806
N([2, 3, 3, 5, 3], 7) = 16806
N([2, 3, 3, 5, 4], 7) = 16806
N([2, 3, 3, 5, 5], 7) = 16806
N([2, 3, 3, 5, 6], 7) = 16806
N([2, 3, 3, 5, 7], 7) = 16806
N([2, 3, 3, 6, 1], 7) = 16806
N([2, 3, 3, 6, 2], 7) = 16806
N([2, 3, 3, 6, 3], 7) = 16806
N([2, 3, 3, 6, 4], 7) = 16806
N([2, 3, 3, 6, 5], 7) = 16806
N([2, 3, 3, 6, 6], 7) = 16806
N([2, 3, 3, 6, 7], 7) = 16806
N([2, 3, 3, 7, 1], 7) = 16806
N([2, 3, 3, 7, 2], 7) = 16806
N([2, 3, 3, 7, 3], 7) = 16806
N([2, 3, 3, 7, 4], 7) = 16806
N([2, 3, 3, 7, 5], 7) = 16806
N([2, 3, 3, 7, 6], 7) = 16806
N([2, 3, 3, 7, 7], 7) = 16806
N([2, 3, 4, 1, 1], 7) = 16806
N([2, 3, 4, 1, 2], 7) = 16806
N([2, 3, 4, 1, 3], 7) = 16806
N([2, 3, 4, 1, 4], 7) = 16806
N([2, 3, 4, 1, 5], 7) = 16806
N([2, 3, 4, 1, 6], 7) = 16806
N([2, 3, 4, 1, 7], 7) = 16806
N([2, 3, 4, 2, 1], 7) = 16806
N([2, 3, 4, 2, 2], 7) = 16806
N([2, 3, 4, 2, 3], 7) = 16806
N([2, 3, 4, 2, 4], 7) = 16806
N([2, 3, 4, 2, 5], 7) = 16806
N([2, 3, 4, 2, 6], 7) = 16806
N([2, 3, 4, 2, 7], 7) = 16806
N([2, 3, 4, 3, 1], 7) = 16806
N([2, 3, 4, 3, 2], 7) = 16806
N([2, 3, 4, 3, 3], 7) = 16806
N([2, 3, 4, 3, 4], 7) = 16806
N([2, 3, 4, 3, 5], 7) = 16806
N([2, 3, 4, 3, 6], 7) = 16806
N([2, 3, 4, 3, 7], 7) = 16806
N([2, 3, 4, 4, 1], 7) = 16806
N([2, 3, 4, 4, 2], 7) = 16806
N([2, 3, 4, 4, 3], 7) = 16806
N([2, 3, 4, 4, 4], 7) = 16806
N([2, 3, 4, 4, 5], 7) = 16806
N([2, 3, 4, 4, 6], 7) = 16806
N([2, 3, 4, 4, 7], 7) = 16806
N([2, 3, 4, 5, 1], 7) = 16806
N([2, 3, 4, 5, 2], 7) = 16806
N([2, 3, 4, 5, 3], 7) = 16806
N([2, 3, 4, 5, 4], 7) = 16806
N([2, 3, 4, 5, 5], 7) = 16806
N([2, 3, 4, 5, 6], 7) = 16806
N([2, 3, 4, 5, 7], 7) = 16806
N([2, 3, 4, 6, 1], 7) = 16806
N([2, 3, 4, 6, 2], 7) = 16806
N([2, 3, 4, 6, 3], 7) = 16806
N([2, 3, 4, 6, 4], 7) = 16806
N([2, 3, 4, 6, 5], 7) = 16806
N([2, 3, 4, 6, 6], 7) = 16806
N([2, 3, 4, 6, 7], 7) = 16806
N([2, 3, 4, 7, 1], 7) = 16806
N([2, 3, 4, 7, 2], 7) = 16806
N([2, 3, 4, 7, 3], 7) = 16806
N([2, 3, 4, 7, 4], 7) = 16806
N([2, 3, 4, 7, 5], 7) = 16806
N([2, 3, 4, 7, 6], 7) = 16806
N([2, 3, 4, 7, 7], 7) = 16806
N([2, 3, 5, 1, 1], 7) = 16806
N([2, 3, 5, 1, 2], 7) = 16806
N([2, 3, 5, 1, 3], 7) = 16806
N([2, 3, 5, 1, 4], 7) = 16806
N([2, 3, 5, 1, 5], 7) = 16806
N([2, 3, 5, 1, 6], 7) = 16806
N([2, 3, 5, 1, 7], 7) = 16806
N([2, 3, 5, 2, 1], 7) = 16806
N([2, 3, 5, 2, 2], 7) = 16806
N([2, 3, 5, 2, 3], 7) = 16806
N([2, 3, 5, 2, 4], 7) = 16806
N([2, 3, 5, 2, 5], 7) = 16806
N([2, 3, 5, 2, 6], 7) = 16806
N([2, 3, 5, 2, 7], 7) = 16806
N([2, 3, 5, 3, 1], 7) = 16806
N([2, 3, 5, 3, 2], 7) = 16806
N([2, 3, 5, 3, 3], 7) = 16806
N([2, 3, 5, 3, 4], 7) = 16806
N([2, 3, 5, 3, 5], 7) = 16806
N([2, 3, 5, 3, 6], 7) = 16806
N([2, 3, 5, 3, 7], 7) = 16806
N([2, 3, 5, 4, 1], 7) = 16806
N([2, 3, 5, 4, 2], 7) = 16806
N([2, 3, 5, 4, 3], 7) = 16806
N([2, 3, 5, 4, 4], 7) = 16806
N([2, 3, 5, 4, 5], 7) = 16806
N([2, 3, 5, 4, 6], 7) = 16806
N([2, 3, 5, 4, 7], 7) = 16806
N([2, 3, 5, 5, 1], 7) = 16806
N([2, 3, 5, 5, 2], 7) = 16806
N([2, 3, 5, 5, 3], 7) = 16806
N([2, 3, 5, 5, 4], 7) = 16806
N([2, 3, 5, 5, 5], 7) = 16806
N([2, 3, 5, 5, 6], 7) = 16806
N([2, 3, 5, 5, 7], 7) = 16806
N([2, 3, 5, 6, 1], 7) = 16806
N([2, 3, 5, 6, 2], 7) = 16806
N([2, 3, 5, 6, 3], 7) = 16806
N([2, 3, 5, 6, 4], 7) = 16806
N([2, 3, 5, 6, 5], 7) = 16806
N([2, 3, 5, 6, 6], 7) = 16806
N([2, 3, 5, 6, 7], 7) = 16806
N([2, 3, 5, 7, 1], 7) = 16806
N([2, 3, 5, 7, 2], 7) = 16806
N([2, 3, 5, 7, 3], 7) = 16806
N([2, 3, 5, 7, 4], 7) = 16806
N([2, 3, 5, 7, 5], 7) = 16806
N([2, 3, 5, 7, 6], 7) = 16806
N([2, 3, 5, 7, 7], 7) = 16806
N([2, 3, 6, 1, 1], 7) = 16806
N([2, 3, 6, 1, 2], 7) = 16806
N([2, 3, 6, 1, 3], 7) = 16806
N([2, 3, 6, 1, 4], 7) = 16806
N([2, 3, 6, 1, 5], 7) = 16806
N([2, 3, 6, 1, 6], 7) = 16806
N([2, 3, 6, 1, 7], 7) = 16806
N([2, 3, 6, 2, 1], 7) = 16806
N([2, 3, 6, 2, 2], 7) = 16806
N([2, 3, 6, 2, 3], 7) = 16806
N([2, 3, 6, 2, 4], 7) = 16806
N([2, 3, 6, 2, 5], 7) = 16806
N([2, 3, 6, 2, 6], 7) = 16806
N([2, 3, 6, 2, 7], 7) = 16806
N([2, 3, 6, 3, 1], 7) = 16806
N([2, 3, 6, 3, 2], 7) = 16806
N([2, 3, 6, 3, 3], 7) = 16806
N([2, 3, 6, 3, 4], 7) = 16806
N([2, 3, 6, 3, 5], 7) = 16806
N([2, 3, 6, 3, 6], 7) = 16806
N([2, 3, 6, 3, 7], 7) = 16806
N([2, 3, 6, 4, 1], 7) = 16806
N([2, 3, 6, 4, 2], 7) = 16806
N([2, 3, 6, 4, 3], 7) = 16806
N([2, 3, 6, 4, 4], 7) = 16806
N([2, 3, 6, 4, 5], 7) = 16806
N([2, 3, 6, 4, 6], 7) = 16806
N([2, 3, 6, 4, 7], 7) = 16806
N([2, 3, 6, 5, 1], 7) = 16806
N([2, 3, 6, 5, 2], 7) = 16806
N([2, 3, 6, 5, 3], 7) = 16806
N([2, 3, 6, 5, 4], 7) = 16806
N([2, 3, 6, 5, 5], 7) = 16806
N([2, 3, 6, 5, 6], 7) = 16806
N([2, 3, 6, 5, 7], 7) = 16806
N([2, 3, 6, 6, 1], 7) = 16806
N([2, 3, 6, 6, 2], 7) = 16806
N([2, 3, 6, 6, 3], 7) = 16806
N([2, 3, 6, 6, 4], 7) = 16806
N([2, 3, 6, 6, 5], 7) = 16806
N([2, 3, 6, 6, 6], 7) = 16806
N([2, 3, 6, 6, 7], 7) = 16806
N([2, 3, 6, 7, 1], 7) = 16806
N([2, 3, 6, 7, 2], 7) = 16806
N([2, 3, 6, 7, 3], 7) = 16806
N([2, 3, 6, 7, 4], 7) = 16806
N([2, 3, 6, 7, 5], 7) = 16806
N([2, 3, 6, 7, 6], 7) = 16806
N([2, 3, 6, 7, 7], 7) = 16806
N([2, 3, 7, 1, 1], 7) = 16806
N([2, 3, 7, 1, 2], 7) = 16806
N([2, 3, 7, 1, 3], 7) = 16806
N([2, 3, 7, 1, 4], 7) = 16806
N([2, 3, 7, 1, 5], 7) = 16806
N([2, 3, 7, 1, 6], 7) = 16806
N([2, 3, 7, 1, 7], 7) = 16806
N([2, 3, 7, 2, 1], 7) = 16806
N([2, 3, 7, 2, 2], 7) = 16806
N([2, 3, 7, 2, 3], 7) = 16806
N([2, 3, 7, 2, 4], 7) = 16806
N([2, 3, 7, 2, 5], 7) = 16806
N([2, 3, 7, 2, 6], 7) = 16806
N([2, 3, 7, 2, 7], 7) = 16806
N([2, 3, 7, 3, 1], 7) = 16806
N([2, 3, 7, 3, 2], 7) = 16806
N([2, 3, 7, 3, 3], 7) = 16806
N([2, 3, 7, 3, 4], 7) = 16806
N([2, 3, 7, 3, 5], 7) = 16806
N([2, 3, 7, 3, 6], 7) = 16806
N([2, 3, 7, 3, 7], 7) = 16806
N([2, 3, 7, 4, 1], 7) = 16806
N([2, 3, 7, 4, 2], 7) = 16806
N([2, 3, 7, 4, 3], 7) = 16806
N([2, 3, 7, 4, 4], 7) = 16806
N([2, 3, 7, 4, 5], 7) = 16806
N([2, 3, 7, 4, 6], 7) = 16806
N([2, 3, 7, 4, 7], 7) = 16806
N([2, 3, 7, 5, 1], 7) = 16806
N([2, 3, 7, 5, 2], 7) = 16806
N([2, 3, 7, 5, 3], 7) = 16806
N([2, 3, 7, 5, 4], 7) = 16806
N([2, 3, 7, 5, 5], 7) = 16806
N([2, 3, 7, 5, 6], 7) = 16806
N([2, 3, 7, 5, 7], 7) = 16806
N([2, 3, 7, 6, 1], 7) = 16806
N([2, 3, 7, 6, 2], 7) = 16806
N([2, 3, 7, 6, 3], 7) = 16806
N([2, 3, 7, 6, 4], 7) = 16806
N([2, 3, 7, 6, 5], 7) = 16806
N([2, 3, 7, 6, 6], 7) = 16806
N([2, 3, 7, 6, 7], 7) = 16806
N([2, 3, 7, 7, 1], 7) = 16806
N([2, 3, 7, 7, 2], 7) = 16806
N([2, 3, 7, 7, 3], 7) = 16806
N([2, 3, 7, 7, 4], 7) = 16806
N([2, 3, 7, 7, 5], 7) = 16806
N([2, 3, 7, 7, 6], 7) = 16806
N([2, 3, 7, 7, 7], 7) = 16806
N([2, 4, 1, 1, 1], 7) = 16806
N([2, 4, 1, 1, 2], 7) = 16806
N([2, 4, 1, 1, 3], 7) = 16806
N([2, 4, 1, 1, 4], 7) = 16806
N([2, 4, 1, 1, 5], 7) = 16806
N([2, 4, 1, 1, 6], 7) = 16806
N([2, 4, 1, 1, 7], 7) = 16806
N([2, 4, 1, 2, 1], 7) = 16806
N([2, 4, 1, 2, 2], 7) = 16806
N([2, 4, 1, 2, 3], 7) = 16806
N([2, 4, 1, 2, 4], 7) = 16806
N([2, 4, 1, 2, 5], 7) = 16806
N([2, 4, 1, 2, 6], 7) = 16806
N([2, 4, 1, 2, 7], 7) = 16806
N([2, 4, 1, 3, 1], 7) = 16806
N([2, 4, 1, 3, 2], 7) = 16806
N([2, 4, 1, 3, 3], 7) = 16806
N([2, 4, 1, 3, 4], 7) = 16806
N([2, 4, 1, 3, 5], 7) = 16806
N([2, 4, 1, 3, 6], 7) = 16806
N([2, 4, 1, 3, 7], 7) = 16806
N([2, 4, 1, 4, 1], 7) = 16806
N([2, 4, 1, 4, 2], 7) = 16806
N([2, 4, 1, 4, 3], 7) = 16806
N([2, 4, 1, 4, 4], 7) = 16806
N([2, 4, 1, 4, 5], 7) = 16806
N([2, 4, 1, 4, 6], 7) = 16806
N([2, 4, 1, 4, 7], 7) = 16806
N([2, 4, 1, 5, 1], 7) = 16806
N([2, 4, 1, 5, 2], 7) = 16806
N([2, 4, 1, 5, 3], 7) = 16806
N([2, 4, 1, 5, 4], 7) = 16806
N([2, 4, 1, 5, 5], 7) = 16806
N([2, 4, 1, 5, 6], 7) = 16806
N([2, 4, 1, 5, 7], 7) = 16806
N([2, 4, 1, 6, 1], 7) = 16806
N([2, 4, 1, 6, 2], 7) = 16806
N([2, 4, 1, 6, 3], 7) = 16806
N([2, 4, 1, 6, 4], 7) = 16806
N([2, 4, 1, 6, 5], 7) = 16806
N([2, 4, 1, 6, 6], 7) = 16806
N([2, 4, 1, 6, 7], 7) = 16806
N([2, 4, 1, 7, 1], 7) = 16806
N([2, 4, 1, 7, 2], 7) = 16806
N([2, 4, 1, 7, 3], 7) = 16806
N([2, 4, 1, 7, 4], 7) = 16806
N([2, 4, 1, 7, 5], 7) = 16806
N([2, 4, 1, 7, 6], 7) = 16806
N([2, 4, 1, 7, 7], 7) = 16806
N([2, 4, 2, 1, 1], 7) = 16806
N([2, 4, 2, 1, 2], 7) = 16806
N([2, 4, 2, 1, 3], 7) = 16806
N([2, 4, 2, 1, 4], 7) = 16806
N([2, 4, 2, 1, 5], 7) = 16806
N([2, 4, 2, 1, 6], 7) = 16806
N([2, 4, 2, 1, 7], 7) = 16806
N([2, 4, 2, 2, 1], 7) = 16806
N([2, 4, 2, 2, 2], 7) = 16806
N([2, 4, 2, 2, 3], 7) = 16806
N([2, 4, 2, 2, 4], 7) = 16806
N([2, 4, 2, 2, 5], 7) = 16806
N([2, 4, 2, 2, 6], 7) = 16806
N([2, 4, 2, 2, 7], 7) = 16806
N([2, 4, 2, 3, 1], 7) = 16806
N([2, 4, 2, 3, 2], 7) = 16806
N([2, 4, 2, 3, 3], 7) = 16806
N([2, 4, 2, 3, 4], 7) = 16806
N([2, 4, 2, 3, 5], 7) = 16806
N([2, 4, 2, 3, 6], 7) = 16806
N([2, 4, 2, 3, 7], 7) = 16806
N([2, 4, 2, 4, 1], 7) = 16806
N([2, 4, 2, 4, 2], 7) = 16806
N([2, 4, 2, 4, 3], 7) = 16806
N([2, 4, 2, 4, 4], 7) = 16806
N([2, 4, 2, 4, 5], 7) = 16806
N([2, 4, 2, 4, 6], 7) = 16806
N([2, 4, 2, 4, 7], 7) = 16806
N([2, 4, 2, 5, 1], 7) = 16806
N([2, 4, 2, 5, 2], 7) = 16806
N([2, 4, 2, 5, 3], 7) = 16806
N([2, 4, 2, 5, 4], 7) = 16806
N([2, 4, 2, 5, 5], 7) = 16806
N([2, 4, 2, 5, 6], 7) = 16806
N([2, 4, 2, 5, 7], 7) = 16806
N([2, 4, 2, 6, 1], 7) = 16806
N([2, 4, 2, 6, 2], 7) = 16806
N([2, 4, 2, 6, 3], 7) = 16806
N([2, 4, 2, 6, 4], 7) = 16806
N([2, 4, 2, 6, 5], 7) = 16806
N([2, 4, 2, 6, 6], 7) = 16806
N([2, 4, 2, 6, 7], 7) = 16806
N([2, 4, 2, 7, 1], 7) = 16806
N([2, 4, 2, 7, 2], 7) = 16806
N([2, 4, 2, 7, 3], 7) = 16806
N([2, 4, 2, 7, 4], 7) = 16806
N([2, 4, 2, 7, 5], 7) = 16806
N([2, 4, 2, 7, 6], 7) = 16806
N([2, 4, 2, 7, 7], 7) = 16806
N([2, 4, 3, 1, 1], 7) = 16806
N([2, 4, 3, 1, 2], 7) = 16806
N([2, 4, 3, 1, 3], 7) = 16806
N([2, 4, 3, 1, 4], 7) = 16806
N([2, 4, 3, 1, 5], 7) = 16806
N([2, 4, 3, 1, 6], 7) = 16806
N([2, 4, 3, 1, 7], 7) = 16806
N([2, 4, 3, 2, 1], 7) = 16806
N([2, 4, 3, 2, 2], 7) = 16806
N([2, 4, 3, 2, 3], 7) = 16806
N([2, 4, 3, 2, 4], 7) = 16806
N([2, 4, 3, 2, 5], 7) = 16806
N([2, 4, 3, 2, 6], 7) = 16806
N([2, 4, 3, 2, 7], 7) = 16806
N([2, 4, 3, 3, 1], 7) = 16806
N([2, 4, 3, 3, 2], 7) = 16806
N([2, 4, 3, 3, 3], 7) = 16806
N([2, 4, 3, 3, 4], 7) = 16806
N([2, 4, 3, 3, 5], 7) = 16806
N([2, 4, 3, 3, 6], 7) = 16806
N([2, 4, 3, 3, 7], 7) = 16806
N([2, 4, 3, 4, 1], 7) = 16806
N([2, 4, 3, 4, 2], 7) = 16806
N([2, 4, 3, 4, 3], 7) = 16806
N([2, 4, 3, 4, 4], 7) = 16806
N([2, 4, 3, 4, 5], 7) = 16806
N([2, 4, 3, 4, 6], 7) = 16806
N([2, 4, 3, 4, 7], 7) = 16806
N([2, 4, 3, 5, 1], 7) = 16806
N([2, 4, 3, 5, 2], 7) = 16806
N([2, 4, 3, 5, 3], 7) = 16806
N([2, 4, 3, 5, 4], 7) = 16806
N([2, 4, 3, 5, 5], 7) = 16806
N([2, 4, 3, 5, 6], 7) = 16806
N([2, 4, 3, 5, 7], 7) = 16806
N([2, 4, 3, 6, 1], 7) = 16806
N([2, 4, 3, 6, 2], 7) = 16806
N([2, 4, 3, 6, 3], 7) = 16806
N([2, 4, 3, 6, 4], 7) = 16806
N([2, 4, 3, 6, 5], 7) = 16806
N([2, 4, 3, 6, 6], 7) = 16806
N([2, 4, 3, 6, 7], 7) = 16806
N([2, 4, 3, 7, 1], 7) = 16806
N([2, 4, 3, 7, 2], 7) = 16806
N([2, 4, 3, 7, 3], 7) = 16806
N([2, 4, 3, 7, 4], 7) = 16806
N([2, 4, 3, 7, 5], 7) = 16806
N([2, 4, 3, 7, 6], 7) = 16806
N([2, 4, 3, 7, 7], 7) = 16806
N([2, 4, 4, 1, 1], 7) = 16806
N([2, 4, 4, 1, 2], 7) = 16806
N([2, 4, 4, 1, 3], 7) = 16806
N([2, 4, 4, 1, 4], 7) = 16806
N([2, 4, 4, 1, 5], 7) = 16806
N([2, 4, 4, 1, 6], 7) = 16806
N([2, 4, 4, 1, 7], 7) = 16806
N([2, 4, 4, 2, 1], 7) = 16806
N([2, 4, 4, 2, 2], 7) = 16806
N([2, 4, 4, 2, 3], 7) = 16806
N([2, 4, 4, 2, 4], 7) = 16806
N([2, 4, 4, 2, 5], 7) = 16806
N([2, 4, 4, 2, 6], 7) = 16806
N([2, 4, 4, 2, 7], 7) = 16806
N([2, 4, 4, 3, 1], 7) = 16806
N([2, 4, 4, 3, 2], 7) = 16806
N([2, 4, 4, 3, 3], 7) = 16806
N([2, 4, 4, 3, 4], 7) = 16806
N([2, 4, 4, 3, 5], 7) = 16806
N([2, 4, 4, 3, 6], 7) = 16806
N([2, 4, 4, 3, 7], 7) = 16806
N([2, 4, 4, 4, 1], 7) = 16806
N([2, 4, 4, 4, 2], 7) = 16806
N([2, 4, 4, 4, 3], 7) = 16806
N([2, 4, 4, 4, 4], 7) = 16806
N([2, 4, 4, 4, 5], 7) = 16806
N([2, 4, 4, 4, 6], 7) = 16806
N([2, 4, 4, 4, 7], 7) = 16806
N([2, 4, 4, 5, 1], 7) = 16806
N([2, 4, 4, 5, 2], 7) = 16806
N([2, 4, 4, 5, 3], 7) = 16806
N([2, 4, 4, 5, 4], 7) = 16806
N([2, 4, 4, 5, 5], 7) = 16806
N([2, 4, 4, 5, 6], 7) = 16806
N([2, 4, 4, 5, 7], 7) = 16806
N([2, 4, 4, 6, 1], 7) = 16806
N([2, 4, 4, 6, 2], 7) = 16806
N([2, 4, 4, 6, 3], 7) = 16806
N([2, 4, 4, 6, 4], 7) = 16806
N([2, 4, 4, 6, 5], 7) = 16806
N([2, 4, 4, 6, 6], 7) = 16806
N([2, 4, 4, 6, 7], 7) = 16806
N([2, 4, 4, 7, 1], 7) = 16806
N([2, 4, 4, 7, 2], 7) = 16806
N([2, 4, 4, 7, 3], 7) = 16806
N([2, 4, 4, 7, 4], 7) = 16806
N([2, 4, 4, 7, 5], 7) = 16806
N([2, 4, 4, 7, 6], 7) = 16806
N([2, 4, 4, 7, 7], 7) = 16806
N([2, 4, 5, 1, 1], 7) = 16806
N([2, 4, 5, 1, 2], 7) = 16806
N([2, 4, 5, 1, 3], 7) = 16806
N([2, 4, 5, 1, 4], 7) = 16806
N([2, 4, 5, 1, 5], 7) = 16806
N([2, 4, 5, 1, 6], 7) = 16806
N([2, 4, 5, 1, 7], 7) = 16806
N([2, 4, 5, 2, 1], 7) = 16806
N([2, 4, 5, 2, 2], 7) = 16806
N([2, 4, 5, 2, 3], 7) = 16806
N([2, 4, 5, 2, 4], 7) = 16806
N([2, 4, 5, 2, 5], 7) = 16806
N([2, 4, 5, 2, 6], 7) = 16806
N([2, 4, 5, 2, 7], 7) = 16806
N([2, 4, 5, 3, 1], 7) = 16806
N([2, 4, 5, 3, 2], 7) = 16806
N([2, 4, 5, 3, 3], 7) = 16806
N([2, 4, 5, 3, 4], 7) = 16806
N([2, 4, 5, 3, 5], 7) = 16806
N([2, 4, 5, 3, 6], 7) = 16806
N([2, 4, 5, 3, 7], 7) = 16806
N([2, 4, 5, 4, 1], 7) = 16806
N([2, 4, 5, 4, 2], 7) = 16806
N([2, 4, 5, 4, 3], 7) = 16806
N([2, 4, 5, 4, 4], 7) = 16806
N([2, 4, 5, 4, 5], 7) = 16806
N([2, 4, 5, 4, 6], 7) = 16806
N([2, 4, 5, 4, 7], 7) = 16806
N([2, 4, 5, 5, 1], 7) = 16806
N([2, 4, 5, 5, 2], 7) = 16806
N([2, 4, 5, 5, 3], 7) = 16806
N([2, 4, 5, 5, 4], 7) = 16806
N([2, 4, 5, 5, 5], 7) = 16806
N([2, 4, 5, 5, 6], 7) = 16806
N([2, 4, 5, 5, 7], 7) = 16806
N([2, 4, 5, 6, 1], 7) = 16806
N([2, 4, 5, 6, 2], 7) = 16806
N([2, 4, 5, 6, 3], 7) = 16806
N([2, 4, 5, 6, 4], 7) = 16806
N([2, 4, 5, 6, 5], 7) = 16806
N([2, 4, 5, 6, 6], 7) = 16806
N([2, 4, 5, 6, 7], 7) = 16806
N([2, 4, 5, 7, 1], 7) = 16806
N([2, 4, 5, 7, 2], 7) = 16806
N([2, 4, 5, 7, 3], 7) = 16806
N([2, 4, 5, 7, 4], 7) = 16806
N([2, 4, 5, 7, 5], 7) = 16806
N([2, 4, 5, 7, 6], 7) = 16806
N([2, 4, 5, 7, 7], 7) = 16806
N([2, 4, 6, 1, 1], 7) = 16806
N([2, 4, 6, 1, 2], 7) = 16806
N([2, 4, 6, 1, 3], 7) = 16806
N([2, 4, 6, 1, 4], 7) = 16806
N([2, 4, 6, 1, 5], 7) = 16806
N([2, 4, 6, 1, 6], 7) = 16806
N([2, 4, 6, 1, 7], 7) = 16806
N([2, 4, 6, 2, 1], 7) = 16806
N([2, 4, 6, 2, 2], 7) = 16806
N([2, 4, 6, 2, 3], 7) = 16806
N([2, 4, 6, 2, 4], 7) = 16806
N([2, 4, 6, 2, 5], 7) = 16806
N([2, 4, 6, 2, 6], 7) = 16806
N([2, 4, 6, 2, 7], 7) = 16806
N([2, 4, 6, 3, 1], 7) = 16806
N([2, 4, 6, 3, 2], 7) = 16806
N([2, 4, 6, 3, 3], 7) = 16806
N([2, 4, 6, 3, 4], 7) = 16806
N([2, 4, 6, 3, 5], 7) = 16806
N([2, 4, 6, 3, 6], 7) = 16806
N([2, 4, 6, 3, 7], 7) = 16806
N([2, 4, 6, 4, 1], 7) = 16806
N([2, 4, 6, 4, 2], 7) = 16806
N([2, 4, 6, 4, 3], 7) = 16806
N([2, 4, 6, 4, 4], 7) = 16806
N([2, 4, 6, 4, 5], 7) = 16806
N([2, 4, 6, 4, 6], 7) = 16806
N([2, 4, 6, 4, 7], 7) = 16806
N([2, 4, 6, 5, 1], 7) = 16806
N([2, 4, 6, 5, 2], 7) = 16806
N([2, 4, 6, 5, 3], 7) = 16806
N([2, 4, 6, 5, 4], 7) = 16806
N([2, 4, 6, 5, 5], 7) = 16806
N([2, 4, 6, 5, 6], 7) = 16806
N([2, 4, 6, 5, 7], 7) = 16806
N([2, 4, 6, 6, 1], 7) = 16806
N([2, 4, 6, 6, 2], 7) = 16806
N([2, 4, 6, 6, 3], 7) = 16806
N([2, 4, 6, 6, 4], 7) = 16806
N([2, 4, 6, 6, 5], 7) = 16806
N([2, 4, 6, 6, 6], 7) = 16806
N([2, 4, 6, 6, 7], 7) = 16806
N([2, 4, 6, 7, 1], 7) = 16806
N([2, 4, 6, 7, 2], 7) = 16806
N([2, 4, 6, 7, 3], 7) = 16806
N([2, 4, 6, 7, 4], 7) = 16806
N([2, 4, 6, 7, 5], 7) = 16806
N([2, 4, 6, 7, 6], 7) = 16806
N([2, 4, 6, 7, 7], 7) = 16806
N([2, 4, 7, 1, 1], 7) = 16806
N([2, 4, 7, 1, 2], 7) = 16806
N([2, 4, 7, 1, 3], 7) = 16806
N([2, 4, 7, 1, 4], 7) = 16806
N([2, 4, 7, 1, 5], 7) = 16806
N([2, 4, 7, 1, 6], 7) = 16806
N([2, 4, 7, 1, 7], 7) = 16806
N([2, 4, 7, 2, 1], 7) = 16806
N([2, 4, 7, 2, 2], 7) = 16806
N([2, 4, 7, 2, 3], 7) = 16806
N([2, 4, 7, 2, 4], 7) = 16806
N([2, 4, 7, 2, 5], 7) = 16806
N([2, 4, 7, 2, 6], 7) = 16806
N([2, 4, 7, 2, 7], 7) = 16806
N([2, 4, 7, 3, 1], 7) = 16806
N([2, 4, 7, 3, 2], 7) = 16806
N([2, 4, 7, 3, 3], 7) = 16806
N([2, 4, 7, 3, 4], 7) = 16806
N([2, 4, 7, 3, 5], 7) = 16806
N([2, 4, 7, 3, 6], 7) = 16806
N([2, 4, 7, 3, 7], 7) = 16806
N([2, 4, 7, 4, 1], 7) = 16806
N([2, 4, 7, 4, 2], 7) = 16806
N([2, 4, 7, 4, 3], 7) = 16806
N([2, 4, 7, 4, 4], 7) = 16806
N([2, 4, 7, 4, 5], 7) = 16806
N([2, 4, 7, 4, 6], 7) = 16806
N([2, 4, 7, 4, 7], 7) = 16806
N([2, 4, 7, 5, 1], 7) = 16806
N([2, 4, 7, 5, 2], 7) = 16806
N([2, 4, 7, 5, 3], 7) = 16806
N([2, 4, 7, 5, 4], 7) = 16806
N([2, 4, 7, 5, 5], 7) = 16806
N([2, 4, 7, 5, 6], 7) = 16806
N([2, 4, 7, 5, 7], 7) = 16806
N([2, 4, 7, 6, 1], 7) = 16806
N([2, 4, 7, 6, 2], 7) = 16806
N([2, 4, 7, 6, 3], 7) = 16806
N([2, 4, 7, 6, 4], 7) = 16806
N([2, 4, 7, 6, 5], 7) = 16806
N([2, 4, 7, 6, 6], 7) = 16806
N([2, 4, 7, 6, 7], 7) = 16806
N([2, 4, 7, 7, 1], 7) = 16806
N([2, 4, 7, 7, 2], 7) = 16806
N([2, 4, 7, 7, 3], 7) = 16806
N([2, 4, 7, 7, 4], 7) = 16806
N([2, 4, 7, 7, 5], 7) = 16806
N([2, 4, 7, 7, 6], 7) = 16806
N([2, 4, 7, 7, 7], 7) = 16806
N([2, 5, 1, 1, 1], 7) = 16806
N([2, 5, 1, 1, 2], 7) = 16806
N([2, 5, 1, 1, 3], 7) = 16806
N([2, 5, 1, 1, 4], 7) = 16806
N([2, 5, 1, 1, 5], 7) = 16806
N([2, 5, 1, 1, 6], 7) = 16806
N([2, 5, 1, 1, 7], 7) = 16806
N([2, 5, 1, 2, 1], 7) = 16806
N([2, 5, 1, 2, 2], 7) = 16806
N([2, 5, 1, 2, 3], 7) = 16806
N([2, 5, 1, 2, 4], 7) = 16806
N([2, 5, 1, 2, 5], 7) = 16806
N([2, 5, 1, 2, 6], 7) = 16806
N([2, 5, 1, 2, 7], 7) = 16806
N([2, 5, 1, 3, 1], 7) = 16806
N([2, 5, 1, 3, 2], 7) = 16806
N([2, 5, 1, 3, 3], 7) = 16806
N([2, 5, 1, 3, 4], 7) = 16806
N([2, 5, 1, 3, 5], 7) = 16806
N([2, 5, 1, 3, 6], 7) = 16806
N([2, 5, 1, 3, 7], 7) = 16806
N([2, 5, 1, 4, 1], 7) = 16806
N([2, 5, 1, 4, 2], 7) = 16806
N([2, 5, 1, 4, 3], 7) = 16806
N([2, 5, 1, 4, 4], 7) = 16806
N([2, 5, 1, 4, 5], 7) = 16806
N([2, 5, 1, 4, 6], 7) = 16806
N([2, 5, 1, 4, 7], 7) = 16806
N([2, 5, 1, 5, 1], 7) = 16806
N([2, 5, 1, 5, 2], 7) = 16806
N([2, 5, 1, 5, 3], 7) = 16806
N([2, 5, 1, 5, 4], 7) = 16806
N([2, 5, 1, 5, 5], 7) = 16806
N([2, 5, 1, 5, 6], 7) = 16806
N([2, 5, 1, 5, 7], 7) = 16806
N([2, 5, 1, 6, 1], 7) = 16806
N([2, 5, 1, 6, 2], 7) = 16806
N([2, 5, 1, 6, 3], 7) = 16806
N([2, 5, 1, 6, 4], 7) = 16806
N([2, 5, 1, 6, 5], 7) = 16806
N([2, 5, 1, 6, 6], 7) = 16806
N([2, 5, 1, 6, 7], 7) = 16806
N([2, 5, 1, 7, 1], 7) = 16806
N([2, 5, 1, 7, 2], 7) = 16806
N([2, 5, 1, 7, 3], 7) = 16806
N([2, 5, 1, 7, 4], 7) = 16806
N([2, 5, 1, 7, 5], 7) = 16806
N([2, 5, 1, 7, 6], 7) = 16806
N([2, 5, 1, 7, 7], 7) = 16806
N([2, 5, 2, 1, 1], 7) = 16806
N([2, 5, 2, 1, 2], 7) = 16806
N([2, 5, 2, 1, 3], 7) = 16806
N([2, 5, 2, 1, 4], 7) = 16806
N([2, 5, 2, 1, 5], 7) = 16806
N([2, 5, 2, 1, 6], 7) = 16806
N([2, 5, 2, 1, 7], 7) = 16806
N([2, 5, 2, 2, 1], 7) = 16806
N([2, 5, 2, 2, 2], 7) = 16806
N([2, 5, 2, 2, 3], 7) = 16806
N([2, 5, 2, 2, 4], 7) = 16806
N([2, 5, 2, 2, 5], 7) = 16806
N([2, 5, 2, 2, 6], 7) = 16806
N([2, 5, 2, 2, 7], 7) = 16806
N([2, 5, 2, 3, 1], 7) = 16806
N([2, 5, 2, 3, 2], 7) = 16806
N([2, 5, 2, 3, 3], 7) = 16806
N([2, 5, 2, 3, 4], 7) = 16806
N([2, 5, 2, 3, 5], 7) = 16806
N([2, 5, 2, 3, 6], 7) = 16806
N([2, 5, 2, 3, 7], 7) = 16806
N([2, 5, 2, 4, 1], 7) = 16806
N([2, 5, 2, 4, 2], 7) = 16806
N([2, 5, 2, 4, 3], 7) = 16806
N([2, 5, 2, 4, 4], 7) = 16806
N([2, 5, 2, 4, 5], 7) = 16806
N([2, 5, 2, 4, 6], 7) = 16806
N([2, 5, 2, 4, 7], 7) = 16806
N([2, 5, 2, 5, 1], 7) = 16806
N([2, 5, 2, 5, 2], 7) = 16806
N([2, 5, 2, 5, 3], 7) = 16806
N([2, 5, 2, 5, 4], 7) = 16806
N([2, 5, 2, 5, 5], 7) = 16806
N([2, 5, 2, 5, 6], 7) = 16806
N([2, 5, 2, 5, 7], 7) = 16806
N([2, 5, 2, 6, 1], 7) = 16806
N([2, 5, 2, 6, 2], 7) = 16806
N([2, 5, 2, 6, 3], 7) = 16806
N([2, 5, 2, 6, 4], 7) = 16806
N([2, 5, 2, 6, 5], 7) = 16806
N([2, 5, 2, 6, 6], 7) = 16806
N([2, 5, 2, 6, 7], 7) = 16806
N([2, 5, 2, 7, 1], 7) = 16806
N([2, 5, 2, 7, 2], 7) = 16806
N([2, 5, 2, 7, 3], 7) = 16806
N([2, 5, 2, 7, 4], 7) = 16806
N([2, 5, 2, 7, 5], 7) = 16806
N([2, 5, 2, 7, 6], 7) = 16806
N([2, 5, 2, 7, 7], 7) = 16806
N([2, 5, 3, 1, 1], 7) = 16806
N([2, 5, 3, 1, 2], 7) = 16806
N([2, 5, 3, 1, 3], 7) = 16806
N([2, 5, 3, 1, 4], 7) = 16806
N([2, 5, 3, 1, 5], 7) = 16806
N([2, 5, 3, 1, 6], 7) = 16806
N([2, 5, 3, 1, 7], 7) = 16806
N([2, 5, 3, 2, 1], 7) = 16806
N([2, 5, 3, 2, 2], 7) = 16806
N([2, 5, 3, 2, 3], 7) = 16806
N([2, 5, 3, 2, 4], 7) = 16806
N([2, 5, 3, 2, 5], 7) = 16806
N([2, 5, 3, 2, 6], 7) = 16806
N([2, 5, 3, 2, 7], 7) = 16806
N([2, 5, 3, 3, 1], 7) = 16806
N([2, 5, 3, 3, 2], 7) = 16806
N([2, 5, 3, 3, 3], 7) = 16806
N([2, 5, 3, 3, 4], 7) = 16806
N([2, 5, 3, 3, 5], 7) = 16806
N([2, 5, 3, 3, 6], 7) = 16806
N([2, 5, 3, 3, 7], 7) = 16806
N([2, 5, 3, 4, 1], 7) = 16806
N([2, 5, 3, 4, 2], 7) = 16806
N([2, 5, 3, 4, 3], 7) = 16806
N([2, 5, 3, 4, 4], 7) = 16806
N([2, 5, 3, 4, 5], 7) = 16806
N([2, 5, 3, 4, 6], 7) = 16806
N([2, 5, 3, 4, 7], 7) = 16806
N([2, 5, 3, 5, 1], 7) = 16806
N([2, 5, 3, 5, 2], 7) = 16806
N([2, 5, 3, 5, 3], 7) = 16806
N([2, 5, 3, 5, 4], 7) = 16806
N([2, 5, 3, 5, 5], 7) = 16806
N([2, 5, 3, 5, 6], 7) = 16806
N([2, 5, 3, 5, 7], 7) = 16806
N([2, 5, 3, 6, 1], 7) = 16806
N([2, 5, 3, 6, 2], 7) = 16806
N([2, 5, 3, 6, 3], 7) = 16806
N([2, 5, 3, 6, 4], 7) = 16806
N([2, 5, 3, 6, 5], 7) = 16806
N([2, 5, 3, 6, 6], 7) = 16806
N([2, 5, 3, 6, 7], 7) = 16806
N([2, 5, 3, 7, 1], 7) = 16806
N([2, 5, 3, 7, 2], 7) = 16806
N([2, 5, 3, 7, 3], 7) = 16806
N([2, 5, 3, 7, 4], 7) = 16806
N([2, 5, 3, 7, 5], 7) = 16806
N([2, 5, 3, 7, 6], 7) = 16806
N([2, 5, 3, 7, 7], 7) = 16806
N([2, 5, 4, 1, 1], 7) = 16806
N([2, 5, 4, 1, 2], 7) = 16806
N([2, 5, 4, 1, 3], 7) = 16806
N([2, 5, 4, 1, 4], 7) = 16806
N([2, 5, 4, 1, 5], 7) = 16806
N([2, 5, 4, 1, 6], 7) = 16806
N([2, 5, 4, 1, 7], 7) = 16806
N([2, 5, 4, 2, 1], 7) = 16806
N([2, 5, 4, 2, 2], 7) = 16806
N([2, 5, 4, 2, 3], 7) = 16806
N([2, 5, 4, 2, 4], 7) = 16806
N([2, 5, 4, 2, 5], 7) = 16806
N([2, 5, 4, 2, 6], 7) = 16806
N([2, 5, 4, 2, 7], 7) = 16806
N([2, 5, 4, 3, 1], 7) = 16806
N([2, 5, 4, 3, 2], 7) = 16806
N([2, 5, 4, 3, 3], 7) = 16806
N([2, 5, 4, 3, 4], 7) = 16806
N([2, 5, 4, 3, 5], 7) = 16806
N([2, 5, 4, 3, 6], 7) = 16806
N([2, 5, 4, 3, 7], 7) = 16806
N([2, 5, 4, 4, 1], 7) = 16806
N([2, 5, 4, 4, 2], 7) = 16806
N([2, 5, 4, 4, 3], 7) = 16806
N([2, 5, 4, 4, 4], 7) = 16806
N([2, 5, 4, 4, 5], 7) = 16806
N([2, 5, 4, 4, 6], 7) = 16806
N([2, 5, 4, 4, 7], 7) = 16806
N([2, 5, 4, 5, 1], 7) = 16806
N([2, 5, 4, 5, 2], 7) = 16806
N([2, 5, 4, 5, 3], 7) = 16806
N([2, 5, 4, 5, 4], 7) = 16806
N([2, 5, 4, 5, 5], 7) = 16806
N([2, 5, 4, 5, 6], 7) = 16806
N([2, 5, 4, 5, 7], 7) = 16806
N([2, 5, 4, 6, 1], 7) = 16806
N([2, 5, 4, 6, 2], 7) = 16806
N([2, 5, 4, 6, 3], 7) = 16806
N([2, 5, 4, 6, 4], 7) = 16806
N([2, 5, 4, 6, 5], 7) = 16806
N([2, 5, 4, 6, 6], 7) = 16806
N([2, 5, 4, 6, 7], 7) = 16806
N([2, 5, 4, 7, 1], 7) = 16806
N([2, 5, 4, 7, 2], 7) = 16806
N([2, 5, 4, 7, 3], 7) = 16806
N([2, 5, 4, 7, 4], 7) = 16806
N([2, 5, 4, 7, 5], 7) = 16806
N([2, 5, 4, 7, 6], 7) = 16806
N([2, 5, 4, 7, 7], 7) = 16806
N([2, 5, 5, 1, 1], 7) = 16806
N([2, 5, 5, 1, 2], 7) = 16806
N([2, 5, 5, 1, 3], 7) = 16806
N([2, 5, 5, 1, 4], 7) = 16806
N([2, 5, 5, 1, 5], 7) = 16806
N([2, 5, 5, 1, 6], 7) = 16806
N([2, 5, 5, 1, 7], 7) = 16806
N([2, 5, 5, 2, 1], 7) = 16806
N([2, 5, 5, 2, 2], 7) = 16806
N([2, 5, 5, 2, 3], 7) = 16806
N([2, 5, 5, 2, 4], 7) = 16806
N([2, 5, 5, 2, 5], 7) = 16806
N([2, 5, 5, 2, 6], 7) = 16806
N([2, 5, 5, 2, 7], 7) = 16806
N([2, 5, 5, 3, 1], 7) = 16806
N([2, 5, 5, 3, 2], 7) = 16806
N([2, 5, 5, 3, 3], 7) = 16806
N([2, 5, 5, 3, 4], 7) = 16806
N([2, 5, 5, 3, 5], 7) = 16806
N([2, 5, 5, 3, 6], 7) = 16806
N([2, 5, 5, 3, 7], 7) = 16806
N([2, 5, 5, 4, 1], 7) = 16806
N([2, 5, 5, 4, 2], 7) = 16806
N([2, 5, 5, 4, 3], 7) = 16806
N([2, 5, 5, 4, 4], 7) = 16806
N([2, 5, 5, 4, 5], 7) = 16806
N([2, 5, 5, 4, 6], 7) = 16806
N([2, 5, 5, 4, 7], 7) = 16806
N([2, 5, 5, 5, 1], 7) = 16806
N([2, 5, 5, 5, 2], 7) = 16806
N([2, 5, 5, 5, 3], 7) = 16806
N([2, 5, 5, 5, 4], 7) = 16806
N([2, 5, 5, 5, 5], 7) = 16806
N([2, 5, 5, 5, 6], 7) = 16806
N([2, 5, 5, 5, 7], 7) = 16806
N([2, 5, 5, 6, 1], 7) = 16806
N([2, 5, 5, 6, 2], 7) = 16806
N([2, 5, 5, 6, 3], 7) = 16806
N([2, 5, 5, 6, 4], 7) = 16806
N([2, 5, 5, 6, 5], 7) = 16806
N([2, 5, 5, 6, 6], 7) = 16806
N([2, 5, 5, 6, 7], 7) = 16806
N([2, 5, 5, 7, 1], 7) = 16806
N([2, 5, 5, 7, 2], 7) = 16806
N([2, 5, 5, 7, 3], 7) = 16806
N([2, 5, 5, 7, 4], 7) = 16806
N([2, 5, 5, 7, 5], 7) = 16806
N([2, 5, 5, 7, 6], 7) = 16806
N([2, 5, 5, 7, 7], 7) = 16806
N([2, 5, 6, 1, 1], 7) = 16806
N([2, 5, 6, 1, 2], 7) = 16806
N([2, 5, 6, 1, 3], 7) = 16806
N([2, 5, 6, 1, 4], 7) = 16806
N([2, 5, 6, 1, 5], 7) = 16806
N([2, 5, 6, 1, 6], 7) = 16806
N([2, 5, 6, 1, 7], 7) = 16806
N([2, 5, 6, 2, 1], 7) = 16806
N([2, 5, 6, 2, 2], 7) = 16806
N([2, 5, 6, 2, 3], 7) = 16806
N([2, 5, 6, 2, 4], 7) = 16806
N([2, 5, 6, 2, 5], 7) = 16806
N([2, 5, 6, 2, 6], 7) = 16806
N([2, 5, 6, 2, 7], 7) = 16806
N([2, 5, 6, 3, 1], 7) = 16806
N([2, 5, 6, 3, 2], 7) = 16806
N([2, 5, 6, 3, 3], 7) = 16806
N([2, 5, 6, 3, 4], 7) = 16806
N([2, 5, 6, 3, 5], 7) = 16806
N([2, 5, 6, 3, 6], 7) = 16806
N([2, 5, 6, 3, 7], 7) = 16806
N([2, 5, 6, 4, 1], 7) = 16806
N([2, 5, 6, 4, 2], 7) = 16806
N([2, 5, 6, 4, 3], 7) = 16806
N([2, 5, 6, 4, 4], 7) = 16806
N([2, 5, 6, 4, 5], 7) = 16806
N([2, 5, 6, 4, 6], 7) = 16806
N([2, 5, 6, 4, 7], 7) = 16806
N([2, 5, 6, 5, 1], 7) = 16806
N([2, 5, 6, 5, 2], 7) = 16806
N([2, 5, 6, 5, 3], 7) = 16806
N([2, 5, 6, 5, 4], 7) = 16806
N([2, 5, 6, 5, 5], 7) = 16806
N([2, 5, 6, 5, 6], 7) = 16806
N([2, 5, 6, 5, 7], 7) = 16806
N([2, 5, 6, 6, 1], 7) = 16806
N([2, 5, 6, 6, 2], 7) = 16806
N([2, 5, 6, 6, 3], 7) = 16806
N([2, 5, 6, 6, 4], 7) = 16806
N([2, 5, 6, 6, 5], 7) = 16806
N([2, 5, 6, 6, 6], 7) = 16806
N([2, 5, 6, 6, 7], 7) = 16806
N([2, 5, 6, 7, 1], 7) = 16806
N([2, 5, 6, 7, 2], 7) = 16806
N([2, 5, 6, 7, 3], 7) = 16806
N([2, 5, 6, 7, 4], 7) = 16806
N([2, 5, 6, 7, 5], 7) = 16806
N([2, 5, 6, 7, 6], 7) = 16806
N([2, 5, 6, 7, 7], 7) = 16806
N([2, 5, 7, 1, 1], 7) = 16806
N([2, 5, 7, 1, 2], 7) = 16806
N([2, 5, 7, 1, 3], 7) = 16806
N([2, 5, 7, 1, 4], 7) = 16806
N([2, 5, 7, 1, 5], 7) = 16806
N([2, 5, 7, 1, 6], 7) = 16806
N([2, 5, 7, 1, 7], 7) = 16806
N([2, 5, 7, 2, 1], 7) = 16806
N([2, 5, 7, 2, 2], 7) = 16806
N([2, 5, 7, 2, 3], 7) = 16806
N([2, 5, 7, 2, 4], 7) = 16806
N([2, 5, 7, 2, 5], 7) = 16806
N([2, 5, 7, 2, 6], 7) = 16806
N([2, 5, 7, 2, 7], 7) = 16806
N([2, 5, 7, 3, 1], 7) = 16806
N([2, 5, 7, 3, 2], 7) = 16806
N([2, 5, 7, 3, 3], 7) = 16806
N([2, 5, 7, 3, 4], 7) = 16806
N([2, 5, 7, 3, 5], 7) = 16806
N([2, 5, 7, 3, 6], 7) = 16806
N([2, 5, 7, 3, 7], 7) = 16806
N([2, 5, 7, 4, 1], 7) = 16806
N([2, 5, 7, 4, 2], 7) = 16806
N([2, 5, 7, 4, 3], 7) = 16806
N([2, 5, 7, 4, 4], 7) = 16806
N([2, 5, 7, 4, 5], 7) = 16806
N([2, 5, 7, 4, 6], 7) = 16806
N([2, 5, 7, 4, 7], 7) = 16806
N([2, 5, 7, 5, 1], 7) = 16806
N([2, 5, 7, 5, 2], 7) = 16806
N([2, 5, 7, 5, 3], 7) = 16806
N([2, 5, 7, 5, 4], 7) = 16806
N([2, 5, 7, 5, 5], 7) = 16806
N([2, 5, 7, 5, 6], 7) = 16806
N([2, 5, 7, 5, 7], 7) = 16806
N([2, 5, 7, 6, 1], 7) = 16806
N([2, 5, 7, 6, 2], 7) = 16806
N([2, 5, 7, 6, 3], 7) = 16806
N([2, 5, 7, 6, 4], 7) = 16806
N([2, 5, 7, 6, 5], 7) = 16806
N([2, 5, 7, 6, 6], 7) = 16806
N([2, 5, 7, 6, 7], 7) = 16806
N([2, 5, 7, 7, 1], 7) = 16806
N([2, 5, 7, 7, 2], 7) = 16806
N([2, 5, 7, 7, 3], 7) = 16806
N([2, 5, 7, 7, 4], 7) = 16806
N([2, 5, 7, 7, 5], 7) = 16806
N([2, 5, 7, 7, 6], 7) = 16806
N([2, 5, 7, 7, 7], 7) = 16806
N([2, 6, 1, 1, 1], 7) = 16806
N([2, 6, 1, 1, 2], 7) = 16806
N([2, 6, 1, 1, 3], 7) = 16806
N([2, 6, 1, 1, 4], 7) = 16806
N([2, 6, 1, 1, 5], 7) = 16806
N([2, 6, 1, 1, 6], 7) = 16806
N([2, 6, 1, 1, 7], 7) = 16806
N([2, 6, 1, 2, 1], 7) = 16806
N([2, 6, 1, 2, 2], 7) = 16806
N([2, 6, 1, 2, 3], 7) = 16806
N([2, 6, 1, 2, 4], 7) = 16806
N([2, 6, 1, 2, 5], 7) = 16806
N([2, 6, 1, 2, 6], 7) = 16806
N([2, 6, 1, 2, 7], 7) = 16806
N([2, 6, 1, 3, 1], 7) = 16806
N([2, 6, 1, 3, 2], 7) = 16806
N([2, 6, 1, 3, 3], 7) = 16806
N([2, 6, 1, 3, 4], 7) = 16806
N([2, 6, 1, 3, 5], 7) = 16806
N([2, 6, 1, 3, 6], 7) = 16806
N([2, 6, 1, 3, 7], 7) = 16806
N([2, 6, 1, 4, 1], 7) = 16806
N([2, 6, 1, 4, 2], 7) = 16806
N([2, 6, 1, 4, 3], 7) = 16806
N([2, 6, 1, 4, 4], 7) = 16806
N([2, 6, 1, 4, 5], 7) = 16806
N([2, 6, 1, 4, 6], 7) = 16806
N([2, 6, 1, 4, 7], 7) = 16806
N([2, 6, 1, 5, 1], 7) = 16806
N([2, 6, 1, 5, 2], 7) = 16806
N([2, 6, 1, 5, 3], 7) = 16806
N([2, 6, 1, 5, 4], 7) = 16806
N([2, 6, 1, 5, 5], 7) = 16806
N([2, 6, 1, 5, 6], 7) = 16806
N([2, 6, 1, 5, 7], 7) = 16806
N([2, 6, 1, 6, 1], 7) = 16806
N([2, 6, 1, 6, 2], 7) = 16806
N([2, 6, 1, 6, 3], 7) = 16806
N([2, 6, 1, 6, 4], 7) = 16806
N([2, 6, 1, 6, 5], 7) = 16806
N([2, 6, 1, 6, 6], 7) = 16806
N([2, 6, 1, 6, 7], 7) = 16806
N([2, 6, 1, 7, 1], 7) = 16806
N([2, 6, 1, 7, 2], 7) = 16806
N([2, 6, 1, 7, 3], 7) = 16806
N([2, 6, 1, 7, 4], 7) = 16806
N([2, 6, 1, 7, 5], 7) = 16806
N([2, 6, 1, 7, 6], 7) = 16806
N([2, 6, 1, 7, 7], 7) = 16806
N([2, 6, 2, 1, 1], 7) = 16806
N([2, 6, 2, 1, 2], 7) = 16806
N([2, 6, 2, 1, 3], 7) = 16806
N([2, 6, 2, 1, 4], 7) = 16806
N([2, 6, 2, 1, 5], 7) = 16806
N([2, 6, 2, 1, 6], 7) = 16806
N([2, 6, 2, 1, 7], 7) = 16806
N([2, 6, 2, 2, 1], 7) = 16806
N([2, 6, 2, 2, 2], 7) = 16806
N([2, 6, 2, 2, 3], 7) = 16806
N([2, 6, 2, 2, 4], 7) = 16806
N([2, 6, 2, 2, 5], 7) = 16806
N([2, 6, 2, 2, 6], 7) = 16806
N([2, 6, 2, 2, 7], 7) = 16806
N([2, 6, 2, 3, 1], 7) = 16806
N([2, 6, 2, 3, 2], 7) = 16806
N([2, 6, 2, 3, 3], 7) = 16806
N([2, 6, 2, 3, 4], 7) = 16806
N([2, 6, 2, 3, 5], 7) = 16806
N([2, 6, 2, 3, 6], 7) = 16806
N([2, 6, 2, 3, 7], 7) = 16806
N([2, 6, 2, 4, 1], 7) = 16806
N([2, 6, 2, 4, 2], 7) = 16806
N([2, 6, 2, 4, 3], 7) = 16806
N([2, 6, 2, 4, 4], 7) = 16806
N([2, 6, 2, 4, 5], 7) = 16806
N([2, 6, 2, 4, 6], 7) = 16806
N([2, 6, 2, 4, 7], 7) = 16806
N([2, 6, 2, 5, 1], 7) = 16806
N([2, 6, 2, 5, 2], 7) = 16806
N([2, 6, 2, 5, 3], 7) = 16806
N([2, 6, 2, 5, 4], 7) = 16806
N([2, 6, 2, 5, 5], 7) = 16806
N([2, 6, 2, 5, 6], 7) = 16806
N([2, 6, 2, 5, 7], 7) = 16806
N([2, 6, 2, 6, 1], 7) = 16806
N([2, 6, 2, 6, 2], 7) = 16806
N([2, 6, 2, 6, 3], 7) = 16806
N([2, 6, 2, 6, 4], 7) = 16806
N([2, 6, 2, 6, 5], 7) = 16806
N([2, 6, 2, 6, 6], 7) = 16806
N([2, 6, 2, 6, 7], 7) = 16806
N([2, 6, 2, 7, 1], 7) = 16806
N([2, 6, 2, 7, 2], 7) = 16806
N([2, 6, 2, 7, 3], 7) = 16806
N([2, 6, 2, 7, 4], 7) = 16806
N([2, 6, 2, 7, 5], 7) = 16806
N([2, 6, 2, 7, 6], 7) = 16806
N([2, 6, 2, 7, 7], 7) = 16806
N([2, 6, 3, 1, 1], 7) = 16806
N([2, 6, 3, 1, 2], 7) = 16806
N([2, 6, 3, 1, 3], 7) = 16806
N([2, 6, 3, 1, 4], 7) = 16806
N([2, 6, 3, 1, 5], 7) = 16806
N([2, 6, 3, 1, 6], 7) = 16806
N([2, 6, 3, 1, 7], 7) = 16806
N([2, 6, 3, 2, 1], 7) = 16806
N([2, 6, 3, 2, 2], 7) = 16806
N([2, 6, 3, 2, 3], 7) = 16806
N([2, 6, 3, 2, 4], 7) = 16806
N([2, 6, 3, 2, 5], 7) = 16806
N([2, 6, 3, 2, 6], 7) = 16806
N([2, 6, 3, 2, 7], 7) = 16806
N([2, 6, 3, 3, 1], 7) = 16806
N([2, 6, 3, 3, 2], 7) = 16806
N([2, 6, 3, 3, 3], 7) = 16806
N([2, 6, 3, 3, 4], 7) = 16806
N([2, 6, 3, 3, 5], 7) = 16806
N([2, 6, 3, 3, 6], 7) = 16806
N([2, 6, 3, 3, 7], 7) = 16806
N([2, 6, 3, 4, 1], 7) = 16806
N([2, 6, 3, 4, 2], 7) = 16806
N([2, 6, 3, 4, 3], 7) = 16806
N([2, 6, 3, 4, 4], 7) = 16806
N([2, 6, 3, 4, 5], 7) = 16806
N([2, 6, 3, 4, 6], 7) = 16806
N([2, 6, 3, 4, 7], 7) = 16806
N([2, 6, 3, 5, 1], 7) = 16806
N([2, 6, 3, 5, 2], 7) = 16806
N([2, 6, 3, 5, 3], 7) = 16806
N([2, 6, 3, 5, 4], 7) = 16806
N([2, 6, 3, 5, 5], 7) = 16806
N([2, 6, 3, 5, 6], 7) = 16806
N([2, 6, 3, 5, 7], 7) = 16806
N([2, 6, 3, 6, 1], 7) = 16806
N([2, 6, 3, 6, 2], 7) = 16806
N([2, 6, 3, 6, 3], 7) = 16806
N([2, 6, 3, 6, 4], 7) = 16806
N([2, 6, 3, 6, 5], 7) = 16806
N([2, 6, 3, 6, 6], 7) = 16806
N([2, 6, 3, 6, 7], 7) = 16806
N([2, 6, 3, 7, 1], 7) = 16806
N([2, 6, 3, 7, 2], 7) = 16806
N([2, 6, 3, 7, 3], 7) = 16806
N([2, 6, 3, 7, 4], 7) = 16806
N([2, 6, 3, 7, 5], 7) = 16806
N([2, 6, 3, 7, 6], 7) = 16806
N([2, 6, 3, 7, 7], 7) = 16806
N([2, 6, 4, 1, 1], 7) = 16806
N([2, 6, 4, 1, 2], 7) = 16806
N([2, 6, 4, 1, 3], 7) = 16806
N([2, 6, 4, 1, 4], 7) = 16806
N([2, 6, 4, 1, 5], 7) = 16806
N([2, 6, 4, 1, 6], 7) = 16806
N([2, 6, 4, 1, 7], 7) = 16806
N([2, 6, 4, 2, 1], 7) = 16806
N([2, 6, 4, 2, 2], 7) = 16806
N([2, 6, 4, 2, 3], 7) = 16806
N([2, 6, 4, 2, 4], 7) = 16806
N([2, 6, 4, 2, 5], 7) = 16806
N([2, 6, 4, 2, 6], 7) = 16806
N([2, 6, 4, 2, 7], 7) = 16806
N([2, 6, 4, 3, 1], 7) = 16806
N([2, 6, 4, 3, 2], 7) = 16806
N([2, 6, 4, 3, 3], 7) = 16806
N([2, 6, 4, 3, 4], 7) = 16806
N([2, 6, 4, 3, 5], 7) = 16806
N([2, 6, 4, 3, 6], 7) = 16806
N([2, 6, 4, 3, 7], 7) = 16806
N([2, 6, 4, 4, 1], 7) = 16806
N([2, 6, 4, 4, 2], 7) = 16806
N([2, 6, 4, 4, 3], 7) = 16806
N([2, 6, 4, 4, 4], 7) = 16806
N([2, 6, 4, 4, 5], 7) = 16806
N([2, 6, 4, 4, 6], 7) = 16806
N([2, 6, 4, 4, 7], 7) = 16806
N([2, 6, 4, 5, 1], 7) = 16806
N([2, 6, 4, 5, 2], 7) = 16806
N([2, 6, 4, 5, 3], 7) = 16806
N([2, 6, 4, 5, 4], 7) = 16806
N([2, 6, 4, 5, 5], 7) = 16806
N([2, 6, 4, 5, 6], 7) = 16806
N([2, 6, 4, 5, 7], 7) = 16806
N([2, 6, 4, 6, 1], 7) = 16806
N([2, 6, 4, 6, 2], 7) = 16806
N([2, 6, 4, 6, 3], 7) = 16806
N([2, 6, 4, 6, 4], 7) = 16806
N([2, 6, 4, 6, 5], 7) = 16806
N([2, 6, 4, 6, 6], 7) = 16806
N([2, 6, 4, 6, 7], 7) = 16806
N([2, 6, 4, 7, 1], 7) = 16806
N([2, 6, 4, 7, 2], 7) = 16806
N([2, 6, 4, 7, 3], 7) = 16806
N([2, 6, 4, 7, 4], 7) = 16806
N([2, 6, 4, 7, 5], 7) = 16806
N([2, 6, 4, 7, 6], 7) = 16806
N([2, 6, 4, 7, 7], 7) = 16806
N([2, 6, 5, 1, 1], 7) = 16806
N([2, 6, 5, 1, 2], 7) = 16806
N([2, 6, 5, 1, 3], 7) = 16806
N([2, 6, 5, 1, 4], 7) = 16806
N([2, 6, 5, 1, 5], 7) = 16806
N([2, 6, 5, 1, 6], 7) = 16806
N([2, 6, 5, 1, 7], 7) = 16806
N([2, 6, 5, 2, 1], 7) = 16806
N([2, 6, 5, 2, 2], 7) = 16806
N([2, 6, 5, 2, 3], 7) = 16806
N([2, 6, 5, 2, 4], 7) = 16806
N([2, 6, 5, 2, 5], 7) = 16806
N([2, 6, 5, 2, 6], 7) = 16806
N([2, 6, 5, 2, 7], 7) = 16806
N([2, 6, 5, 3, 1], 7) = 16806
N([2, 6, 5, 3, 2], 7) = 16806
N([2, 6, 5, 3, 3], 7) = 16806
N([2, 6, 5, 3, 4], 7) = 16806
N([2, 6, 5, 3, 5], 7) = 16806
N([2, 6, 5, 3, 6], 7) = 16806
N([2, 6, 5, 3, 7], 7) = 16806
N([2, 6, 5, 4, 1], 7) = 16806
N([2, 6, 5, 4, 2], 7) = 16806
N([2, 6, 5, 4, 3], 7) = 16806
N([2, 6, 5, 4, 4], 7) = 16806
N([2, 6, 5, 4, 5], 7) = 16806
N([2, 6, 5, 4, 6], 7) = 16806
N([2, 6, 5, 4, 7], 7) = 16806
N([2, 6, 5, 5, 1], 7) = 16806
N([2, 6, 5, 5, 2], 7) = 16806
N([2, 6, 5, 5, 3], 7) = 16806
N([2, 6, 5, 5, 4], 7) = 16806
N([2, 6, 5, 5, 5], 7) = 16806
N([2, 6, 5, 5, 6], 7) = 16806
N([2, 6, 5, 5, 7], 7) = 16806
N([2, 6, 5, 6, 1], 7) = 16806
N([2, 6, 5, 6, 2], 7) = 16806
N([2, 6, 5, 6, 3], 7) = 16806
N([2, 6, 5, 6, 4], 7) = 16806
N([2, 6, 5, 6, 5], 7) = 16806
N([2, 6, 5, 6, 6], 7) = 16806
N([2, 6, 5, 6, 7], 7) = 16806
N([2, 6, 5, 7, 1], 7) = 16806
N([2, 6, 5, 7, 2], 7) = 16806
N([2, 6, 5, 7, 3], 7) = 16806
N([2, 6, 5, 7, 4], 7) = 16806
N([2, 6, 5, 7, 5], 7) = 16806
N([2, 6, 5, 7, 6], 7) = 16806
N([2, 6, 5, 7, 7], 7) = 16806
N([2, 6, 6, 1, 1], 7) = 16806
N([2, 6, 6, 1, 2], 7) = 16806
N([2, 6, 6, 1, 3], 7) = 16806
N([2, 6, 6, 1, 4], 7) = 16806
N([2, 6, 6, 1, 5], 7) = 16806
N([2, 6, 6, 1, 6], 7) = 16806
N([2, 6, 6, 1, 7], 7) = 16806
N([2, 6, 6, 2, 1], 7) = 16806
N([2, 6, 6, 2, 2], 7) = 16806
N([2, 6, 6, 2, 3], 7) = 16806
N([2, 6, 6, 2, 4], 7) = 16806
N([2, 6, 6, 2, 5], 7) = 16806
N([2, 6, 6, 2, 6], 7) = 16806
N([2, 6, 6, 2, 7], 7) = 16806
N([2, 6, 6, 3, 1], 7) = 16806
N([2, 6, 6, 3, 2], 7) = 16806
N([2, 6, 6, 3, 3], 7) = 16806
N([2, 6, 6, 3, 4], 7) = 16806
N([2, 6, 6, 3, 5], 7) = 16806
N([2, 6, 6, 3, 6], 7) = 16806
N([2, 6, 6, 3, 7], 7) = 16806
N([2, 6, 6, 4, 1], 7) = 16806
N([2, 6, 6, 4, 2], 7) = 16806
N([2, 6, 6, 4, 3], 7) = 16806
N([2, 6, 6, 4, 4], 7) = 16806
N([2, 6, 6, 4, 5], 7) = 16806
N([2, 6, 6, 4, 6], 7) = 16806
N([2, 6, 6, 4, 7], 7) = 16806
N([2, 6, 6, 5, 1], 7) = 16806
N([2, 6, 6, 5, 2], 7) = 16806
N([2, 6, 6, 5, 3], 7) = 16806
N([2, 6, 6, 5, 4], 7) = 16806
N([2, 6, 6, 5, 5], 7) = 16806
N([2, 6, 6, 5, 6], 7) = 16806
N([2, 6, 6, 5, 7], 7) = 16806
N([2, 6, 6, 6, 1], 7) = 16806
N([2, 6, 6, 6, 2], 7) = 16806
N([2, 6, 6, 6, 3], 7) = 16806
N([2, 6, 6, 6, 4], 7) = 16806
N([2, 6, 6, 6, 5], 7) = 16806
N([2, 6, 6, 6, 6], 7) = 16806
N([2, 6, 6, 6, 7], 7) = 16806
N([2, 6, 6, 7, 1], 7) = 16806
N([2, 6, 6, 7, 2], 7) = 16806
N([2, 6, 6, 7, 3], 7) = 16806
N([2, 6, 6, 7, 4], 7) = 16806
N([2, 6, 6, 7, 5], 7) = 16806
N([2, 6, 6, 7, 6], 7) = 16806
N([2, 6, 6, 7, 7], 7) = 16806
N([2, 6, 7, 1, 1], 7) = 16806
N([2, 6, 7, 1, 2], 7) = 16806
N([2, 6, 7, 1, 3], 7) = 16806
N([2, 6, 7, 1, 4], 7) = 16806
N([2, 6, 7, 1, 5], 7) = 16806
N([2, 6, 7, 1, 6], 7) = 16806
N([2, 6, 7, 1, 7], 7) = 16806
N([2, 6, 7, 2, 1], 7) = 16806
N([2, 6, 7, 2, 2], 7) = 16806
N([2, 6, 7, 2, 3], 7) = 16806
N([2, 6, 7, 2, 4], 7) = 16806
N([2, 6, 7, 2, 5], 7) = 16806
N([2, 6, 7, 2, 6], 7) = 16806
N([2, 6, 7, 2, 7], 7) = 16806
N([2, 6, 7, 3, 1], 7) = 16806
N([2, 6, 7, 3, 2], 7) = 16806
N([2, 6, 7, 3, 3], 7) = 16806
N([2, 6, 7, 3, 4], 7) = 16806
N([2, 6, 7, 3, 5], 7) = 16806
N([2, 6, 7, 3, 6], 7) = 16806
N([2, 6, 7, 3, 7], 7) = 16806
N([2, 6, 7, 4, 1], 7) = 16806
N([2, 6, 7, 4, 2], 7) = 16806
N([2, 6, 7, 4, 3], 7) = 16806
N([2, 6, 7, 4, 4], 7) = 16806
N([2, 6, 7, 4, 5], 7) = 16806
N([2, 6, 7, 4, 6], 7) = 16806
N([2, 6, 7, 4, 7], 7) = 16806
N([2, 6, 7, 5, 1], 7) = 16806
N([2, 6, 7, 5, 2], 7) = 16806
N([2, 6, 7, 5, 3], 7) = 16806
N([2, 6, 7, 5, 4], 7) = 16806
N([2, 6, 7, 5, 5], 7) = 16806
N([2, 6, 7, 5, 6], 7) = 16806
N([2, 6, 7, 5, 7], 7) = 16806
N([2, 6, 7, 6, 1], 7) = 16806
N([2, 6, 7, 6, 2], 7) = 16806
N([2, 6, 7, 6, 3], 7) = 16806
N([2, 6, 7, 6, 4], 7) = 16806
N([2, 6, 7, 6, 5], 7) = 16806
N([2, 6, 7, 6, 6], 7) = 16806
N([2, 6, 7, 6, 7], 7) = 16806
N([2, 6, 7, 7, 1], 7) = 16806
N([2, 6, 7, 7, 2], 7) = 16806
N([2, 6, 7, 7, 3], 7) = 16806
N([2, 6, 7, 7, 4], 7) = 16806
N([2, 6, 7, 7, 5], 7) = 16806
N([2, 6, 7, 7, 6], 7) = 16806
N([2, 6, 7, 7, 7], 7) = 16806
N([2, 7, 1, 1, 1], 7) = 16806
N([2, 7, 1, 1, 2], 7) = 16806
N([2, 7, 1, 1, 3], 7) = 16806
N([2, 7, 1, 1, 4], 7) = 16806
N([2, 7, 1, 1, 5], 7) = 16806
N([2, 7, 1, 1, 6], 7) = 16806
N([2, 7, 1, 1, 7], 7) = 16806
N([2, 7, 1, 2, 1], 7) = 16806
N([2, 7, 1, 2, 2], 7) = 16806
N([2, 7, 1, 2, 3], 7) = 16806
N([2, 7, 1, 2, 4], 7) = 16806
N([2, 7, 1, 2, 5], 7) = 16806
N([2, 7, 1, 2, 6], 7) = 16806
N([2, 7, 1, 2, 7], 7) = 16806
N([2, 7, 1, 3, 1], 7) = 16806
N([2, 7, 1, 3, 2], 7) = 16806
N([2, 7, 1, 3, 3], 7) = 16806
N([2, 7, 1, 3, 4], 7) = 16806
N([2, 7, 1, 3, 5], 7) = 16806
N([2, 7, 1, 3, 6], 7) = 16806
N([2, 7, 1, 3, 7], 7) = 16806
N([2, 7, 1, 4, 1], 7) = 16806
N([2, 7, 1, 4, 2], 7) = 16806
N([2, 7, 1, 4, 3], 7) = 16806
N([2, 7, 1, 4, 4], 7) = 16806
N([2, 7, 1, 4, 5], 7) = 16806
N([2, 7, 1, 4, 6], 7) = 16806
N([2, 7, 1, 4, 7], 7) = 16806
N([2, 7, 1, 5, 1], 7) = 16806
N([2, 7, 1, 5, 2], 7) = 16806
N([2, 7, 1, 5, 3], 7) = 16806
N([2, 7, 1, 5, 4], 7) = 16806
N([2, 7, 1, 5, 5], 7) = 16806
N([2, 7, 1, 5, 6], 7) = 16806
N([2, 7, 1, 5, 7], 7) = 16806
N([2, 7, 1, 6, 1], 7) = 16806
N([2, 7, 1, 6, 2], 7) = 16806
N([2, 7, 1, 6, 3], 7) = 16806
N([2, 7, 1, 6, 4], 7) = 16806
N([2, 7, 1, 6, 5], 7) = 16806
N([2, 7, 1, 6, 6], 7) = 16806
N([2, 7, 1, 6, 7], 7) = 16806
N([2, 7, 1, 7, 1], 7) = 16806
N([2, 7, 1, 7, 2], 7) = 16806
N([2, 7, 1, 7, 3], 7) = 16806
N([2, 7, 1, 7, 4], 7) = 16806
N([2, 7, 1, 7, 5], 7) = 16806
N([2, 7, 1, 7, 6], 7) = 16806
N([2, 7, 1, 7, 7], 7) = 16806
N([2, 7, 2, 1, 1], 7) = 16806
N([2, 7, 2, 1, 2], 7) = 16806
N([2, 7, 2, 1, 3], 7) = 16806
N([2, 7, 2, 1, 4], 7) = 16806
N([2, 7, 2, 1, 5], 7) = 16806
N([2, 7, 2, 1, 6], 7) = 16806
N([2, 7, 2, 1, 7], 7) = 16806
N([2, 7, 2, 2, 1], 7) = 16806
N([2, 7, 2, 2, 2], 7) = 16806
N([2, 7, 2, 2, 3], 7) = 16806
N([2, 7, 2, 2, 4], 7) = 16806
N([2, 7, 2, 2, 5], 7) = 16806
N([2, 7, 2, 2, 6], 7) = 16806
N([2, 7, 2, 2, 7], 7) = 16806
N([2, 7, 2, 3, 1], 7) = 16806
N([2, 7, 2, 3, 2], 7) = 16806
N([2, 7, 2, 3, 3], 7) = 16806
N([2, 7, 2, 3, 4], 7) = 16806
N([2, 7, 2, 3, 5], 7) = 16806
N([2, 7, 2, 3, 6], 7) = 16806
N([2, 7, 2, 3, 7], 7) = 16806
N([2, 7, 2, 4, 1], 7) = 16806
N([2, 7, 2, 4, 2], 7) = 16806
N([2, 7, 2, 4, 3], 7) = 16806
N([2, 7, 2, 4, 4], 7) = 16806
N([2, 7, 2, 4, 5], 7) = 16806
N([2, 7, 2, 4, 6], 7) = 16806
N([2, 7, 2, 4, 7], 7) = 16806
N([2, 7, 2, 5, 1], 7) = 16806
N([2, 7, 2, 5, 2], 7) = 16806
N([2, 7, 2, 5, 3], 7) = 16806
N([2, 7, 2, 5, 4], 7) = 16806
N([2, 7, 2, 5, 5], 7) = 16806
N([2, 7, 2, 5, 6], 7) = 16806
N([2, 7, 2, 5, 7], 7) = 16806
N([2, 7, 2, 6, 1], 7) = 16806
N([2, 7, 2, 6, 2], 7) = 16806
N([2, 7, 2, 6, 3], 7) = 16806
N([2, 7, 2, 6, 4], 7) = 16806
N([2, 7, 2, 6, 5], 7) = 16806
N([2, 7, 2, 6, 6], 7) = 16806
N([2, 7, 2, 6, 7], 7) = 16806
N([2, 7, 2, 7, 1], 7) = 16806
N([2, 7, 2, 7, 2], 7) = 16806
N([2, 7, 2, 7, 3], 7) = 16806
N([2, 7, 2, 7, 4], 7) = 16806
N([2, 7, 2, 7, 5], 7) = 16806
N([2, 7, 2, 7, 6], 7) = 16806
N([2, 7, 2, 7, 7], 7) = 16806
N([2, 7, 3, 1, 1], 7) = 16806
N([2, 7, 3, 1, 2], 7) = 16806
N([2, 7, 3, 1, 3], 7) = 16806
N([2, 7, 3, 1, 4], 7) = 16806
N([2, 7, 3, 1, 5], 7) = 16806
N([2, 7, 3, 1, 6], 7) = 16806
N([2, 7, 3, 1, 7], 7) = 16806
N([2, 7, 3, 2, 1], 7) = 16806
N([2, 7, 3, 2, 2], 7) = 16806
N([2, 7, 3, 2, 3], 7) = 16806
N([2, 7, 3, 2, 4], 7) = 16806
N([2, 7, 3, 2, 5], 7) = 16806
N([2, 7, 3, 2, 6], 7) = 16806
N([2, 7, 3, 2, 7], 7) = 16806
N([2, 7, 3, 3, 1], 7) = 16806
N([2, 7, 3, 3, 2], 7) = 16806
N([2, 7, 3, 3, 3], 7) = 16806
N([2, 7, 3, 3, 4], 7) = 16806
N([2, 7, 3, 3, 5], 7) = 16806
N([2, 7, 3, 3, 6], 7) = 16806
N([2, 7, 3, 3, 7], 7) = 16806
N([2, 7, 3, 4, 1], 7) = 16806
N([2, 7, 3, 4, 2], 7) = 16806
N([2, 7, 3, 4, 3], 7) = 16806
N([2, 7, 3, 4, 4], 7) = 16806
N([2, 7, 3, 4, 5], 7) = 16806
N([2, 7, 3, 4, 6], 7) = 16806
N([2, 7, 3, 4, 7], 7) = 16806
N([2, 7, 3, 5, 1], 7) = 16806
N([2, 7, 3, 5, 2], 7) = 16806
N([2, 7, 3, 5, 3], 7) = 16806
N([2, 7, 3, 5, 4], 7) = 16806
N([2, 7, 3, 5, 5], 7) = 16806
N([2, 7, 3, 5, 6], 7) = 16806
N([2, 7, 3, 5, 7], 7) = 16806
N([2, 7, 3, 6, 1], 7) = 16806
N([2, 7, 3, 6, 2], 7) = 16806
N([2, 7, 3, 6, 3], 7) = 16806
N([2, 7, 3, 6, 4], 7) = 16806
N([2, 7, 3, 6, 5], 7) = 16806
N([2, 7, 3, 6, 6], 7) = 16806
N([2, 7, 3, 6, 7], 7) = 16806
N([2, 7, 3, 7, 1], 7) = 16806
N([2, 7, 3, 7, 2], 7) = 16806
N([2, 7, 3, 7, 3], 7) = 16806
N([2, 7, 3, 7, 4], 7) = 16806
N([2, 7, 3, 7, 5], 7) = 16806
N([2, 7, 3, 7, 6], 7) = 16806
N([2, 7, 3, 7, 7], 7) = 16806
N([2, 7, 4, 1, 1], 7) = 16806
N([2, 7, 4, 1, 2], 7) = 16806
N([2, 7, 4, 1, 3], 7) = 16806
N([2, 7, 4, 1, 4], 7) = 16806
N([2, 7, 4, 1, 5], 7) = 16806
N([2, 7, 4, 1, 6], 7) = 16806
N([2, 7, 4, 1, 7], 7) = 16806
N([2, 7, 4, 2, 1], 7) = 16806
N([2, 7, 4, 2, 2], 7) = 16806
N([2, 7, 4, 2, 3], 7) = 16806
N([2, 7, 4, 2, 4], 7) = 16806
N([2, 7, 4, 2, 5], 7) = 16806
N([2, 7, 4, 2, 6], 7) = 16806
N([2, 7, 4, 2, 7], 7) = 16806
N([2, 7, 4, 3, 1], 7) = 16806
N([2, 7, 4, 3, 2], 7) = 16806
N([2, 7, 4, 3, 3], 7) = 16806
N([2, 7, 4, 3, 4], 7) = 16806
N([2, 7, 4, 3, 5], 7) = 16806
N([2, 7, 4, 3, 6], 7) = 16806
N([2, 7, 4, 3, 7], 7) = 16806
N([2, 7, 4, 4, 1], 7) = 16806
N([2, 7, 4, 4, 2], 7) = 16806
N([2, 7, 4, 4, 3], 7) = 16806
N([2, 7, 4, 4, 4], 7) = 16806
N([2, 7, 4, 4, 5], 7) = 16806
N([2, 7, 4, 4, 6], 7) = 16806
N([2, 7, 4, 4, 7], 7) = 16806
N([2, 7, 4, 5, 1], 7) = 16806
N([2, 7, 4, 5, 2], 7) = 16806
N([2, 7, 4, 5, 3], 7) = 16806
N([2, 7, 4, 5, 4], 7) = 16806
N([2, 7, 4, 5, 5], 7) = 16806
N([2, 7, 4, 5, 6], 7) = 16806
N([2, 7, 4, 5, 7], 7) = 16806
N([2, 7, 4, 6, 1], 7) = 16806
N([2, 7, 4, 6, 2], 7) = 16806
N([2, 7, 4, 6, 3], 7) = 16806
N([2, 7, 4, 6, 4], 7) = 16806
N([2, 7, 4, 6, 5], 7) = 16806
N([2, 7, 4, 6, 6], 7) = 16806
N([2, 7, 4, 6, 7], 7) = 16806
N([2, 7, 4, 7, 1], 7) = 16806
N([2, 7, 4, 7, 2], 7) = 16806
N([2, 7, 4, 7, 3], 7) = 16806
N([2, 7, 4, 7, 4], 7) = 16806
N([2, 7, 4, 7, 5], 7) = 16806
N([2, 7, 4, 7, 6], 7) = 16806
N([2, 7, 4, 7, 7], 7) = 16806
N([2, 7, 5, 1, 1], 7) = 16806
N([2, 7, 5, 1, 2], 7) = 16806
N([2, 7, 5, 1, 3], 7) = 16806
N([2, 7, 5, 1, 4], 7) = 16806
N([2, 7, 5, 1, 5], 7) = 16806
N([2, 7, 5, 1, 6], 7) = 16806
N([2, 7, 5, 1, 7], 7) = 16806
N([2, 7, 5, 2, 1], 7) = 16806
N([2, 7, 5, 2, 2], 7) = 16806
N([2, 7, 5, 2, 3], 7) = 16806
N([2, 7, 5, 2, 4], 7) = 16806
N([2, 7, 5, 2, 5], 7) = 16806
N([2, 7, 5, 2, 6], 7) = 16806
N([2, 7, 5, 2, 7], 7) = 16806
N([2, 7, 5, 3, 1], 7) = 16806
N([2, 7, 5, 3, 2], 7) = 16806
N([2, 7, 5, 3, 3], 7) = 16806
N([2, 7, 5, 3, 4], 7) = 16806
N([2, 7, 5, 3, 5], 7) = 16806
N([2, 7, 5, 3, 6], 7) = 16806
N([2, 7, 5, 3, 7], 7) = 16806
N([2, 7, 5, 4, 1], 7) = 16806
N([2, 7, 5, 4, 2], 7) = 16806
N([2, 7, 5, 4, 3], 7) = 16806
N([2, 7, 5, 4, 4], 7) = 16806
N([2, 7, 5, 4, 5], 7) = 16806
N([2, 7, 5, 4, 6], 7) = 16806
N([2, 7, 5, 4, 7], 7) = 16806
N([2, 7, 5, 5, 1], 7) = 16806
N([2, 7, 5, 5, 2], 7) = 16806
N([2, 7, 5, 5, 3], 7) = 16806
N([2, 7, 5, 5, 4], 7) = 16806
N([2, 7, 5, 5, 5], 7) = 16806
N([2, 7, 5, 5, 6], 7) = 16806
N([2, 7, 5, 5, 7], 7) = 16806
N([2, 7, 5, 6, 1], 7) = 16806
N([2, 7, 5, 6, 2], 7) = 16806
N([2, 7, 5, 6, 3], 7) = 16806
N([2, 7, 5, 6, 4], 7) = 16806
N([2, 7, 5, 6, 5], 7) = 16806
N([2, 7, 5, 6, 6], 7) = 16806
N([2, 7, 5, 6, 7], 7) = 16806
N([2, 7, 5, 7, 1], 7) = 16806
N([2, 7, 5, 7, 2], 7) = 16806
N([2, 7, 5, 7, 3], 7) = 16806
N([2, 7, 5, 7, 4], 7) = 16806
N([2, 7, 5, 7, 5], 7) = 16806
N([2, 7, 5, 7, 6], 7) = 16806
N([2, 7, 5, 7, 7], 7) = 16806
N([2, 7, 6, 1, 1], 7) = 16806
N([2, 7, 6, 1, 2], 7) = 16806
N([2, 7, 6, 1, 3], 7) = 16806
N([2, 7, 6, 1, 4], 7) = 16806
N([2, 7, 6, 1, 5], 7) = 16806
N([2, 7, 6, 1, 6], 7) = 16806
N([2, 7, 6, 1, 7], 7) = 16806
N([2, 7, 6, 2, 1], 7) = 16806
N([2, 7, 6, 2, 2], 7) = 16806
N([2, 7, 6, 2, 3], 7) = 16806
N([2, 7, 6, 2, 4], 7) = 16806
N([2, 7, 6, 2, 5], 7) = 16806
N([2, 7, 6, 2, 6], 7) = 16806
N([2, 7, 6, 2, 7], 7) = 16806
N([2, 7, 6, 3, 1], 7) = 16806
N([2, 7, 6, 3, 2], 7) = 16806
N([2, 7, 6, 3, 3], 7) = 16806
N([2, 7, 6, 3, 4], 7) = 16806
N([2, 7, 6, 3, 5], 7) = 16806
N([2, 7, 6, 3, 6], 7) = 16806
N([2, 7, 6, 3, 7], 7) = 16806
N([2, 7, 6, 4, 1], 7) = 16806
N([2, 7, 6, 4, 2], 7) = 16806
N([2, 7, 6, 4, 3], 7) = 16806
N([2, 7, 6, 4, 4], 7) = 16806
N([2, 7, 6, 4, 5], 7) = 16806
N([2, 7, 6, 4, 6], 7) = 16806
N([2, 7, 6, 4, 7], 7) = 16806
N([2, 7, 6, 5, 1], 7) = 16806
N([2, 7, 6, 5, 2], 7) = 16806
N([2, 7, 6, 5, 3], 7) = 16806
N([2, 7, 6, 5, 4], 7) = 16806
N([2, 7, 6, 5, 5], 7) = 16806
N([2, 7, 6, 5, 6], 7) = 16806
N([2, 7, 6, 5, 7], 7) = 16806
N([2, 7, 6, 6, 1], 7) = 16806
N([2, 7, 6, 6, 2], 7) = 16806
N([2, 7, 6, 6, 3], 7) = 16806
N([2, 7, 6, 6, 4], 7) = 16806
N([2, 7, 6, 6, 5], 7) = 16806
N([2, 7, 6, 6, 6], 7) = 16806
N([2, 7, 6, 6, 7], 7) = 16806
N([2, 7, 6, 7, 1], 7) = 16806
N([2, 7, 6, 7, 2], 7) = 16806
N([2, 7, 6, 7, 3], 7) = 16806
N([2, 7, 6, 7, 4], 7) = 16806
N([2, 7, 6, 7, 5], 7) = 16806
N([2, 7, 6, 7, 6], 7) = 16806
N([2, 7, 6, 7, 7], 7) = 16806
N([2, 7, 7, 1, 1], 7) = 16806
N([2, 7, 7, 1, 2], 7) = 16806
N([2, 7, 7, 1, 3], 7) = 16806
N([2, 7, 7, 1, 4], 7) = 16806
N([2, 7, 7, 1, 5], 7) = 16806
N([2, 7, 7, 1, 6], 7) = 16806
N([2, 7, 7, 1, 7], 7) = 16806
N([2, 7, 7, 2, 1], 7) = 16806
N([2, 7, 7, 2, 2], 7) = 16806
N([2, 7, 7, 2, 3], 7) = 16806
N([2, 7, 7, 2, 4], 7) = 16806
N([2, 7, 7, 2, 5], 7) = 16806
N([2, 7, 7, 2, 6], 7) = 16806
N([2, 7, 7, 2, 7], 7) = 16806
N([2, 7, 7, 3, 1], 7) = 16806
N([2, 7, 7, 3, 2], 7) = 16806
N([2, 7, 7, 3, 3], 7) = 16806
N([2, 7, 7, 3, 4], 7) = 16806
N([2, 7, 7, 3, 5], 7) = 16806
N([2, 7, 7, 3, 6], 7) = 16806
N([2, 7, 7, 3, 7], 7) = 16806
N([2, 7, 7, 4, 1], 7) = 16806
N([2, 7, 7, 4, 2], 7) = 16806
N([2, 7, 7, 4, 3], 7) = 16806
N([2, 7, 7, 4, 4], 7) = 16806
N([2, 7, 7, 4, 5], 7) = 16806
N([2, 7, 7, 4, 6], 7) = 16806
N([2, 7, 7, 4, 7], 7) = 16806
N([2, 7, 7, 5, 1], 7) = 16806
N([2, 7, 7, 5, 2], 7) = 16806
N([2, 7, 7, 5, 3], 7) = 16806
N([2, 7, 7, 5, 4], 7) = 16806
N([2, 7, 7, 5, 5], 7) = 16806
N([2, 7, 7, 5, 6], 7) = 16806
N([2, 7, 7, 5, 7], 7) = 16806
N([2, 7, 7, 6, 1], 7) = 16806
N([2, 7, 7, 6, 2], 7) = 16806
N([2, 7, 7, 6, 3], 7) = 16806
N([2, 7, 7, 6, 4], 7) = 16806
N([2, 7, 7, 6, 5], 7) = 16806
N([2, 7, 7, 6, 6], 7) = 16806
N([2, 7, 7, 6, 7], 7) = 16806
N([2, 7, 7, 7, 1], 7) = 16806
N([2, 7, 7, 7, 2], 7) = 16806
N([2, 7, 7, 7, 3], 7) = 16806
N([2, 7, 7, 7, 4], 7) = 16806
N([2, 7, 7, 7, 5], 7) = 16806
N([2, 7, 7, 7, 6], 7) = 16806
N([2, 7, 7, 7, 7], 7) = 16806
N([3, 1, 1, 1, 1], 7) = 16806
N([3, 1, 1, 1, 2], 7) = 16806
N([3, 1, 1, 1, 3], 7) = 16806
N([3, 1, 1, 1, 4], 7) = 16806
N([3, 1, 1, 1, 5], 7) = 16806
N([3, 1, 1, 1, 6], 7) = 16806
N([3, 1, 1, 1, 7], 7) = 16806
N([3, 1, 1, 2, 1], 7) = 16806
N([3, 1, 1, 2, 2], 7) = 16806
N([3, 1, 1, 2, 3], 7) = 16806
N([3, 1, 1, 2, 4], 7) = 16806
N([3, 1, 1, 2, 5], 7) = 16806
N([3, 1, 1, 2, 6], 7) = 16806
N([3, 1, 1, 2, 7], 7) = 16806
N([3, 1, 1, 3, 1], 7) = 16806
N([3, 1, 1, 3, 2], 7) = 16806
N([3, 1, 1, 3, 3], 7) = 16806
N([3, 1, 1, 3, 4], 7) = 16806
N([3, 1, 1, 3, 5], 7) = 16806
N([3, 1, 1, 3, 6], 7) = 16806
N([3, 1, 1, 3, 7], 7) = 16806
N([3, 1, 1, 4, 1], 7) = 16806
N([3, 1, 1, 4, 2], 7) = 16806
N([3, 1, 1, 4, 3], 7) = 16806
N([3, 1, 1, 4, 4], 7) = 16806
N([3, 1, 1, 4, 5], 7) = 16806
N([3, 1, 1, 4, 6], 7) = 16806
N([3, 1, 1, 4, 7], 7) = 16806
N([3, 1, 1, 5, 1], 7) = 16806
N([3, 1, 1, 5, 2], 7) = 16806
N([3, 1, 1, 5, 3], 7) = 16806
N([3, 1, 1, 5, 4], 7) = 16806
N([3, 1, 1, 5, 5], 7) = 16806
N([3, 1, 1, 5, 6], 7) = 16806
N([3, 1, 1, 5, 7], 7) = 16806
N([3, 1, 1, 6, 1], 7) = 16806
N([3, 1, 1, 6, 2], 7) = 16806
N([3, 1, 1, 6, 3], 7) = 16806
N([3, 1, 1, 6, 4], 7) = 16806
N([3, 1, 1, 6, 5], 7) = 16806
N([3, 1, 1, 6, 6], 7) = 16806
N([3, 1, 1, 6, 7], 7) = 16806
N([3, 1, 1, 7, 1], 7) = 16806
N([3, 1, 1, 7, 2], 7) = 16806
N([3, 1, 1, 7, 3], 7) = 16806
N([3, 1, 1, 7, 4], 7) = 16806
N([3, 1, 1, 7, 5], 7) = 16806
N([3, 1, 1, 7, 6], 7) = 16806
N([3, 1, 1, 7, 7], 7) = 16806
N([3, 1, 2, 1, 1], 7) = 16806
N([3, 1, 2, 1, 2], 7) = 16806
N([3, 1, 2, 1, 3], 7) = 16806
N([3, 1, 2, 1, 4], 7) = 16806
N([3, 1, 2, 1, 5], 7) = 16806
N([3, 1, 2, 1, 6], 7) = 16806
N([3, 1, 2, 1, 7], 7) = 16806
N([3, 1, 2, 2, 1], 7) = 16806
N([3, 1, 2, 2, 2], 7) = 16806
N([3, 1, 2, 2, 3], 7) = 16806
N([3, 1, 2, 2, 4], 7) = 16806
N([3, 1, 2, 2, 5], 7) = 16806
N([3, 1, 2, 2, 6], 7) = 16806
N([3, 1, 2, 2, 7], 7) = 16806
N([3, 1, 2, 3, 1], 7) = 16806
N([3, 1, 2, 3, 2], 7) = 16806
N([3, 1, 2, 3, 3], 7) = 16806
N([3, 1, 2, 3, 4], 7) = 16806
N([3, 1, 2, 3, 5], 7) = 16806
N([3, 1, 2, 3, 6], 7) = 16806
N([3, 1, 2, 3, 7], 7) = 16806
N([3, 1, 2, 4, 1], 7) = 16806
N([3, 1, 2, 4, 2], 7) = 16806
N([3, 1, 2, 4, 3], 7) = 16806
N([3, 1, 2, 4, 4], 7) = 16806
N([3, 1, 2, 4, 5], 7) = 16806
N([3, 1, 2, 4, 6], 7) = 16806
N([3, 1, 2, 4, 7], 7) = 16806
N([3, 1, 2, 5, 1], 7) = 16806
N([3, 1, 2, 5, 2], 7) = 16806
N([3, 1, 2, 5, 3], 7) = 16806
N([3, 1, 2, 5, 4], 7) = 16806
N([3, 1, 2, 5, 5], 7) = 16806
N([3, 1, 2, 5, 6], 7) = 16806
N([3, 1, 2, 5, 7], 7) = 16806
N([3, 1, 2, 6, 1], 7) = 16806
N([3, 1, 2, 6, 2], 7) = 16806
N([3, 1, 2, 6, 3], 7) = 16806
N([3, 1, 2, 6, 4], 7) = 16806
N([3, 1, 2, 6, 5], 7) = 16806
N([3, 1, 2, 6, 6], 7) = 16806
N([3, 1, 2, 6, 7], 7) = 16806
N([3, 1, 2, 7, 1], 7) = 16806
N([3, 1, 2, 7, 2], 7) = 16806
N([3, 1, 2, 7, 3], 7) = 16806
N([3, 1, 2, 7, 4], 7) = 16806
N([3, 1, 2, 7, 5], 7) = 16806
N([3, 1, 2, 7, 6], 7) = 16806
N([3, 1, 2, 7, 7], 7) = 16806
N([3, 1, 3, 1, 1], 7) = 16806
N([3, 1, 3, 1, 2], 7) = 16806
N([3, 1, 3, 1, 3], 7) = 16806
N([3, 1, 3, 1, 4], 7) = 16806
N([3, 1, 3, 1, 5], 7) = 16806
N([3, 1, 3, 1, 6], 7) = 16806
N([3, 1, 3, 1, 7], 7) = 16806
N([3, 1, 3, 2, 1], 7) = 16806
N([3, 1, 3, 2, 2], 7) = 16806
N([3, 1, 3, 2, 3], 7) = 16806
N([3, 1, 3, 2, 4], 7) = 16806
N([3, 1, 3, 2, 5], 7) = 16806
N([3, 1, 3, 2, 6], 7) = 16806
N([3, 1, 3, 2, 7], 7) = 16806
N([3, 1, 3, 3, 1], 7) = 16806
N([3, 1, 3, 3, 2], 7) = 16806
N([3, 1, 3, 3, 3], 7) = 16806
N([3, 1, 3, 3, 4], 7) = 16806
N([3, 1, 3, 3, 5], 7) = 16806
N([3, 1, 3, 3, 6], 7) = 16806
N([3, 1, 3, 3, 7], 7) = 16806
N([3, 1, 3, 4, 1], 7) = 16806
N([3, 1, 3, 4, 2], 7) = 16806
N([3, 1, 3, 4, 3], 7) = 16806
N([3, 1, 3, 4, 4], 7) = 16806
N([3, 1, 3, 4, 5], 7) = 16806
N([3, 1, 3, 4, 6], 7) = 16806
N([3, 1, 3, 4, 7], 7) = 16806
N([3, 1, 3, 5, 1], 7) = 16806
N([3, 1, 3, 5, 2], 7) = 16806
N([3, 1, 3, 5, 3], 7) = 16806
N([3, 1, 3, 5, 4], 7) = 16806
N([3, 1, 3, 5, 5], 7) = 16806
N([3, 1, 3, 5, 6], 7) = 16806
N([3, 1, 3, 5, 7], 7) = 16806
N([3, 1, 3, 6, 1], 7) = 16806
N([3, 1, 3, 6, 2], 7) = 16806
N([3, 1, 3, 6, 3], 7) = 16806
N([3, 1, 3, 6, 4], 7) = 16806
N([3, 1, 3, 6, 5], 7) = 16806
N([3, 1, 3, 6, 6], 7) = 16806
N([3, 1, 3, 6, 7], 7) = 16806
N([3, 1, 3, 7, 1], 7) = 16806
N([3, 1, 3, 7, 2], 7) = 16806
N([3, 1, 3, 7, 3], 7) = 16806
N([3, 1, 3, 7, 4], 7) = 16806
N([3, 1, 3, 7, 5], 7) = 16806
N([3, 1, 3, 7, 6], 7) = 16806
N([3, 1, 3, 7, 7], 7) = 16806
N([3, 1, 4, 1, 1], 7) = 16806
N([3, 1, 4, 1, 2], 7) = 16806
N([3, 1, 4, 1, 3], 7) = 16806
N([3, 1, 4, 1, 4], 7) = 16806
N([3, 1, 4, 1, 5], 7) = 16806
N([3, 1, 4, 1, 6], 7) = 16806
N([3, 1, 4, 1, 7], 7) = 16806
N([3, 1, 4, 2, 1], 7) = 16806
N([3, 1, 4, 2, 2], 7) = 16806
N([3, 1, 4, 2, 3], 7) = 16806
N([3, 1, 4, 2, 4], 7) = 16806
N([3, 1, 4, 2, 5], 7) = 16806
N([3, 1, 4, 2, 6], 7) = 16806
N([3, 1, 4, 2, 7], 7) = 16806
N([3, 1, 4, 3, 1], 7) = 16806
N([3, 1, 4, 3, 2], 7) = 16806
N([3, 1, 4, 3, 3], 7) = 16806
N([3, 1, 4, 3, 4], 7) = 16806
N([3, 1, 4, 3, 5], 7) = 16806
N([3, 1, 4, 3, 6], 7) = 16806
N([3, 1, 4, 3, 7], 7) = 16806
N([3, 1, 4, 4, 1], 7) = 16806
N([3, 1, 4, 4, 2], 7) = 16806
N([3, 1, 4, 4, 3], 7) = 16806
N([3, 1, 4, 4, 4], 7) = 16806
N([3, 1, 4, 4, 5], 7) = 16806
N([3, 1, 4, 4, 6], 7) = 16806
N([3, 1, 4, 4, 7], 7) = 16806
N([3, 1, 4, 5, 1], 7) = 16806
N([3, 1, 4, 5, 2], 7) = 16806
N([3, 1, 4, 5, 3], 7) = 16806
N([3, 1, 4, 5, 4], 7) = 16806
N([3, 1, 4, 5, 5], 7) = 16806
N([3, 1, 4, 5, 6], 7) = 16806
N([3, 1, 4, 5, 7], 7) = 16806
N([3, 1, 4, 6, 1], 7) = 16806
N([3, 1, 4, 6, 2], 7) = 16806
N([3, 1, 4, 6, 3], 7) = 16806
N([3, 1, 4, 6, 4], 7) = 16806
N([3, 1, 4, 6, 5], 7) = 16806
N([3, 1, 4, 6, 6], 7) = 16806
N([3, 1, 4, 6, 7], 7) = 16806
N([3, 1, 4, 7, 1], 7) = 16806
N([3, 1, 4, 7, 2], 7) = 16806
N([3, 1, 4, 7, 3], 7) = 16806
N([3, 1, 4, 7, 4], 7) = 16806
N([3, 1, 4, 7, 5], 7) = 16806
N([3, 1, 4, 7, 6], 7) = 16806
N([3, 1, 4, 7, 7], 7) = 16806
N([3, 1, 5, 1, 1], 7) = 16806
N([3, 1, 5, 1, 2], 7) = 16806
N([3, 1, 5, 1, 3], 7) = 16806
N([3, 1, 5, 1, 4], 7) = 16806
N([3, 1, 5, 1, 5], 7) = 16806
N([3, 1, 5, 1, 6], 7) = 16806
N([3, 1, 5, 1, 7], 7) = 16806
N([3, 1, 5, 2, 1], 7) = 16806
N([3, 1, 5, 2, 2], 7) = 16806
N([3, 1, 5, 2, 3], 7) = 16806
N([3, 1, 5, 2, 4], 7) = 16806
N([3, 1, 5, 2, 5], 7) = 16806
N([3, 1, 5, 2, 6], 7) = 16806
N([3, 1, 5, 2, 7], 7) = 16806
N([3, 1, 5, 3, 1], 7) = 16806
N([3, 1, 5, 3, 2], 7) = 16806
N([3, 1, 5, 3, 3], 7) = 16806
N([3, 1, 5, 3, 4], 7) = 16806
N([3, 1, 5, 3, 5], 7) = 16806
N([3, 1, 5, 3, 6], 7) = 16806
N([3, 1, 5, 3, 7], 7) = 16806
N([3, 1, 5, 4, 1], 7) = 16806
N([3, 1, 5, 4, 2], 7) = 16806
N([3, 1, 5, 4, 3], 7) = 16806
N([3, 1, 5, 4, 4], 7) = 16806
N([3, 1, 5, 4, 5], 7) = 16806
N([3, 1, 5, 4, 6], 7) = 16806
N([3, 1, 5, 4, 7], 7) = 16806
N([3, 1, 5, 5, 1], 7) = 16806
N([3, 1, 5, 5, 2], 7) = 16806
N([3, 1, 5, 5, 3], 7) = 16806
N([3, 1, 5, 5, 4], 7) = 16806
N([3, 1, 5, 5, 5], 7) = 16806
N([3, 1, 5, 5, 6], 7) = 16806
N([3, 1, 5, 5, 7], 7) = 16806
N([3, 1, 5, 6, 1], 7) = 16806
N([3, 1, 5, 6, 2], 7) = 16806
N([3, 1, 5, 6, 3], 7) = 16806
N([3, 1, 5, 6, 4], 7) = 16806
N([3, 1, 5, 6, 5], 7) = 16806
N([3, 1, 5, 6, 6], 7) = 16806
N([3, 1, 5, 6, 7], 7) = 16806
N([3, 1, 5, 7, 1], 7) = 16806
N([3, 1, 5, 7, 2], 7) = 16806
N([3, 1, 5, 7, 3], 7) = 16806
N([3, 1, 5, 7, 4], 7) = 16806
N([3, 1, 5, 7, 5], 7) = 16806
N([3, 1, 5, 7, 6], 7) = 16806
N([3, 1, 5, 7, 7], 7) = 16806
N([3, 1, 6, 1, 1], 7) = 16806
N([3, 1, 6, 1, 2], 7) = 16806
N([3, 1, 6, 1, 3], 7) = 16806
N([3, 1, 6, 1, 4], 7) = 16806
N([3, 1, 6, 1, 5], 7) = 16806
N([3, 1, 6, 1, 6], 7) = 16806
N([3, 1, 6, 1, 7], 7) = 16806
N([3, 1, 6, 2, 1], 7) = 16806
N([3, 1, 6, 2, 2], 7) = 16806
N([3, 1, 6, 2, 3], 7) = 16806
N([3, 1, 6, 2, 4], 7) = 16806
N([3, 1, 6, 2, 5], 7) = 16806
N([3, 1, 6, 2, 6], 7) = 16806
N([3, 1, 6, 2, 7], 7) = 16806
N([3, 1, 6, 3, 1], 7) = 16806
N([3, 1, 6, 3, 2], 7) = 16806
N([3, 1, 6, 3, 3], 7) = 16806
N([3, 1, 6, 3, 4], 7) = 16806
N([3, 1, 6, 3, 5], 7) = 16806
N([3, 1, 6, 3, 6], 7) = 16806
N([3, 1, 6, 3, 7], 7) = 16806
N([3, 1, 6, 4, 1], 7) = 16806
N([3, 1, 6, 4, 2], 7) = 16806
N([3, 1, 6, 4, 3], 7) = 16806
N([3, 1, 6, 4, 4], 7) = 16806
N([3, 1, 6, 4, 5], 7) = 16806
N([3, 1, 6, 4, 6], 7) = 16806
N([3, 1, 6, 4, 7], 7) = 16806
N([3, 1, 6, 5, 1], 7) = 16806
N([3, 1, 6, 5, 2], 7) = 16806
N([3, 1, 6, 5, 3], 7) = 16806
N([3, 1, 6, 5, 4], 7) = 16806
N([3, 1, 6, 5, 5], 7) = 16806
N([3, 1, 6, 5, 6], 7) = 16806
N([3, 1, 6, 5, 7], 7) = 16806
N([3, 1, 6, 6, 1], 7) = 16806
N([3, 1, 6, 6, 2], 7) = 16806
N([3, 1, 6, 6, 3], 7) = 16806
N([3, 1, 6, 6, 4], 7) = 16806
N([3, 1, 6, 6, 5], 7) = 16806
N([3, 1, 6, 6, 6], 7) = 16806
N([3, 1, 6, 6, 7], 7) = 16806
N([3, 1, 6, 7, 1], 7) = 16806
N([3, 1, 6, 7, 2], 7) = 16806
N([3, 1, 6, 7, 3], 7) = 16806
N([3, 1, 6, 7, 4], 7) = 16806
N([3, 1, 6, 7, 5], 7) = 16806
N([3, 1, 6, 7, 6], 7) = 16806
N([3, 1, 6, 7, 7], 7) = 16806
N([3, 1, 7, 1, 1], 7) = 16806
N([3, 1, 7, 1, 2], 7) = 16806
N([3, 1, 7, 1, 3], 7) = 16806
N([3, 1, 7, 1, 4], 7) = 16806
N([3, 1, 7, 1, 5], 7) = 16806
N([3, 1, 7, 1, 6], 7) = 16806
N([3, 1, 7, 1, 7], 7) = 16806
N([3, 1, 7, 2, 1], 7) = 16806
N([3, 1, 7, 2, 2], 7) = 16806
N([3, 1, 7, 2, 3], 7) = 16806
N([3, 1, 7, 2, 4], 7) = 16806
N([3, 1, 7, 2, 5], 7) = 16806
N([3, 1, 7, 2, 6], 7) = 16806
N([3, 1, 7, 2, 7], 7) = 16806
N([3, 1, 7, 3, 1], 7) = 16806
N([3, 1, 7, 3, 2], 7) = 16806
N([3, 1, 7, 3, 3], 7) = 16806
N([3, 1, 7, 3, 4], 7) = 16806
N([3, 1, 7, 3, 5], 7) = 16806
N([3, 1, 7, 3, 6], 7) = 16806
N([3, 1, 7, 3, 7], 7) = 16806
N([3, 1, 7, 4, 1], 7) = 16806
N([3, 1, 7, 4, 2], 7) = 16806
N([3, 1, 7, 4, 3], 7) = 16806
N([3, 1, 7, 4, 4], 7) = 16806
N([3, 1, 7, 4, 5], 7) = 16806
N([3, 1, 7, 4, 6], 7) = 16806
N([3, 1, 7, 4, 7], 7) = 16806
N([3, 1, 7, 5, 1], 7) = 16806
N([3, 1, 7, 5, 2], 7) = 16806
N([3, 1, 7, 5, 3], 7) = 16806
N([3, 1, 7, 5, 4], 7) = 16806
N([3, 1, 7, 5, 5], 7) = 16806
N([3, 1, 7, 5, 6], 7) = 16806
N([3, 1, 7, 5, 7], 7) = 16806
N([3, 1, 7, 6, 1], 7) = 16806
N([3, 1, 7, 6, 2], 7) = 16806
N([3, 1, 7, 6, 3], 7) = 16806
N([3, 1, 7, 6, 4], 7) = 16806
N([3, 1, 7, 6, 5], 7) = 16806
N([3, 1, 7, 6, 6], 7) = 16806
N([3, 1, 7, 6, 7], 7) = 16806
N([3, 1, 7, 7, 1], 7) = 16806
N([3, 1, 7, 7, 2], 7) = 16806
N([3, 1, 7, 7, 3], 7) = 16806
N([3, 1, 7, 7, 4], 7) = 16806
N([3, 1, 7, 7, 5], 7) = 16806
N([3, 1, 7, 7, 6], 7) = 16806
N([3, 1, 7, 7, 7], 7) = 16806
N([3, 2, 1, 1, 1], 7) = 16806
N([3, 2, 1, 1, 2], 7) = 16806
N([3, 2, 1, 1, 3], 7) = 16806
N([3, 2, 1, 1, 4], 7) = 16806
N([3, 2, 1, 1, 5], 7) = 16806
N([3, 2, 1, 1, 6], 7) = 16806
N([3, 2, 1, 1, 7], 7) = 16806
N([3, 2, 1, 2, 1], 7) = 16806
N([3, 2, 1, 2, 2], 7) = 16806
N([3, 2, 1, 2, 3], 7) = 16806
N([3, 2, 1, 2, 4], 7) = 16806
N([3, 2, 1, 2, 5], 7) = 16806
N([3, 2, 1, 2, 6], 7) = 16806
N([3, 2, 1, 2, 7], 7) = 16806
N([3, 2, 1, 3, 1], 7) = 16806
N([3, 2, 1, 3, 2], 7) = 16806
N([3, 2, 1, 3, 3], 7) = 16806
N([3, 2, 1, 3, 4], 7) = 16806
N([3, 2, 1, 3, 5], 7) = 16806
N([3, 2, 1, 3, 6], 7) = 16806
N([3, 2, 1, 3, 7], 7) = 16806
N([3, 2, 1, 4, 1], 7) = 16806
N([3, 2, 1, 4, 2], 7) = 16806
N([3, 2, 1, 4, 3], 7) = 16806
N([3, 2, 1, 4, 4], 7) = 16806
N([3, 2, 1, 4, 5], 7) = 16806
N([3, 2, 1, 4, 6], 7) = 16806
N([3, 2, 1, 4, 7], 7) = 16806
N([3, 2, 1, 5, 1], 7) = 16806
N([3, 2, 1, 5, 2], 7) = 16806
N([3, 2, 1, 5, 3], 7) = 16806
N([3, 2, 1, 5, 4], 7) = 16806
N([3, 2, 1, 5, 5], 7) = 16806
N([3, 2, 1, 5, 6], 7) = 16806
N([3, 2, 1, 5, 7], 7) = 16806
N([3, 2, 1, 6, 1], 7) = 16806
N([3, 2, 1, 6, 2], 7) = 16806
N([3, 2, 1, 6, 3], 7) = 16806
N([3, 2, 1, 6, 4], 7) = 16806
N([3, 2, 1, 6, 5], 7) = 16806
N([3, 2, 1, 6, 6], 7) = 16806
N([3, 2, 1, 6, 7], 7) = 16806
N([3, 2, 1, 7, 1], 7) = 16806
N([3, 2, 1, 7, 2], 7) = 16806
N([3, 2, 1, 7, 3], 7) = 16806
N([3, 2, 1, 7, 4], 7) = 16806
N([3, 2, 1, 7, 5], 7) = 16806
N([3, 2, 1, 7, 6], 7) = 16806
N([3, 2, 1, 7, 7], 7) = 16806
N([3, 2, 2, 1, 1], 7) = 16806
N([3, 2, 2, 1, 2], 7) = 16806
N([3, 2, 2, 1, 3], 7) = 16806
N([3, 2, 2, 1, 4], 7) = 16806
N([3, 2, 2, 1, 5], 7) = 16806
N([3, 2, 2, 1, 6], 7) = 16806
N([3, 2, 2, 1, 7], 7) = 16806
N([3, 2, 2, 2, 1], 7) = 16806
N([3, 2, 2, 2, 2], 7) = 16806
N([3, 2, 2, 2, 3], 7) = 16806
N([3, 2, 2, 2, 4], 7) = 16806
N([3, 2, 2, 2, 5], 7) = 16806
N([3, 2, 2, 2, 6], 7) = 16806
N([3, 2, 2, 2, 7], 7) = 16806
N([3, 2, 2, 3, 1], 7) = 16806
N([3, 2, 2, 3, 2], 7) = 16806
N([3, 2, 2, 3, 3], 7) = 16806
N([3, 2, 2, 3, 4], 7) = 16806
N([3, 2, 2, 3, 5], 7) = 16806
N([3, 2, 2, 3, 6], 7) = 16806
N([3, 2, 2, 3, 7], 7) = 16806
N([3, 2, 2, 4, 1], 7) = 16806
N([3, 2, 2, 4, 2], 7) = 16806
N([3, 2, 2, 4, 3], 7) = 16806
N([3, 2, 2, 4, 4], 7) = 16806
N([3, 2, 2, 4, 5], 7) = 16806
N([3, 2, 2, 4, 6], 7) = 16806
N([3, 2, 2, 4, 7], 7) = 16806
N([3, 2, 2, 5, 1], 7) = 16806
N([3, 2, 2, 5, 2], 7) = 16806
N([3, 2, 2, 5, 3], 7) = 16806
N([3, 2, 2, 5, 4], 7) = 16806
N([3, 2, 2, 5, 5], 7) = 16806
N([3, 2, 2, 5, 6], 7) = 16806
N([3, 2, 2, 5, 7], 7) = 16806
N([3, 2, 2, 6, 1], 7) = 16806
N([3, 2, 2, 6, 2], 7) = 16806
N([3, 2, 2, 6, 3], 7) = 16806
N([3, 2, 2, 6, 4], 7) = 16806
N([3, 2, 2, 6, 5], 7) = 16806
N([3, 2, 2, 6, 6], 7) = 16806
N([3, 2, 2, 6, 7], 7) = 16806
N([3, 2, 2, 7, 1], 7) = 16806
N([3, 2, 2, 7, 2], 7) = 16806
N([3, 2, 2, 7, 3], 7) = 16806
N([3, 2, 2, 7, 4], 7) = 16806
N([3, 2, 2, 7, 5], 7) = 16806
N([3, 2, 2, 7, 6], 7) = 16806
N([3, 2, 2, 7, 7], 7) = 16806
N([3, 2, 3, 1, 1], 7) = 16806
N([3, 2, 3, 1, 2], 7) = 16806
N([3, 2, 3, 1, 3], 7) = 16806
N([3, 2, 3, 1, 4], 7) = 16806
N([3, 2, 3, 1, 5], 7) = 16806
N([3, 2, 3, 1, 6], 7) = 16806
N([3, 2, 3, 1, 7], 7) = 16806
N([3, 2, 3, 2, 1], 7) = 16806
N([3, 2, 3, 2, 2], 7) = 16806
N([3, 2, 3, 2, 3], 7) = 16806
N([3, 2, 3, 2, 4], 7) = 16806
N([3, 2, 3, 2, 5], 7) = 16806
N([3, 2, 3, 2, 6], 7) = 16806
N([3, 2, 3, 2, 7], 7) = 16806
N([3, 2, 3, 3, 1], 7) = 16806
N([3, 2, 3, 3, 2], 7) = 16806
N([3, 2, 3, 3, 3], 7) = 16806
N([3, 2, 3, 3, 4], 7) = 16806
N([3, 2, 3, 3, 5], 7) = 16806
N([3, 2, 3, 3, 6], 7) = 16806
N([3, 2, 3, 3, 7], 7) = 16806
N([3, 2, 3, 4, 1], 7) = 16806
N([3, 2, 3, 4, 2], 7) = 16806
N([3, 2, 3, 4, 3], 7) = 16806
N([3, 2, 3, 4, 4], 7) = 16806
N([3, 2, 3, 4, 5], 7) = 16806
N([3, 2, 3, 4, 6], 7) = 16806
N([3, 2, 3, 4, 7], 7) = 16806
N([3, 2, 3, 5, 1], 7) = 16806
N([3, 2, 3, 5, 2], 7) = 16806
N([3, 2, 3, 5, 3], 7) = 16806
N([3, 2, 3, 5, 4], 7) = 16806
N([3, 2, 3, 5, 5], 7) = 16806
N([3, 2, 3, 5, 6], 7) = 16806
N([3, 2, 3, 5, 7], 7) = 16806
N([3, 2, 3, 6, 1], 7) = 16806
N([3, 2, 3, 6, 2], 7) = 16806
N([3, 2, 3, 6, 3], 7) = 16806
N([3, 2, 3, 6, 4], 7) = 16806
N([3, 2, 3, 6, 5], 7) = 16806
N([3, 2, 3, 6, 6], 7) = 16806
N([3, 2, 3, 6, 7], 7) = 16806
N([3, 2, 3, 7, 1], 7) = 16806
N([3, 2, 3, 7, 2], 7) = 16806
N([3, 2, 3, 7, 3], 7) = 16806
N([3, 2, 3, 7, 4], 7) = 16806
N([3, 2, 3, 7, 5], 7) = 16806
N([3, 2, 3, 7, 6], 7) = 16806
N([3, 2, 3, 7, 7], 7) = 16806
N([3, 2, 4, 1, 1], 7) = 16806
N([3, 2, 4, 1, 2], 7) = 16806
N([3, 2, 4, 1, 3], 7) = 16806
N([3, 2, 4, 1, 4], 7) = 16806
N([3, 2, 4, 1, 5], 7) = 16806
N([3, 2, 4, 1, 6], 7) = 16806
N([3, 2, 4, 1, 7], 7) = 16806
N([3, 2, 4, 2, 1], 7) = 16806
N([3, 2, 4, 2, 2], 7) = 16806
N([3, 2, 4, 2, 3], 7) = 16806
N([3, 2, 4, 2, 4], 7) = 16806
N([3, 2, 4, 2, 5], 7) = 16806
N([3, 2, 4, 2, 6], 7) = 16806
N([3, 2, 4, 2, 7], 7) = 16806
N([3, 2, 4, 3, 1], 7) = 16806
N([3, 2, 4, 3, 2], 7) = 16806
N([3, 2, 4, 3, 3], 7) = 16806
N([3, 2, 4, 3, 4], 7) = 16806
N([3, 2, 4, 3, 5], 7) = 16806
N([3, 2, 4, 3, 6], 7) = 16806
N([3, 2, 4, 3, 7], 7) = 16806
N([3, 2, 4, 4, 1], 7) = 16806
N([3, 2, 4, 4, 2], 7) = 16806
N([3, 2, 4, 4, 3], 7) = 16806
N([3, 2, 4, 4, 4], 7) = 16806
N([3, 2, 4, 4, 5], 7) = 16806
N([3, 2, 4, 4, 6], 7) = 16806
N([3, 2, 4, 4, 7], 7) = 16806
N([3, 2, 4, 5, 1], 7) = 16806
N([3, 2, 4, 5, 2], 7) = 16806
N([3, 2, 4, 5, 3], 7) = 16806
N([3, 2, 4, 5, 4], 7) = 16806
N([3, 2, 4, 5, 5], 7) = 16806
N([3, 2, 4, 5, 6], 7) = 16806
N([3, 2, 4, 5, 7], 7) = 16806
N([3, 2, 4, 6, 1], 7) = 16806
N([3, 2, 4, 6, 2], 7) = 16806
N([3, 2, 4, 6, 3], 7) = 16806
N([3, 2, 4, 6, 4], 7) = 16806
N([3, 2, 4, 6, 5], 7) = 16806
N([3, 2, 4, 6, 6], 7) = 16806
N([3, 2, 4, 6, 7], 7) = 16806
N([3, 2, 4, 7, 1], 7) = 16806
N([3, 2, 4, 7, 2], 7) = 16806
N([3, 2, 4, 7, 3], 7) = 16806
N([3, 2, 4, 7, 4], 7) = 16806
N([3, 2, 4, 7, 5], 7) = 16806
N([3, 2, 4, 7, 6], 7) = 16806
N([3, 2, 4, 7, 7], 7) = 16806
N([3, 2, 5, 1, 1], 7) = 16806
N([3, 2, 5, 1, 2], 7) = 16806
N([3, 2, 5, 1, 3], 7) = 16806
N([3, 2, 5, 1, 4], 7) = 16806
N([3, 2, 5, 1, 5], 7) = 16806
N([3, 2, 5, 1, 6], 7) = 16806
N([3, 2, 5, 1, 7], 7) = 16806
N([3, 2, 5, 2, 1], 7) = 16806
N([3, 2, 5, 2, 2], 7) = 16806
N([3, 2, 5, 2, 3], 7) = 16806
N([3, 2, 5, 2, 4], 7) = 16806
N([3, 2, 5, 2, 5], 7) = 16806
N([3, 2, 5, 2, 6], 7) = 16806
N([3, 2, 5, 2, 7], 7) = 16806
N([3, 2, 5, 3, 1], 7) = 16806
N([3, 2, 5, 3, 2], 7) = 16806
N([3, 2, 5, 3, 3], 7) = 16806
N([3, 2, 5, 3, 4], 7) = 16806
N([3, 2, 5, 3, 5], 7) = 16806
N([3, 2, 5, 3, 6], 7) = 16806
N([3, 2, 5, 3, 7], 7) = 16806
N([3, 2, 5, 4, 1], 7) = 16806
N([3, 2, 5, 4, 2], 7) = 16806
N([3, 2, 5, 4, 3], 7) = 16806
N([3, 2, 5, 4, 4], 7) = 16806
N([3, 2, 5, 4, 5], 7) = 16806
N([3, 2, 5, 4, 6], 7) = 16806
N([3, 2, 5, 4, 7], 7) = 16806
N([3, 2, 5, 5, 1], 7) = 16806
N([3, 2, 5, 5, 2], 7) = 16806
N([3, 2, 5, 5, 3], 7) = 16806
N([3, 2, 5, 5, 4], 7) = 16806
N([3, 2, 5, 5, 5], 7) = 16806
N([3, 2, 5, 5, 6], 7) = 16806
N([3, 2, 5, 5, 7], 7) = 16806
N([3, 2, 5, 6, 1], 7) = 16806
N([3, 2, 5, 6, 2], 7) = 16806
N([3, 2, 5, 6, 3], 7) = 16806
N([3, 2, 5, 6, 4], 7) = 16806
N([3, 2, 5, 6, 5], 7) = 16806
N([3, 2, 5, 6, 6], 7) = 16806
N([3, 2, 5, 6, 7], 7) = 16806
N([3, 2, 5, 7, 1], 7) = 16806
N([3, 2, 5, 7, 2], 7) = 16806
N([3, 2, 5, 7, 3], 7) = 16806
N([3, 2, 5, 7, 4], 7) = 16806
N([3, 2, 5, 7, 5], 7) = 16806
N([3, 2, 5, 7, 6], 7) = 16806
N([3, 2, 5, 7, 7], 7) = 16806
N([3, 2, 6, 1, 1], 7) = 16806
N([3, 2, 6, 1, 2], 7) = 16806
N([3, 2, 6, 1, 3], 7) = 16806
N([3, 2, 6, 1, 4], 7) = 16806
N([3, 2, 6, 1, 5], 7) = 16806
N([3, 2, 6, 1, 6], 7) = 16806
N([3, 2, 6, 1, 7], 7) = 16806
N([3, 2, 6, 2, 1], 7) = 16806
N([3, 2, 6, 2, 2], 7) = 16806
N([3, 2, 6, 2, 3], 7) = 16806
N([3, 2, 6, 2, 4], 7) = 16806
N([3, 2, 6, 2, 5], 7) = 16806
N([3, 2, 6, 2, 6], 7) = 16806
N([3, 2, 6, 2, 7], 7) = 16806
N([3, 2, 6, 3, 1], 7) = 16806
N([3, 2, 6, 3, 2], 7) = 16806
N([3, 2, 6, 3, 3], 7) = 16806
N([3, 2, 6, 3, 4], 7) = 16806
N([3, 2, 6, 3, 5], 7) = 16806
N([3, 2, 6, 3, 6], 7) = 16806
N([3, 2, 6, 3, 7], 7) = 16806
N([3, 2, 6, 4, 1], 7) = 16806
N([3, 2, 6, 4, 2], 7) = 16806
N([3, 2, 6, 4, 3], 7) = 16806
N([3, 2, 6, 4, 4], 7) = 16806
N([3, 2, 6, 4, 5], 7) = 16806
N([3, 2, 6, 4, 6], 7) = 16806
N([3, 2, 6, 4, 7], 7) = 16806
N([3, 2, 6, 5, 1], 7) = 16806
N([3, 2, 6, 5, 2], 7) = 16806
N([3, 2, 6, 5, 3], 7) = 16806
N([3, 2, 6, 5, 4], 7) = 16806
N([3, 2, 6, 5, 5], 7) = 16806
N([3, 2, 6, 5, 6], 7) = 16806
N([3, 2, 6, 5, 7], 7) = 16806
N([3, 2, 6, 6, 1], 7) = 16806
N([3, 2, 6, 6, 2], 7) = 16806
N([3, 2, 6, 6, 3], 7) = 16806
N([3, 2, 6, 6, 4], 7) = 16806
N([3, 2, 6, 6, 5], 7) = 16806
N([3, 2, 6, 6, 6], 7) = 16806
N([3, 2, 6, 6, 7], 7) = 16806
N([3, 2, 6, 7, 1], 7) = 16806
N([3, 2, 6, 7, 2], 7) = 16806
N([3, 2, 6, 7, 3], 7) = 16806
N([3, 2, 6, 7, 4], 7) = 16806
N([3, 2, 6, 7, 5], 7) = 16806
N([3, 2, 6, 7, 6], 7) = 16806
N([3, 2, 6, 7, 7], 7) = 16806
N([3, 2, 7, 1, 1], 7) = 16806
N([3, 2, 7, 1, 2], 7) = 16806
N([3, 2, 7, 1, 3], 7) = 16806
N([3, 2, 7, 1, 4], 7) = 16806
N([3, 2, 7, 1, 5], 7) = 16806
N([3, 2, 7, 1, 6], 7) = 16806
N([3, 2, 7, 1, 7], 7) = 16806
N([3, 2, 7, 2, 1], 7) = 16806
N([3, 2, 7, 2, 2], 7) = 16806
N([3, 2, 7, 2, 3], 7) = 16806
N([3, 2, 7, 2, 4], 7) = 16806
N([3, 2, 7, 2, 5], 7) = 16806
N([3, 2, 7, 2, 6], 7) = 16806
N([3, 2, 7, 2, 7], 7) = 16806
N([3, 2, 7, 3, 1], 7) = 16806
N([3, 2, 7, 3, 2], 7) = 16806
N([3, 2, 7, 3, 3], 7) = 16806
N([3, 2, 7, 3, 4], 7) = 16806
N([3, 2, 7, 3, 5], 7) = 16806
N([3, 2, 7, 3, 6], 7) = 16806
N([3, 2, 7, 3, 7], 7) = 16806
N([3, 2, 7, 4, 1], 7) = 16806
N([3, 2, 7, 4, 2], 7) = 16806
N([3, 2, 7, 4, 3], 7) = 16806
N([3, 2, 7, 4, 4], 7) = 16806
N([3, 2, 7, 4, 5], 7) = 16806
N([3, 2, 7, 4, 6], 7) = 16806
N([3, 2, 7, 4, 7], 7) = 16806
N([3, 2, 7, 5, 1], 7) = 16806
N([3, 2, 7, 5, 2], 7) = 16806
N([3, 2, 7, 5, 3], 7) = 16806
N([3, 2, 7, 5, 4], 7) = 16806
N([3, 2, 7, 5, 5], 7) = 16806
N([3, 2, 7, 5, 6], 7) = 16806
N([3, 2, 7, 5, 7], 7) = 16806
N([3, 2, 7, 6, 1], 7) = 16806
N([3, 2, 7, 6, 2], 7) = 16806
N([3, 2, 7, 6, 3], 7) = 16806
N([3, 2, 7, 6, 4], 7) = 16806
N([3, 2, 7, 6, 5], 7) = 16806
N([3, 2, 7, 6, 6], 7) = 16806
N([3, 2, 7, 6, 7], 7) = 16806
N([3, 2, 7, 7, 1], 7) = 16806
N([3, 2, 7, 7, 2], 7) = 16806
N([3, 2, 7, 7, 3], 7) = 16806
N([3, 2, 7, 7, 4], 7) = 16806
N([3, 2, 7, 7, 5], 7) = 16806
N([3, 2, 7, 7, 6], 7) = 16806
N([3, 2, 7, 7, 7], 7) = 16806
N([3, 3, 1, 1, 1], 7) = 16806
N([3, 3, 1, 1, 2], 7) = 16806
N([3, 3, 1, 1, 3], 7) = 16806
N([3, 3, 1, 1, 4], 7) = 16806
N([3, 3, 1, 1, 5], 7) = 16806
N([3, 3, 1, 1, 6], 7) = 16806
N([3, 3, 1, 1, 7], 7) = 16806
N([3, 3, 1, 2, 1], 7) = 16806
N([3, 3, 1, 2, 2], 7) = 16806
N([3, 3, 1, 2, 3], 7) = 16806
N([3, 3, 1, 2, 4], 7) = 16806
N([3, 3, 1, 2, 5], 7) = 16806
N([3, 3, 1, 2, 6], 7) = 16806
N([3, 3, 1, 2, 7], 7) = 16806
N([3, 3, 1, 3, 1], 7) = 16806
N([3, 3, 1, 3, 2], 7) = 16806
N([3, 3, 1, 3, 3], 7) = 16806
N([3, 3, 1, 3, 4], 7) = 16806
N([3, 3, 1, 3, 5], 7) = 16806
N([3, 3, 1, 3, 6], 7) = 16806
N([3, 3, 1, 3, 7], 7) = 16806
N([3, 3, 1, 4, 1], 7) = 16806
N([3, 3, 1, 4, 2], 7) = 16806
N([3, 3, 1, 4, 3], 7) = 16806
N([3, 3, 1, 4, 4], 7) = 16806
N([3, 3, 1, 4, 5], 7) = 16806
N([3, 3, 1, 4, 6], 7) = 16806
N([3, 3, 1, 4, 7], 7) = 16806
N([3, 3, 1, 5, 1], 7) = 16806
N([3, 3, 1, 5, 2], 7) = 16806
N([3, 3, 1, 5, 3], 7) = 16806
N([3, 3, 1, 5, 4], 7) = 16806
N([3, 3, 1, 5, 5], 7) = 16806
N([3, 3, 1, 5, 6], 7) = 16806
N([3, 3, 1, 5, 7], 7) = 16806
N([3, 3, 1, 6, 1], 7) = 16806
N([3, 3, 1, 6, 2], 7) = 16806
N([3, 3, 1, 6, 3], 7) = 16806
N([3, 3, 1, 6, 4], 7) = 16806
N([3, 3, 1, 6, 5], 7) = 16806
N([3, 3, 1, 6, 6], 7) = 16806
N([3, 3, 1, 6, 7], 7) = 16806
N([3, 3, 1, 7, 1], 7) = 16806
N([3, 3, 1, 7, 2], 7) = 16806
N([3, 3, 1, 7, 3], 7) = 16806
N([3, 3, 1, 7, 4], 7) = 16806
N([3, 3, 1, 7, 5], 7) = 16806
N([3, 3, 1, 7, 6], 7) = 16806
N([3, 3, 1, 7, 7], 7) = 16806
N([3, 3, 2, 1, 1], 7) = 16806
N([3, 3, 2, 1, 2], 7) = 16806
N([3, 3, 2, 1, 3], 7) = 16806
N([3, 3, 2, 1, 4], 7) = 16806
N([3, 3, 2, 1, 5], 7) = 16806
N([3, 3, 2, 1, 6], 7) = 16806
N([3, 3, 2, 1, 7], 7) = 16806
N([3, 3, 2, 2, 1], 7) = 16806
N([3, 3, 2, 2, 2], 7) = 16806
N([3, 3, 2, 2, 3], 7) = 16806
N([3, 3, 2, 2, 4], 7) = 16806
N([3, 3, 2, 2, 5], 7) = 16806
N([3, 3, 2, 2, 6], 7) = 16806
N([3, 3, 2, 2, 7], 7) = 16806
N([3, 3, 2, 3, 1], 7) = 16806
N([3, 3, 2, 3, 2], 7) = 16806
N([3, 3, 2, 3, 3], 7) = 16806
N([3, 3, 2, 3, 4], 7) = 16806
N([3, 3, 2, 3, 5], 7) = 16806
N([3, 3, 2, 3, 6], 7) = 16806
N([3, 3, 2, 3, 7], 7) = 16806
N([3, 3, 2, 4, 1], 7) = 16806
N([3, 3, 2, 4, 2], 7) = 16806
N([3, 3, 2, 4, 3], 7) = 16806
N([3, 3, 2, 4, 4], 7) = 16806
N([3, 3, 2, 4, 5], 7) = 16806
N([3, 3, 2, 4, 6], 7) = 16806
N([3, 3, 2, 4, 7], 7) = 16806
N([3, 3, 2, 5, 1], 7) = 16806
N([3, 3, 2, 5, 2], 7) = 16806
N([3, 3, 2, 5, 3], 7) = 16806
N([3, 3, 2, 5, 4], 7) = 16806
N([3, 3, 2, 5, 5], 7) = 16806
N([3, 3, 2, 5, 6], 7) = 16806
N([3, 3, 2, 5, 7], 7) = 16806
N([3, 3, 2, 6, 1], 7) = 16806
N([3, 3, 2, 6, 2], 7) = 16806
N([3, 3, 2, 6, 3], 7) = 16806
N([3, 3, 2, 6, 4], 7) = 16806
N([3, 3, 2, 6, 5], 7) = 16806
N([3, 3, 2, 6, 6], 7) = 16806
N([3, 3, 2, 6, 7], 7) = 16806
N([3, 3, 2, 7, 1], 7) = 16806
N([3, 3, 2, 7, 2], 7) = 16806
N([3, 3, 2, 7, 3], 7) = 16806
N([3, 3, 2, 7, 4], 7) = 16806
N([3, 3, 2, 7, 5], 7) = 16806
N([3, 3, 2, 7, 6], 7) = 16806
N([3, 3, 2, 7, 7], 7) = 16806
N([3, 3, 3, 1, 1], 7) = 16806
N([3, 3, 3, 1, 2], 7) = 16806
N([3, 3, 3, 1, 3], 7) = 16806
N([3, 3, 3, 1, 4], 7) = 16806
N([3, 3, 3, 1, 5], 7) = 16806
N([3, 3, 3, 1, 6], 7) = 16806
N([3, 3, 3, 1, 7], 7) = 16806
N([3, 3, 3, 2, 1], 7) = 16806
N([3, 3, 3, 2, 2], 7) = 16806
N([3, 3, 3, 2, 3], 7) = 16806
N([3, 3, 3, 2, 4], 7) = 16806
N([3, 3, 3, 2, 5], 7) = 16806
N([3, 3, 3, 2, 6], 7) = 16806
N([3, 3, 3, 2, 7], 7) = 16806
N([3, 3, 3, 3, 1], 7) = 16806
N([3, 3, 3, 3, 2], 7) = 16806
N([3, 3, 3, 3, 3], 7) = 16806
N([3, 3, 3, 3, 4], 7) = 16806
N([3, 3, 3, 3, 5], 7) = 16806
N([3, 3, 3, 3, 6], 7) = 16806
N([3, 3, 3, 3, 7], 7) = 16806
N([3, 3, 3, 4, 1], 7) = 16806
N([3, 3, 3, 4, 2], 7) = 16806
N([3, 3, 3, 4, 3], 7) = 16806
N([3, 3, 3, 4, 4], 7) = 16806
N([3, 3, 3, 4, 5], 7) = 16806
N([3, 3, 3, 4, 6], 7) = 16806
N([3, 3, 3, 4, 7], 7) = 16806
N([3, 3, 3, 5, 1], 7) = 16806
N([3, 3, 3, 5, 2], 7) = 16806
N([3, 3, 3, 5, 3], 7) = 16806
N([3, 3, 3, 5, 4], 7) = 16806
N([3, 3, 3, 5, 5], 7) = 16806
N([3, 3, 3, 5, 6], 7) = 16806
N([3, 3, 3, 5, 7], 7) = 16806
N([3, 3, 3, 6, 1], 7) = 16806
N([3, 3, 3, 6, 2], 7) = 16806
N([3, 3, 3, 6, 3], 7) = 16806
N([3, 3, 3, 6, 4], 7) = 16806
N([3, 3, 3, 6, 5], 7) = 16806
N([3, 3, 3, 6, 6], 7) = 16806
N([3, 3, 3, 6, 7], 7) = 16806
N([3, 3, 3, 7, 1], 7) = 16806
N([3, 3, 3, 7, 2], 7) = 16806
N([3, 3, 3, 7, 3], 7) = 16806
N([3, 3, 3, 7, 4], 7) = 16806
N([3, 3, 3, 7, 5], 7) = 16806
N([3, 3, 3, 7, 6], 7) = 16806
N([3, 3, 3, 7, 7], 7) = 16806
N([3, 3, 4, 1, 1], 7) = 16806
N([3, 3, 4, 1, 2], 7) = 16806
N([3, 3, 4, 1, 3], 7) = 16806
N([3, 3, 4, 1, 4], 7) = 16806
N([3, 3, 4, 1, 5], 7) = 16806
N([3, 3, 4, 1, 6], 7) = 16806
N([3, 3, 4, 1, 7], 7) = 16806
N([3, 3, 4, 2, 1], 7) = 16806
N([3, 3, 4, 2, 2], 7) = 16806
N([3, 3, 4, 2, 3], 7) = 16806
N([3, 3, 4, 2, 4], 7) = 16806
N([3, 3, 4, 2, 5], 7) = 16806
N([3, 3, 4, 2, 6], 7) = 16806
N([3, 3, 4, 2, 7], 7) = 16806
N([3, 3, 4, 3, 1], 7) = 16806
N([3, 3, 4, 3, 2], 7) = 16806
N([3, 3, 4, 3, 3], 7) = 16806
N([3, 3, 4, 3, 4], 7) = 16806
N([3, 3, 4, 3, 5], 7) = 16806
N([3, 3, 4, 3, 6], 7) = 16806
N([3, 3, 4, 3, 7], 7) = 16806
N([3, 3, 4, 4, 1], 7) = 16806
N([3, 3, 4, 4, 2], 7) = 16806
N([3, 3, 4, 4, 3], 7) = 16806
N([3, 3, 4, 4, 4], 7) = 16806
N([3, 3, 4, 4, 5], 7) = 16806
N([3, 3, 4, 4, 6], 7) = 16806
N([3, 3, 4, 4, 7], 7) = 16806
N([3, 3, 4, 5, 1], 7) = 16806
N([3, 3, 4, 5, 2], 7) = 16806
N([3, 3, 4, 5, 3], 7) = 16806
N([3, 3, 4, 5, 4], 7) = 16806
N([3, 3, 4, 5, 5], 7) = 16806
N([3, 3, 4, 5, 6], 7) = 16806
N([3, 3, 4, 5, 7], 7) = 16806
N([3, 3, 4, 6, 1], 7) = 16806
N([3, 3, 4, 6, 2], 7) = 16806
N([3, 3, 4, 6, 3], 7) = 16806
N([3, 3, 4, 6, 4], 7) = 16806
N([3, 3, 4, 6, 5], 7) = 16806
N([3, 3, 4, 6, 6], 7) = 16806
N([3, 3, 4, 6, 7], 7) = 16806
N([3, 3, 4, 7, 1], 7) = 16806
N([3, 3, 4, 7, 2], 7) = 16806
N([3, 3, 4, 7, 3], 7) = 16806
N([3, 3, 4, 7, 4], 7) = 16806
N([3, 3, 4, 7, 5], 7) = 16806
N([3, 3, 4, 7, 6], 7) = 16806
N([3, 3, 4, 7, 7], 7) = 16806
N([3, 3, 5, 1, 1], 7) = 16806
N([3, 3, 5, 1, 2], 7) = 16806
N([3, 3, 5, 1, 3], 7) = 16806
N([3, 3, 5, 1, 4], 7) = 16806
N([3, 3, 5, 1, 5], 7) = 16806
N([3, 3, 5, 1, 6], 7) = 16806
N([3, 3, 5, 1, 7], 7) = 16806
N([3, 3, 5, 2, 1], 7) = 16806
N([3, 3, 5, 2, 2], 7) = 16806
N([3, 3, 5, 2, 3], 7) = 16806
N([3, 3, 5, 2, 4], 7) = 16806
N([3, 3, 5, 2, 5], 7) = 16806
N([3, 3, 5, 2, 6], 7) = 16806
N([3, 3, 5, 2, 7], 7) = 16806
N([3, 3, 5, 3, 1], 7) = 16806
N([3, 3, 5, 3, 2], 7) = 16806
N([3, 3, 5, 3, 3], 7) = 16806
N([3, 3, 5, 3, 4], 7) = 16806
N([3, 3, 5, 3, 5], 7) = 16806
N([3, 3, 5, 3, 6], 7) = 16806
N([3, 3, 5, 3, 7], 7) = 16806
N([3, 3, 5, 4, 1], 7) = 16806
N([3, 3, 5, 4, 2], 7) = 16806
N([3, 3, 5, 4, 3], 7) = 16806
N([3, 3, 5, 4, 4], 7) = 16806
N([3, 3, 5, 4, 5], 7) = 16806
N([3, 3, 5, 4, 6], 7) = 16806
N([3, 3, 5, 4, 7], 7) = 16806
N([3, 3, 5, 5, 1], 7) = 16806
N([3, 3, 5, 5, 2], 7) = 16806
N([3, 3, 5, 5, 3], 7) = 16806
N([3, 3, 5, 5, 4], 7) = 16806
N([3, 3, 5, 5, 5], 7) = 16806
N([3, 3, 5, 5, 6], 7) = 16806
N([3, 3, 5, 5, 7], 7) = 16806
N([3, 3, 5, 6, 1], 7) = 16806
N([3, 3, 5, 6, 2], 7) = 16806
N([3, 3, 5, 6, 3], 7) = 16806
N([3, 3, 5, 6, 4], 7) = 16806
N([3, 3, 5, 6, 5], 7) = 16806
N([3, 3, 5, 6, 6], 7) = 16806
N([3, 3, 5, 6, 7], 7) = 16806
N([3, 3, 5, 7, 1], 7) = 16806
N([3, 3, 5, 7, 2], 7) = 16806
N([3, 3, 5, 7, 3], 7) = 16806
N([3, 3, 5, 7, 4], 7) = 16806
N([3, 3, 5, 7, 5], 7) = 16806
N([3, 3, 5, 7, 6], 7) = 16806
N([3, 3, 5, 7, 7], 7) = 16806
N([3, 3, 6, 1, 1], 7) = 16806
N([3, 3, 6, 1, 2], 7) = 16806
N([3, 3, 6, 1, 3], 7) = 16806
N([3, 3, 6, 1, 4], 7) = 16806
N([3, 3, 6, 1, 5], 7) = 16806
N([3, 3, 6, 1, 6], 7) = 16806
N([3, 3, 6, 1, 7], 7) = 16806
N([3, 3, 6, 2, 1], 7) = 16806
N([3, 3, 6, 2, 2], 7) = 16806
N([3, 3, 6, 2, 3], 7) = 16806
N([3, 3, 6, 2, 4], 7) = 16806
N([3, 3, 6, 2, 5], 7) = 16806
N([3, 3, 6, 2, 6], 7) = 16806
N([3, 3, 6, 2, 7], 7) = 16806
N([3, 3, 6, 3, 1], 7) = 16806
N([3, 3, 6, 3, 2], 7) = 16806
N([3, 3, 6, 3, 3], 7) = 16806
N([3, 3, 6, 3, 4], 7) = 16806
N([3, 3, 6, 3, 5], 7) = 16806
N([3, 3, 6, 3, 6], 7) = 16806
N([3, 3, 6, 3, 7], 7) = 16806
N([3, 3, 6, 4, 1], 7) = 16806
N([3, 3, 6, 4, 2], 7) = 16806
N([3, 3, 6, 4, 3], 7) = 16806
N([3, 3, 6, 4, 4], 7) = 16806
N([3, 3, 6, 4, 5], 7) = 16806
N([3, 3, 6, 4, 6], 7) = 16806
N([3, 3, 6, 4, 7], 7) = 16806
N([3, 3, 6, 5, 1], 7) = 16806
N([3, 3, 6, 5, 2], 7) = 16806
N([3, 3, 6, 5, 3], 7) = 16806
N([3, 3, 6, 5, 4], 7) = 16806
N([3, 3, 6, 5, 5], 7) = 16806
N([3, 3, 6, 5, 6], 7) = 16806
N([3, 3, 6, 5, 7], 7) = 16806
N([3, 3, 6, 6, 1], 7) = 16806
N([3, 3, 6, 6, 2], 7) = 16806
N([3, 3, 6, 6, 3], 7) = 16806
N([3, 3, 6, 6, 4], 7) = 16806
N([3, 3, 6, 6, 5], 7) = 16806
N([3, 3, 6, 6, 6], 7) = 16806
N([3, 3, 6, 6, 7], 7) = 16806
N([3, 3, 6, 7, 1], 7) = 16806
N([3, 3, 6, 7, 2], 7) = 16806
N([3, 3, 6, 7, 3], 7) = 16806
N([3, 3, 6, 7, 4], 7) = 16806
N([3, 3, 6, 7, 5], 7) = 16806
N([3, 3, 6, 7, 6], 7) = 16806
N([3, 3, 6, 7, 7], 7) = 16806
N([3, 3, 7, 1, 1], 7) = 16806
N([3, 3, 7, 1, 2], 7) = 16806
N([3, 3, 7, 1, 3], 7) = 16806
N([3, 3, 7, 1, 4], 7) = 16806
N([3, 3, 7, 1, 5], 7) = 16806
N([3, 3, 7, 1, 6], 7) = 16806
N([3, 3, 7, 1, 7], 7) = 16806
N([3, 3, 7, 2, 1], 7) = 16806
N([3, 3, 7, 2, 2], 7) = 16806
N([3, 3, 7, 2, 3], 7) = 16806
N([3, 3, 7, 2, 4], 7) = 16806
N([3, 3, 7, 2, 5], 7) = 16806
N([3, 3, 7, 2, 6], 7) = 16806
N([3, 3, 7, 2, 7], 7) = 16806
N([3, 3, 7, 3, 1], 7) = 16806
N([3, 3, 7, 3, 2], 7) = 16806
N([3, 3, 7, 3, 3], 7) = 16806
N([3, 3, 7, 3, 4], 7) = 16806
N([3, 3, 7, 3, 5], 7) = 16806
N([3, 3, 7, 3, 6], 7) = 16806
N([3, 3, 7, 3, 7], 7) = 16806
N([3, 3, 7, 4, 1], 7) = 16806
N([3, 3, 7, 4, 2], 7) = 16806
N([3, 3, 7, 4, 3], 7) = 16806
N([3, 3, 7, 4, 4], 7) = 16806
N([3, 3, 7, 4, 5], 7) = 16806
N([3, 3, 7, 4, 6], 7) = 16806
N([3, 3, 7, 4, 7], 7) = 16806
N([3, 3, 7, 5, 1], 7) = 16806
N([3, 3, 7, 5, 2], 7) = 16806
N([3, 3, 7, 5, 3], 7) = 16806
N([3, 3, 7, 5, 4], 7) = 16806
N([3, 3, 7, 5, 5], 7) = 16806
N([3, 3, 7, 5, 6], 7) = 16806
N([3, 3, 7, 5, 7], 7) = 16806
N([3, 3, 7, 6, 1], 7) = 16806
N([3, 3, 7, 6, 2], 7) = 16806
N([3, 3, 7, 6, 3], 7) = 16806
N([3, 3, 7, 6, 4], 7) = 16806
N([3, 3, 7, 6, 5], 7) = 16806
N([3, 3, 7, 6, 6], 7) = 16806
N([3, 3, 7, 6, 7], 7) = 16806
N([3, 3, 7, 7, 1], 7) = 16806
N([3, 3, 7, 7, 2], 7) = 16806
N([3, 3, 7, 7, 3], 7) = 16806
N([3, 3, 7, 7, 4], 7) = 16806
N([3, 3, 7, 7, 5], 7) = 16806
N([3, 3, 7, 7, 6], 7) = 16806
N([3, 3, 7, 7, 7], 7) = 16806
N([3, 4, 1, 1, 1], 7) = 16806
N([3, 4, 1, 1, 2], 7) = 16806
N([3, 4, 1, 1, 3], 7) = 16806
N([3, 4, 1, 1, 4], 7) = 16806
N([3, 4, 1, 1, 5], 7) = 16806
N([3, 4, 1, 1, 6], 7) = 16806
N([3, 4, 1, 1, 7], 7) = 16806
N([3, 4, 1, 2, 1], 7) = 16806
N([3, 4, 1, 2, 2], 7) = 16806
N([3, 4, 1, 2, 3], 7) = 16806
N([3, 4, 1, 2, 4], 7) = 16806
N([3, 4, 1, 2, 5], 7) = 16806
N([3, 4, 1, 2, 6], 7) = 16806
N([3, 4, 1, 2, 7], 7) = 16806
N([3, 4, 1, 3, 1], 7) = 16806
N([3, 4, 1, 3, 2], 7) = 16806
N([3, 4, 1, 3, 3], 7) = 16806
N([3, 4, 1, 3, 4], 7) = 16806
N([3, 4, 1, 3, 5], 7) = 16806
N([3, 4, 1, 3, 6], 7) = 16806
N([3, 4, 1, 3, 7], 7) = 16806
N([3, 4, 1, 4, 1], 7) = 16806
N([3, 4, 1, 4, 2], 7) = 16806
N([3, 4, 1, 4, 3], 7) = 16806
N([3, 4, 1, 4, 4], 7) = 16806
N([3, 4, 1, 4, 5], 7) = 16806
N([3, 4, 1, 4, 6], 7) = 16806
N([3, 4, 1, 4, 7], 7) = 16806
N([3, 4, 1, 5, 1], 7) = 16806
N([3, 4, 1, 5, 2], 7) = 16806
N([3, 4, 1, 5, 3], 7) = 16806
N([3, 4, 1, 5, 4], 7) = 16806
N([3, 4, 1, 5, 5], 7) = 16806
N([3, 4, 1, 5, 6], 7) = 16806
N([3, 4, 1, 5, 7], 7) = 16806
N([3, 4, 1, 6, 1], 7) = 16806
N([3, 4, 1, 6, 2], 7) = 16806
N([3, 4, 1, 6, 3], 7) = 16806
N([3, 4, 1, 6, 4], 7) = 16806
N([3, 4, 1, 6, 5], 7) = 16806
N([3, 4, 1, 6, 6], 7) = 16806
N([3, 4, 1, 6, 7], 7) = 16806
N([3, 4, 1, 7, 1], 7) = 16806
N([3, 4, 1, 7, 2], 7) = 16806
N([3, 4, 1, 7, 3], 7) = 16806
N([3, 4, 1, 7, 4], 7) = 16806
N([3, 4, 1, 7, 5], 7) = 16806
N([3, 4, 1, 7, 6], 7) = 16806
N([3, 4, 1, 7, 7], 7) = 16806
N([3, 4, 2, 1, 1], 7) = 16806
N([3, 4, 2, 1, 2], 7) = 16806
N([3, 4, 2, 1, 3], 7) = 16806
N([3, 4, 2, 1, 4], 7) = 16806
N([3, 4, 2, 1, 5], 7) = 16806
N([3, 4, 2, 1, 6], 7) = 16806
N([3, 4, 2, 1, 7], 7) = 16806
N([3, 4, 2, 2, 1], 7) = 16806
N([3, 4, 2, 2, 2], 7) = 16806
N([3, 4, 2, 2, 3], 7) = 16806
N([3, 4, 2, 2, 4], 7) = 16806
N([3, 4, 2, 2, 5], 7) = 16806
N([3, 4, 2, 2, 6], 7) = 16806
N([3, 4, 2, 2, 7], 7) = 16806
N([3, 4, 2, 3, 1], 7) = 16806
N([3, 4, 2, 3, 2], 7) = 16806
N([3, 4, 2, 3, 3], 7) = 16806
N([3, 4, 2, 3, 4], 7) = 16806
N([3, 4, 2, 3, 5], 7) = 16806
N([3, 4, 2, 3, 6], 7) = 16806
N([3, 4, 2, 3, 7], 7) = 16806
N([3, 4, 2, 4, 1], 7) = 16806
N([3, 4, 2, 4, 2], 7) = 16806
N([3, 4, 2, 4, 3], 7) = 16806
N([3, 4, 2, 4, 4], 7) = 16806
N([3, 4, 2, 4, 5], 7) = 16806
N([3, 4, 2, 4, 6], 7) = 16806
N([3, 4, 2, 4, 7], 7) = 16806
N([3, 4, 2, 5, 1], 7) = 16806
N([3, 4, 2, 5, 2], 7) = 16806
N([3, 4, 2, 5, 3], 7) = 16806
N([3, 4, 2, 5, 4], 7) = 16806
N([3, 4, 2, 5, 5], 7) = 16806
N([3, 4, 2, 5, 6], 7) = 16806
N([3, 4, 2, 5, 7], 7) = 16806
N([3, 4, 2, 6, 1], 7) = 16806
N([3, 4, 2, 6, 2], 7) = 16806
N([3, 4, 2, 6, 3], 7) = 16806
N([3, 4, 2, 6, 4], 7) = 16806
N([3, 4, 2, 6, 5], 7) = 16806
N([3, 4, 2, 6, 6], 7) = 16806
N([3, 4, 2, 6, 7], 7) = 16806
N([3, 4, 2, 7, 1], 7) = 16806
N([3, 4, 2, 7, 2], 7) = 16806
N([3, 4, 2, 7, 3], 7) = 16806
N([3, 4, 2, 7, 4], 7) = 16806
N([3, 4, 2, 7, 5], 7) = 16806
N([3, 4, 2, 7, 6], 7) = 16806
N([3, 4, 2, 7, 7], 7) = 16806
N([3, 4, 3, 1, 1], 7) = 16806
N([3, 4, 3, 1, 2], 7) = 16806
N([3, 4, 3, 1, 3], 7) = 16806
N([3, 4, 3, 1, 4], 7) = 16806
N([3, 4, 3, 1, 5], 7) = 16806
N([3, 4, 3, 1, 6], 7) = 16806
N([3, 4, 3, 1, 7], 7) = 16806
N([3, 4, 3, 2, 1], 7) = 16806
N([3, 4, 3, 2, 2], 7) = 16806
N([3, 4, 3, 2, 3], 7) = 16806
N([3, 4, 3, 2, 4], 7) = 16806
N([3, 4, 3, 2, 5], 7) = 16806
N([3, 4, 3, 2, 6], 7) = 16806
N([3, 4, 3, 2, 7], 7) = 16806
N([3, 4, 3, 3, 1], 7) = 16806
N([3, 4, 3, 3, 2], 7) = 16806
N([3, 4, 3, 3, 3], 7) = 16806
N([3, 4, 3, 3, 4], 7) = 16806
N([3, 4, 3, 3, 5], 7) = 16806
N([3, 4, 3, 3, 6], 7) = 16806
N([3, 4, 3, 3, 7], 7) = 16806
N([3, 4, 3, 4, 1], 7) = 16806
N([3, 4, 3, 4, 2], 7) = 16806
N([3, 4, 3, 4, 3], 7) = 16806
N([3, 4, 3, 4, 4], 7) = 16806
N([3, 4, 3, 4, 5], 7) = 16806
N([3, 4, 3, 4, 6], 7) = 16806
N([3, 4, 3, 4, 7], 7) = 16806
N([3, 4, 3, 5, 1], 7) = 16806
N([3, 4, 3, 5, 2], 7) = 16806
N([3, 4, 3, 5, 3], 7) = 16806
N([3, 4, 3, 5, 4], 7) = 16806
N([3, 4, 3, 5, 5], 7) = 16806
N([3, 4, 3, 5, 6], 7) = 16806
N([3, 4, 3, 5, 7], 7) = 16806
N([3, 4, 3, 6, 1], 7) = 16806
N([3, 4, 3, 6, 2], 7) = 16806
N([3, 4, 3, 6, 3], 7) = 16806
N([3, 4, 3, 6, 4], 7) = 16806
N([3, 4, 3, 6, 5], 7) = 16806
N([3, 4, 3, 6, 6], 7) = 16806
N([3, 4, 3, 6, 7], 7) = 16806
N([3, 4, 3, 7, 1], 7) = 16806
N([3, 4, 3, 7, 2], 7) = 16806
N([3, 4, 3, 7, 3], 7) = 16806
N([3, 4, 3, 7, 4], 7) = 16806
N([3, 4, 3, 7, 5], 7) = 16806
N([3, 4, 3, 7, 6], 7) = 16806
N([3, 4, 3, 7, 7], 7) = 16806
N([3, 4, 4, 1, 1], 7) = 16806
N([3, 4, 4, 1, 2], 7) = 16806
N([3, 4, 4, 1, 3], 7) = 16806
N([3, 4, 4, 1, 4], 7) = 16806
N([3, 4, 4, 1, 5], 7) = 16806
N([3, 4, 4, 1, 6], 7) = 16806
N([3, 4, 4, 1, 7], 7) = 16806
N([3, 4, 4, 2, 1], 7) = 16806
N([3, 4, 4, 2, 2], 7) = 16806
N([3, 4, 4, 2, 3], 7) = 16806
N([3, 4, 4, 2, 4], 7) = 16806
N([3, 4, 4, 2, 5], 7) = 16806
N([3, 4, 4, 2, 6], 7) = 16806
N([3, 4, 4, 2, 7], 7) = 16806
N([3, 4, 4, 3, 1], 7) = 16806
N([3, 4, 4, 3, 2], 7) = 16806
N([3, 4, 4, 3, 3], 7) = 16806
N([3, 4, 4, 3, 4], 7) = 16806
N([3, 4, 4, 3, 5], 7) = 16806
N([3, 4, 4, 3, 6], 7) = 16806
N([3, 4, 4, 3, 7], 7) = 16806
N([3, 4, 4, 4, 1], 7) = 16806
N([3, 4, 4, 4, 2], 7) = 16806
N([3, 4, 4, 4, 3], 7) = 16806
N([3, 4, 4, 4, 4], 7) = 16806
N([3, 4, 4, 4, 5], 7) = 16806
N([3, 4, 4, 4, 6], 7) = 16806
N([3, 4, 4, 4, 7], 7) = 16806
N([3, 4, 4, 5, 1], 7) = 16806
N([3, 4, 4, 5, 2], 7) = 16806
N([3, 4, 4, 5, 3], 7) = 16806
N([3, 4, 4, 5, 4], 7) = 16806
N([3, 4, 4, 5, 5], 7) = 16806
N([3, 4, 4, 5, 6], 7) = 16806
N([3, 4, 4, 5, 7], 7) = 16806
N([3, 4, 4, 6, 1], 7) = 16806
N([3, 4, 4, 6, 2], 7) = 16806
N([3, 4, 4, 6, 3], 7) = 16806
N([3, 4, 4, 6, 4], 7) = 16806
N([3, 4, 4, 6, 5], 7) = 16806
N([3, 4, 4, 6, 6], 7) = 16806
N([3, 4, 4, 6, 7], 7) = 16806
N([3, 4, 4, 7, 1], 7) = 16806
N([3, 4, 4, 7, 2], 7) = 16806
N([3, 4, 4, 7, 3], 7) = 16806
N([3, 4, 4, 7, 4], 7) = 16806
N([3, 4, 4, 7, 5], 7) = 16806
N([3, 4, 4, 7, 6], 7) = 16806
N([3, 4, 4, 7, 7], 7) = 16806
N([3, 4, 5, 1, 1], 7) = 16806
N([3, 4, 5, 1, 2], 7) = 16806
N([3, 4, 5, 1, 3], 7) = 16806
N([3, 4, 5, 1, 4], 7) = 16806
N([3, 4, 5, 1, 5], 7) = 16806
N([3, 4, 5, 1, 6], 7) = 16806
N([3, 4, 5, 1, 7], 7) = 16806
N([3, 4, 5, 2, 1], 7) = 16806
N([3, 4, 5, 2, 2], 7) = 16806
N([3, 4, 5, 2, 3], 7) = 16806
N([3, 4, 5, 2, 4], 7) = 16806
N([3, 4, 5, 2, 5], 7) = 16806
N([3, 4, 5, 2, 6], 7) = 16806
N([3, 4, 5, 2, 7], 7) = 16806
N([3, 4, 5, 3, 1], 7) = 16806
N([3, 4, 5, 3, 2], 7) = 16806
N([3, 4, 5, 3, 3], 7) = 16806
N([3, 4, 5, 3, 4], 7) = 16806
N([3, 4, 5, 3, 5], 7) = 16806
N([3, 4, 5, 3, 6], 7) = 16806
N([3, 4, 5, 3, 7], 7) = 16806
N([3, 4, 5, 4, 1], 7) = 16806
N([3, 4, 5, 4, 2], 7) = 16806
N([3, 4, 5, 4, 3], 7) = 16806
N([3, 4, 5, 4, 4], 7) = 16806
N([3, 4, 5, 4, 5], 7) = 16806
N([3, 4, 5, 4, 6], 7) = 16806
N([3, 4, 5, 4, 7], 7) = 16806
N([3, 4, 5, 5, 1], 7) = 16806
N([3, 4, 5, 5, 2], 7) = 16806
N([3, 4, 5, 5, 3], 7) = 16806
N([3, 4, 5, 5, 4], 7) = 16806
N([3, 4, 5, 5, 5], 7) = 16806
N([3, 4, 5, 5, 6], 7) = 16806
N([3, 4, 5, 5, 7], 7) = 16806
N([3, 4, 5, 6, 1], 7) = 16806
N([3, 4, 5, 6, 2], 7) = 16806
N([3, 4, 5, 6, 3], 7) = 16806
N([3, 4, 5, 6, 4], 7) = 16806
N([3, 4, 5, 6, 5], 7) = 16806
N([3, 4, 5, 6, 6], 7) = 16806
N([3, 4, 5, 6, 7], 7) = 16806
N([3, 4, 5, 7, 1], 7) = 16806
N([3, 4, 5, 7, 2], 7) = 16806
N([3, 4, 5, 7, 3], 7) = 16806
N([3, 4, 5, 7, 4], 7) = 16806
N([3, 4, 5, 7, 5], 7) = 16806
N([3, 4, 5, 7, 6], 7) = 16806
N([3, 4, 5, 7, 7], 7) = 16806
N([3, 4, 6, 1, 1], 7) = 16806
N([3, 4, 6, 1, 2], 7) = 16806
N([3, 4, 6, 1, 3], 7) = 16806
N([3, 4, 6, 1, 4], 7) = 16806
N([3, 4, 6, 1, 5], 7) = 16806
N([3, 4, 6, 1, 6], 7) = 16806
N([3, 4, 6, 1, 7], 7) = 16806
N([3, 4, 6, 2, 1], 7) = 16806
N([3, 4, 6, 2, 2], 7) = 16806
N([3, 4, 6, 2, 3], 7) = 16806
N([3, 4, 6, 2, 4], 7) = 16806
N([3, 4, 6, 2, 5], 7) = 16806
N([3, 4, 6, 2, 6], 7) = 16806
N([3, 4, 6, 2, 7], 7) = 16806
N([3, 4, 6, 3, 1], 7) = 16806
N([3, 4, 6, 3, 2], 7) = 16806
N([3, 4, 6, 3, 3], 7) = 16806
N([3, 4, 6, 3, 4], 7) = 16806
N([3, 4, 6, 3, 5], 7) = 16806
N([3, 4, 6, 3, 6], 7) = 16806
N([3, 4, 6, 3, 7], 7) = 16806
N([3, 4, 6, 4, 1], 7) = 16806
N([3, 4, 6, 4, 2], 7) = 16806
N([3, 4, 6, 4, 3], 7) = 16806
N([3, 4, 6, 4, 4], 7) = 16806
N([3, 4, 6, 4, 5], 7) = 16806
N([3, 4, 6, 4, 6], 7) = 16806
N([3, 4, 6, 4, 7], 7) = 16806
N([3, 4, 6, 5, 1], 7) = 16806
N([3, 4, 6, 5, 2], 7) = 16806
N([3, 4, 6, 5, 3], 7) = 16806
N([3, 4, 6, 5, 4], 7) = 16806
N([3, 4, 6, 5, 5], 7) = 16806
N([3, 4, 6, 5, 6], 7) = 16806
N([3, 4, 6, 5, 7], 7) = 16806
N([3, 4, 6, 6, 1], 7) = 16806
N([3, 4, 6, 6, 2], 7) = 16806
N([3, 4, 6, 6, 3], 7) = 16806
N([3, 4, 6, 6, 4], 7) = 16806
N([3, 4, 6, 6, 5], 7) = 16806
N([3, 4, 6, 6, 6], 7) = 16806
N([3, 4, 6, 6, 7], 7) = 16806
N([3, 4, 6, 7, 1], 7) = 16806
N([3, 4, 6, 7, 2], 7) = 16806
N([3, 4, 6, 7, 3], 7) = 16806
N([3, 4, 6, 7, 4], 7) = 16806
N([3, 4, 6, 7, 5], 7) = 16806
N([3, 4, 6, 7, 6], 7) = 16806
N([3, 4, 6, 7, 7], 7) = 16806
N([3, 4, 7, 1, 1], 7) = 16806
N([3, 4, 7, 1, 2], 7) = 16806
N([3, 4, 7, 1, 3], 7) = 16806
N([3, 4, 7, 1, 4], 7) = 16806
N([3, 4, 7, 1, 5], 7) = 16806
N([3, 4, 7, 1, 6], 7) = 16806
N([3, 4, 7, 1, 7], 7) = 16806
N([3, 4, 7, 2, 1], 7) = 16806
N([3, 4, 7, 2, 2], 7) = 16806
N([3, 4, 7, 2, 3], 7) = 16806
N([3, 4, 7, 2, 4], 7) = 16806
N([3, 4, 7, 2, 5], 7) = 16806
N([3, 4, 7, 2, 6], 7) = 16806
N([3, 4, 7, 2, 7], 7) = 16806
N([3, 4, 7, 3, 1], 7) = 16806
N([3, 4, 7, 3, 2], 7) = 16806
N([3, 4, 7, 3, 3], 7) = 16806
N([3, 4, 7, 3, 4], 7) = 16806
N([3, 4, 7, 3, 5], 7) = 16806
N([3, 4, 7, 3, 6], 7) = 16806
N([3, 4, 7, 3, 7], 7) = 16806
N([3, 4, 7, 4, 1], 7) = 16806
N([3, 4, 7, 4, 2], 7) = 16806
N([3, 4, 7, 4, 3], 7) = 16806
N([3, 4, 7, 4, 4], 7) = 16806
N([3, 4, 7, 4, 5], 7) = 16806
N([3, 4, 7, 4, 6], 7) = 16806
N([3, 4, 7, 4, 7], 7) = 16806
N([3, 4, 7, 5, 1], 7) = 16806
N([3, 4, 7, 5, 2], 7) = 16806
N([3, 4, 7, 5, 3], 7) = 16806
N([3, 4, 7, 5, 4], 7) = 16806
N([3, 4, 7, 5, 5], 7) = 16806
N([3, 4, 7, 5, 6], 7) = 16806
N([3, 4, 7, 5, 7], 7) = 16806
N([3, 4, 7, 6, 1], 7) = 16806
N([3, 4, 7, 6, 2], 7) = 16806
N([3, 4, 7, 6, 3], 7) = 16806
N([3, 4, 7, 6, 4], 7) = 16806
N([3, 4, 7, 6, 5], 7) = 16806
N([3, 4, 7, 6, 6], 7) = 16806
N([3, 4, 7, 6, 7], 7) = 16806
N([3, 4, 7, 7, 1], 7) = 16806
N([3, 4, 7, 7, 2], 7) = 16806
N([3, 4, 7, 7, 3], 7) = 16806
N([3, 4, 7, 7, 4], 7) = 16806
N([3, 4, 7, 7, 5], 7) = 16806
N([3, 4, 7, 7, 6], 7) = 16806
N([3, 4, 7, 7, 7], 7) = 16806
N([3, 5, 1, 1, 1], 7) = 16806
N([3, 5, 1, 1, 2], 7) = 16806
N([3, 5, 1, 1, 3], 7) = 16806
N([3, 5, 1, 1, 4], 7) = 16806
N([3, 5, 1, 1, 5], 7) = 16806
N([3, 5, 1, 1, 6], 7) = 16806
N([3, 5, 1, 1, 7], 7) = 16806
N([3, 5, 1, 2, 1], 7) = 16806
N([3, 5, 1, 2, 2], 7) = 16806
N([3, 5, 1, 2, 3], 7) = 16806
N([3, 5, 1, 2, 4], 7) = 16806
N([3, 5, 1, 2, 5], 7) = 16806
N([3, 5, 1, 2, 6], 7) = 16806
N([3, 5, 1, 2, 7], 7) = 16806
N([3, 5, 1, 3, 1], 7) = 16806
N([3, 5, 1, 3, 2], 7) = 16806
N([3, 5, 1, 3, 3], 7) = 16806
N([3, 5, 1, 3, 4], 7) = 16806
N([3, 5, 1, 3, 5], 7) = 16806
N([3, 5, 1, 3, 6], 7) = 16806
N([3, 5, 1, 3, 7], 7) = 16806
N([3, 5, 1, 4, 1], 7) = 16806
N([3, 5, 1, 4, 2], 7) = 16806
N([3, 5, 1, 4, 3], 7) = 16806
N([3, 5, 1, 4, 4], 7) = 16806
N([3, 5, 1, 4, 5], 7) = 16806
N([3, 5, 1, 4, 6], 7) = 16806
N([3, 5, 1, 4, 7], 7) = 16806
N([3, 5, 1, 5, 1], 7) = 16806
N([3, 5, 1, 5, 2], 7) = 16806
N([3, 5, 1, 5, 3], 7) = 16806
N([3, 5, 1, 5, 4], 7) = 16806
N([3, 5, 1, 5, 5], 7) = 16806
N([3, 5, 1, 5, 6], 7) = 16806
N([3, 5, 1, 5, 7], 7) = 16806
N([3, 5, 1, 6, 1], 7) = 16806
N([3, 5, 1, 6, 2], 7) = 16806
N([3, 5, 1, 6, 3], 7) = 16806
N([3, 5, 1, 6, 4], 7) = 16806
N([3, 5, 1, 6, 5], 7) = 16806
N([3, 5, 1, 6, 6], 7) = 16806
N([3, 5, 1, 6, 7], 7) = 16806
N([3, 5, 1, 7, 1], 7) = 16806
N([3, 5, 1, 7, 2], 7) = 16806
N([3, 5, 1, 7, 3], 7) = 16806
N([3, 5, 1, 7, 4], 7) = 16806
N([3, 5, 1, 7, 5], 7) = 16806
N([3, 5, 1, 7, 6], 7) = 16806
N([3, 5, 1, 7, 7], 7) = 16806
N([3, 5, 2, 1, 1], 7) = 16806
N([3, 5, 2, 1, 2], 7) = 16806
N([3, 5, 2, 1, 3], 7) = 16806
N([3, 5, 2, 1, 4], 7) = 16806
N([3, 5, 2, 1, 5], 7) = 16806
N([3, 5, 2, 1, 6], 7) = 16806
N([3, 5, 2, 1, 7], 7) = 16806
N([3, 5, 2, 2, 1], 7) = 16806
N([3, 5, 2, 2, 2], 7) = 16806
N([3, 5, 2, 2, 3], 7) = 16806
N([3, 5, 2, 2, 4], 7) = 16806
N([3, 5, 2, 2, 5], 7) = 16806
N([3, 5, 2, 2, 6], 7) = 16806
N([3, 5, 2, 2, 7], 7) = 16806
N([3, 5, 2, 3, 1], 7) = 16806
N([3, 5, 2, 3, 2], 7) = 16806
N([3, 5, 2, 3, 3], 7) = 16806
N([3, 5, 2, 3, 4], 7) = 16806
N([3, 5, 2, 3, 5], 7) = 16806
N([3, 5, 2, 3, 6], 7) = 16806
N([3, 5, 2, 3, 7], 7) = 16806
N([3, 5, 2, 4, 1], 7) = 16806
N([3, 5, 2, 4, 2], 7) = 16806
N([3, 5, 2, 4, 3], 7) = 16806
N([3, 5, 2, 4, 4], 7) = 16806
N([3, 5, 2, 4, 5], 7) = 16806
N([3, 5, 2, 4, 6], 7) = 16806
N([3, 5, 2, 4, 7], 7) = 16806
N([3, 5, 2, 5, 1], 7) = 16806
N([3, 5, 2, 5, 2], 7) = 16806
N([3, 5, 2, 5, 3], 7) = 16806
N([3, 5, 2, 5, 4], 7) = 16806
N([3, 5, 2, 5, 5], 7) = 16806
N([3, 5, 2, 5, 6], 7) = 16806
N([3, 5, 2, 5, 7], 7) = 16806
N([3, 5, 2, 6, 1], 7) = 16806
N([3, 5, 2, 6, 2], 7) = 16806
N([3, 5, 2, 6, 3], 7) = 16806
N([3, 5, 2, 6, 4], 7) = 16806
N([3, 5, 2, 6, 5], 7) = 16806
N([3, 5, 2, 6, 6], 7) = 16806
N([3, 5, 2, 6, 7], 7) = 16806
N([3, 5, 2, 7, 1], 7) = 16806
N([3, 5, 2, 7, 2], 7) = 16806
N([3, 5, 2, 7, 3], 7) = 16806
N([3, 5, 2, 7, 4], 7) = 16806
N([3, 5, 2, 7, 5], 7) = 16806
N([3, 5, 2, 7, 6], 7) = 16806
N([3, 5, 2, 7, 7], 7) = 16806
N([3, 5, 3, 1, 1], 7) = 16806
N([3, 5, 3, 1, 2], 7) = 16806
N([3, 5, 3, 1, 3], 7) = 16806
N([3, 5, 3, 1, 4], 7) = 16806
N([3, 5, 3, 1, 5], 7) = 16806
N([3, 5, 3, 1, 6], 7) = 16806
N([3, 5, 3, 1, 7], 7) = 16806
N([3, 5, 3, 2, 1], 7) = 16806
N([3, 5, 3, 2, 2], 7) = 16806
N([3, 5, 3, 2, 3], 7) = 16806
N([3, 5, 3, 2, 4], 7) = 16806
N([3, 5, 3, 2, 5], 7) = 16806
N([3, 5, 3, 2, 6], 7) = 16806
N([3, 5, 3, 2, 7], 7) = 16806
N([3, 5, 3, 3, 1], 7) = 16806
N([3, 5, 3, 3, 2], 7) = 16806
N([3, 5, 3, 3, 3], 7) = 16806
N([3, 5, 3, 3, 4], 7) = 16806
N([3, 5, 3, 3, 5], 7) = 16806
N([3, 5, 3, 3, 6], 7) = 16806
N([3, 5, 3, 3, 7], 7) = 16806
N([3, 5, 3, 4, 1], 7) = 16806
N([3, 5, 3, 4, 2], 7) = 16806
N([3, 5, 3, 4, 3], 7) = 16806
N([3, 5, 3, 4, 4], 7) = 16806
N([3, 5, 3, 4, 5], 7) = 16806
N([3, 5, 3, 4, 6], 7) = 16806
N([3, 5, 3, 4, 7], 7) = 16806
N([3, 5, 3, 5, 1], 7) = 16806
N([3, 5, 3, 5, 2], 7) = 16806
N([3, 5, 3, 5, 3], 7) = 16806
N([3, 5, 3, 5, 4], 7) = 16806
N([3, 5, 3, 5, 5], 7) = 16806
N([3, 5, 3, 5, 6], 7) = 16806
N([3, 5, 3, 5, 7], 7) = 16806
N([3, 5, 3, 6, 1], 7) = 16806
N([3, 5, 3, 6, 2], 7) = 16806
N([3, 5, 3, 6, 3], 7) = 16806
N([3, 5, 3, 6, 4], 7) = 16806
N([3, 5, 3, 6, 5], 7) = 16806
N([3, 5, 3, 6, 6], 7) = 16806
N([3, 5, 3, 6, 7], 7) = 16806
N([3, 5, 3, 7, 1], 7) = 16806
N([3, 5, 3, 7, 2], 7) = 16806
N([3, 5, 3, 7, 3], 7) = 16806
N([3, 5, 3, 7, 4], 7) = 16806
N([3, 5, 3, 7, 5], 7) = 16806
N([3, 5, 3, 7, 6], 7) = 16806
N([3, 5, 3, 7, 7], 7) = 16806
N([3, 5, 4, 1, 1], 7) = 16806
N([3, 5, 4, 1, 2], 7) = 16806
N([3, 5, 4, 1, 3], 7) = 16806
N([3, 5, 4, 1, 4], 7) = 16806
N([3, 5, 4, 1, 5], 7) = 16806
N([3, 5, 4, 1, 6], 7) = 16806
N([3, 5, 4, 1, 7], 7) = 16806
N([3, 5, 4, 2, 1], 7) = 16806
N([3, 5, 4, 2, 2], 7) = 16806
N([3, 5, 4, 2, 3], 7) = 16806
N([3, 5, 4, 2, 4], 7) = 16806
N([3, 5, 4, 2, 5], 7) = 16806
N([3, 5, 4, 2, 6], 7) = 16806
N([3, 5, 4, 2, 7], 7) = 16806
N([3, 5, 4, 3, 1], 7) = 16806
N([3, 5, 4, 3, 2], 7) = 16806
N([3, 5, 4, 3, 3], 7) = 16806
N([3, 5, 4, 3, 4], 7) = 16806
N([3, 5, 4, 3, 5], 7) = 16806
N([3, 5, 4, 3, 6], 7) = 16806
N([3, 5, 4, 3, 7], 7) = 16806
N([3, 5, 4, 4, 1], 7) = 16806
N([3, 5, 4, 4, 2], 7) = 16806
N([3, 5, 4, 4, 3], 7) = 16806
N([3, 5, 4, 4, 4], 7) = 16806
N([3, 5, 4, 4, 5], 7) = 16806
N([3, 5, 4, 4, 6], 7) = 16806
N([3, 5, 4, 4, 7], 7) = 16806
N([3, 5, 4, 5, 1], 7) = 16806
N([3, 5, 4, 5, 2], 7) = 16806
N([3, 5, 4, 5, 3], 7) = 16806
N([3, 5, 4, 5, 4], 7) = 16806
N([3, 5, 4, 5, 5], 7) = 16806
N([3, 5, 4, 5, 6], 7) = 16806
N([3, 5, 4, 5, 7], 7) = 16806
N([3, 5, 4, 6, 1], 7) = 16806
N([3, 5, 4, 6, 2], 7) = 16806
N([3, 5, 4, 6, 3], 7) = 16806
N([3, 5, 4, 6, 4], 7) = 16806
N([3, 5, 4, 6, 5], 7) = 16806
N([3, 5, 4, 6, 6], 7) = 16806
N([3, 5, 4, 6, 7], 7) = 16806
N([3, 5, 4, 7, 1], 7) = 16806
N([3, 5, 4, 7, 2], 7) = 16806
N([3, 5, 4, 7, 3], 7) = 16806
N([3, 5, 4, 7, 4], 7) = 16806
N([3, 5, 4, 7, 5], 7) = 16806
N([3, 5, 4, 7, 6], 7) = 16806
N([3, 5, 4, 7, 7], 7) = 16806
N([3, 5, 5, 1, 1], 7) = 16806
N([3, 5, 5, 1, 2], 7) = 16806
N([3, 5, 5, 1, 3], 7) = 16806
N([3, 5, 5, 1, 4], 7) = 16806
N([3, 5, 5, 1, 5], 7) = 16806
N([3, 5, 5, 1, 6], 7) = 16806
N([3, 5, 5, 1, 7], 7) = 16806
N([3, 5, 5, 2, 1], 7) = 16806
N([3, 5, 5, 2, 2], 7) = 16806
N([3, 5, 5, 2, 3], 7) = 16806
N([3, 5, 5, 2, 4], 7) = 16806
N([3, 5, 5, 2, 5], 7) = 16806
N([3, 5, 5, 2, 6], 7) = 16806
N([3, 5, 5, 2, 7], 7) = 16806
N([3, 5, 5, 3, 1], 7) = 16806
N([3, 5, 5, 3, 2], 7) = 16806
N([3, 5, 5, 3, 3], 7) = 16806
N([3, 5, 5, 3, 4], 7) = 16806
N([3, 5, 5, 3, 5], 7) = 16806
N([3, 5, 5, 3, 6], 7) = 16806
N([3, 5, 5, 3, 7], 7) = 16806
N([3, 5, 5, 4, 1], 7) = 16806
N([3, 5, 5, 4, 2], 7) = 16806
N([3, 5, 5, 4, 3], 7) = 16806
N([3, 5, 5, 4, 4], 7) = 16806
N([3, 5, 5, 4, 5], 7) = 16806
N([3, 5, 5, 4, 6], 7) = 16806
N([3, 5, 5, 4, 7], 7) = 16806
N([3, 5, 5, 5, 1], 7) = 16806
N([3, 5, 5, 5, 2], 7) = 16806
N([3, 5, 5, 5, 3], 7) = 16806
N([3, 5, 5, 5, 4], 7) = 16806
N([3, 5, 5, 5, 5], 7) = 16806
N([3, 5, 5, 5, 6], 7) = 16806
N([3, 5, 5, 5, 7], 7) = 16806
N([3, 5, 5, 6, 1], 7) = 16806
N([3, 5, 5, 6, 2], 7) = 16806
N([3, 5, 5, 6, 3], 7) = 16806
N([3, 5, 5, 6, 4], 7) = 16806
N([3, 5, 5, 6, 5], 7) = 16806
N([3, 5, 5, 6, 6], 7) = 16806
N([3, 5, 5, 6, 7], 7) = 16806
N([3, 5, 5, 7, 1], 7) = 16806
N([3, 5, 5, 7, 2], 7) = 16806
N([3, 5, 5, 7, 3], 7) = 16806
N([3, 5, 5, 7, 4], 7) = 16806
N([3, 5, 5, 7, 5], 7) = 16806
N([3, 5, 5, 7, 6], 7) = 16806
N([3, 5, 5, 7, 7], 7) = 16806
N([3, 5, 6, 1, 1], 7) = 16806
N([3, 5, 6, 1, 2], 7) = 16806
N([3, 5, 6, 1, 3], 7) = 16806
N([3, 5, 6, 1, 4], 7) = 16806
N([3, 5, 6, 1, 5], 7) = 16806
N([3, 5, 6, 1, 6], 7) = 16806
N([3, 5, 6, 1, 7], 7) = 16806
N([3, 5, 6, 2, 1], 7) = 16806
N([3, 5, 6, 2, 2], 7) = 16806
N([3, 5, 6, 2, 3], 7) = 16806
N([3, 5, 6, 2, 4], 7) = 16806
N([3, 5, 6, 2, 5], 7) = 16806
N([3, 5, 6, 2, 6], 7) = 16806
N([3, 5, 6, 2, 7], 7) = 16806
N([3, 5, 6, 3, 1], 7) = 16806
N([3, 5, 6, 3, 2], 7) = 16806
N([3, 5, 6, 3, 3], 7) = 16806
N([3, 5, 6, 3, 4], 7) = 16806
N([3, 5, 6, 3, 5], 7) = 16806
N([3, 5, 6, 3, 6], 7) = 16806
N([3, 5, 6, 3, 7], 7) = 16806
N([3, 5, 6, 4, 1], 7) = 16806
N([3, 5, 6, 4, 2], 7) = 16806
N([3, 5, 6, 4, 3], 7) = 16806
N([3, 5, 6, 4, 4], 7) = 16806
N([3, 5, 6, 4, 5], 7) = 16806
N([3, 5, 6, 4, 6], 7) = 16806
N([3, 5, 6, 4, 7], 7) = 16806
N([3, 5, 6, 5, 1], 7) = 16806
N([3, 5, 6, 5, 2], 7) = 16806
N([3, 5, 6, 5, 3], 7) = 16806
N([3, 5, 6, 5, 4], 7) = 16806
N([3, 5, 6, 5, 5], 7) = 16806
N([3, 5, 6, 5, 6], 7) = 16806
N([3, 5, 6, 5, 7], 7) = 16806
N([3, 5, 6, 6, 1], 7) = 16806
N([3, 5, 6, 6, 2], 7) = 16806
N([3, 5, 6, 6, 3], 7) = 16806
N([3, 5, 6, 6, 4], 7) = 16806
N([3, 5, 6, 6, 5], 7) = 16806
N([3, 5, 6, 6, 6], 7) = 16806
N([3, 5, 6, 6, 7], 7) = 16806
N([3, 5, 6, 7, 1], 7) = 16806
N([3, 5, 6, 7, 2], 7) = 16806
N([3, 5, 6, 7, 3], 7) = 16806
N([3, 5, 6, 7, 4], 7) = 16806
N([3, 5, 6, 7, 5], 7) = 16806
N([3, 5, 6, 7, 6], 7) = 16806
N([3, 5, 6, 7, 7], 7) = 16806
N([3, 5, 7, 1, 1], 7) = 16806
N([3, 5, 7, 1, 2], 7) = 16806
N([3, 5, 7, 1, 3], 7) = 16806
N([3, 5, 7, 1, 4], 7) = 16806
N([3, 5, 7, 1, 5], 7) = 16806
N([3, 5, 7, 1, 6], 7) = 16806
N([3, 5, 7, 1, 7], 7) = 16806
N([3, 5, 7, 2, 1], 7) = 16806
N([3, 5, 7, 2, 2], 7) = 16806
N([3, 5, 7, 2, 3], 7) = 16806
N([3, 5, 7, 2, 4], 7) = 16806
N([3, 5, 7, 2, 5], 7) = 16806
N([3, 5, 7, 2, 6], 7) = 16806
N([3, 5, 7, 2, 7], 7) = 16806
N([3, 5, 7, 3, 1], 7) = 16806
N([3, 5, 7, 3, 2], 7) = 16806
N([3, 5, 7, 3, 3], 7) = 16806
N([3, 5, 7, 3, 4], 7) = 16806
N([3, 5, 7, 3, 5], 7) = 16806
N([3, 5, 7, 3, 6], 7) = 16806
N([3, 5, 7, 3, 7], 7) = 16806
N([3, 5, 7, 4, 1], 7) = 16806
N([3, 5, 7, 4, 2], 7) = 16806
N([3, 5, 7, 4, 3], 7) = 16806
N([3, 5, 7, 4, 4], 7) = 16806
N([3, 5, 7, 4, 5], 7) = 16806
N([3, 5, 7, 4, 6], 7) = 16806
N([3, 5, 7, 4, 7], 7) = 16806
N([3, 5, 7, 5, 1], 7) = 16806
N([3, 5, 7, 5, 2], 7) = 16806
N([3, 5, 7, 5, 3], 7) = 16806
N([3, 5, 7, 5, 4], 7) = 16806
N([3, 5, 7, 5, 5], 7) = 16806
N([3, 5, 7, 5, 6], 7) = 16806
N([3, 5, 7, 5, 7], 7) = 16806
N([3, 5, 7, 6, 1], 7) = 16806
N([3, 5, 7, 6, 2], 7) = 16806
N([3, 5, 7, 6, 3], 7) = 16806
N([3, 5, 7, 6, 4], 7) = 16806
N([3, 5, 7, 6, 5], 7) = 16806
N([3, 5, 7, 6, 6], 7) = 16806
N([3, 5, 7, 6, 7], 7) = 16806
N([3, 5, 7, 7, 1], 7) = 16806
N([3, 5, 7, 7, 2], 7) = 16806
N([3, 5, 7, 7, 3], 7) = 16806
N([3, 5, 7, 7, 4], 7) = 16806
N([3, 5, 7, 7, 5], 7) = 16806
N([3, 5, 7, 7, 6], 7) = 16806
N([3, 5, 7, 7, 7], 7) = 16806
N([3, 6, 1, 1, 1], 7) = 16806
N([3, 6, 1, 1, 2], 7) = 16806
N([3, 6, 1, 1, 3], 7) = 16806
N([3, 6, 1, 1, 4], 7) = 16806
N([3, 6, 1, 1, 5], 7) = 16806
N([3, 6, 1, 1, 6], 7) = 16806
N([3, 6, 1, 1, 7], 7) = 16806
N([3, 6, 1, 2, 1], 7) = 16806
N([3, 6, 1, 2, 2], 7) = 16806
N([3, 6, 1, 2, 3], 7) = 16806
N([3, 6, 1, 2, 4], 7) = 16806
N([3, 6, 1, 2, 5], 7) = 16806
N([3, 6, 1, 2, 6], 7) = 16806
N([3, 6, 1, 2, 7], 7) = 16806
N([3, 6, 1, 3, 1], 7) = 16806
N([3, 6, 1, 3, 2], 7) = 16806
N([3, 6, 1, 3, 3], 7) = 16806
N([3, 6, 1, 3, 4], 7) = 16806
N([3, 6, 1, 3, 5], 7) = 16806
N([3, 6, 1, 3, 6], 7) = 16806
N([3, 6, 1, 3, 7], 7) = 16806
N([3, 6, 1, 4, 1], 7) = 16806
N([3, 6, 1, 4, 2], 7) = 16806
N([3, 6, 1, 4, 3], 7) = 16806
N([3, 6, 1, 4, 4], 7) = 16806
N([3, 6, 1, 4, 5], 7) = 16806
N([3, 6, 1, 4, 6], 7) = 16806
N([3, 6, 1, 4, 7], 7) = 16806
N([3, 6, 1, 5, 1], 7) = 16806
N([3, 6, 1, 5, 2], 7) = 16806
N([3, 6, 1, 5, 3], 7) = 16806
N([3, 6, 1, 5, 4], 7) = 16806
N([3, 6, 1, 5, 5], 7) = 16806
N([3, 6, 1, 5, 6], 7) = 16806
N([3, 6, 1, 5, 7], 7) = 16806
N([3, 6, 1, 6, 1], 7) = 16806
N([3, 6, 1, 6, 2], 7) = 16806
N([3, 6, 1, 6, 3], 7) = 16806
N([3, 6, 1, 6, 4], 7) = 16806
N([3, 6, 1, 6, 5], 7) = 16806
N([3, 6, 1, 6, 6], 7) = 16806
N([3, 6, 1, 6, 7], 7) = 16806
N([3, 6, 1, 7, 1], 7) = 16806
N([3, 6, 1, 7, 2], 7) = 16806
N([3, 6, 1, 7, 3], 7) = 16806
N([3, 6, 1, 7, 4], 7) = 16806
N([3, 6, 1, 7, 5], 7) = 16806
N([3, 6, 1, 7, 6], 7) = 16806
N([3, 6, 1, 7, 7], 7) = 16806
N([3, 6, 2, 1, 1], 7) = 16806
N([3, 6, 2, 1, 2], 7) = 16806
N([3, 6, 2, 1, 3], 7) = 16806
N([3, 6, 2, 1, 4], 7) = 16806
N([3, 6, 2, 1, 5], 7) = 16806
N([3, 6, 2, 1, 6], 7) = 16806
N([3, 6, 2, 1, 7], 7) = 16806
N([3, 6, 2, 2, 1], 7) = 16806
N([3, 6, 2, 2, 2], 7) = 16806
N([3, 6, 2, 2, 3], 7) = 16806
N([3, 6, 2, 2, 4], 7) = 16806
N([3, 6, 2, 2, 5], 7) = 16806
N([3, 6, 2, 2, 6], 7) = 16806
N([3, 6, 2, 2, 7], 7) = 16806
N([3, 6, 2, 3, 1], 7) = 16806
N([3, 6, 2, 3, 2], 7) = 16806
N([3, 6, 2, 3, 3], 7) = 16806
N([3, 6, 2, 3, 4], 7) = 16806
N([3, 6, 2, 3, 5], 7) = 16806
N([3, 6, 2, 3, 6], 7) = 16806
N([3, 6, 2, 3, 7], 7) = 16806
N([3, 6, 2, 4, 1], 7) = 16806
N([3, 6, 2, 4, 2], 7) = 16806
N([3, 6, 2, 4, 3], 7) = 16806
N([3, 6, 2, 4, 4], 7) = 16806
N([3, 6, 2, 4, 5], 7) = 16806
N([3, 6, 2, 4, 6], 7) = 16806
N([3, 6, 2, 4, 7], 7) = 16806
N([3, 6, 2, 5, 1], 7) = 16806
N([3, 6, 2, 5, 2], 7) = 16806
N([3, 6, 2, 5, 3], 7) = 16806
N([3, 6, 2, 5, 4], 7) = 16806
N([3, 6, 2, 5, 5], 7) = 16806
N([3, 6, 2, 5, 6], 7) = 16806
N([3, 6, 2, 5, 7], 7) = 16806
N([3, 6, 2, 6, 1], 7) = 16806
N([3, 6, 2, 6, 2], 7) = 16806
N([3, 6, 2, 6, 3], 7) = 16806
N([3, 6, 2, 6, 4], 7) = 16806
N([3, 6, 2, 6, 5], 7) = 16806
N([3, 6, 2, 6, 6], 7) = 16806
N([3, 6, 2, 6, 7], 7) = 16806
N([3, 6, 2, 7, 1], 7) = 16806
N([3, 6, 2, 7, 2], 7) = 16806
N([3, 6, 2, 7, 3], 7) = 16806
N([3, 6, 2, 7, 4], 7) = 16806
N([3, 6, 2, 7, 5], 7) = 16806
N([3, 6, 2, 7, 6], 7) = 16806
N([3, 6, 2, 7, 7], 7) = 16806
N([3, 6, 3, 1, 1], 7) = 16806
N([3, 6, 3, 1, 2], 7) = 16806
N([3, 6, 3, 1, 3], 7) = 16806
N([3, 6, 3, 1, 4], 7) = 16806
N([3, 6, 3, 1, 5], 7) = 16806
N([3, 6, 3, 1, 6], 7) = 16806
N([3, 6, 3, 1, 7], 7) = 16806
N([3, 6, 3, 2, 1], 7) = 16806
N([3, 6, 3, 2, 2], 7) = 16806
N([3, 6, 3, 2, 3], 7) = 16806
N([3, 6, 3, 2, 4], 7) = 16806
N([3, 6, 3, 2, 5], 7) = 16806
N([3, 6, 3, 2, 6], 7) = 16806
N([3, 6, 3, 2, 7], 7) = 16806
N([3, 6, 3, 3, 1], 7) = 16806
N([3, 6, 3, 3, 2], 7) = 16806
N([3, 6, 3, 3, 3], 7) = 16806
N([3, 6, 3, 3, 4], 7) = 16806
N([3, 6, 3, 3, 5], 7) = 16806
N([3, 6, 3, 3, 6], 7) = 16806
N([3, 6, 3, 3, 7], 7) = 16806
N([3, 6, 3, 4, 1], 7) = 16806
N([3, 6, 3, 4, 2], 7) = 16806
N([3, 6, 3, 4, 3], 7) = 16806
N([3, 6, 3, 4, 4], 7) = 16806
N([3, 6, 3, 4, 5], 7) = 16806
N([3, 6, 3, 4, 6], 7) = 16806
N([3, 6, 3, 4, 7], 7) = 16806
N([3, 6, 3, 5, 1], 7) = 16806
N([3, 6, 3, 5, 2], 7) = 16806
N([3, 6, 3, 5, 3], 7) = 16806
N([3, 6, 3, 5, 4], 7) = 16806
N([3, 6, 3, 5, 5], 7) = 16806
N([3, 6, 3, 5, 6], 7) = 16806
N([3, 6, 3, 5, 7], 7) = 16806
N([3, 6, 3, 6, 1], 7) = 16806
N([3, 6, 3, 6, 2], 7) = 16806
N([3, 6, 3, 6, 3], 7) = 16806
N([3, 6, 3, 6, 4], 7) = 16806
N([3, 6, 3, 6, 5], 7) = 16806
N([3, 6, 3, 6, 6], 7) = 16806
N([3, 6, 3, 6, 7], 7) = 16806
N([3, 6, 3, 7, 1], 7) = 16806
N([3, 6, 3, 7, 2], 7) = 16806
N([3, 6, 3, 7, 3], 7) = 16806
N([3, 6, 3, 7, 4], 7) = 16806
N([3, 6, 3, 7, 5], 7) = 16806
N([3, 6, 3, 7, 6], 7) = 16806
N([3, 6, 3, 7, 7], 7) = 16806
N([3, 6, 4, 1, 1], 7) = 16806
N([3, 6, 4, 1, 2], 7) = 16806
N([3, 6, 4, 1, 3], 7) = 16806
N([3, 6, 4, 1, 4], 7) = 16806
N([3, 6, 4, 1, 5], 7) = 16806
N([3, 6, 4, 1, 6], 7) = 16806
N([3, 6, 4, 1, 7], 7) = 16806
N([3, 6, 4, 2, 1], 7) = 16806
N([3, 6, 4, 2, 2], 7) = 16806
N([3, 6, 4, 2, 3], 7) = 16806
N([3, 6, 4, 2, 4], 7) = 16806
N([3, 6, 4, 2, 5], 7) = 16806
N([3, 6, 4, 2, 6], 7) = 16806
N([3, 6, 4, 2, 7], 7) = 16806
N([3, 6, 4, 3, 1], 7) = 16806
N([3, 6, 4, 3, 2], 7) = 16806
N([3, 6, 4, 3, 3], 7) = 16806
N([3, 6, 4, 3, 4], 7) = 16806
N([3, 6, 4, 3, 5], 7) = 16806
N([3, 6, 4, 3, 6], 7) = 16806
N([3, 6, 4, 3, 7], 7) = 16806
N([3, 6, 4, 4, 1], 7) = 16806
N([3, 6, 4, 4, 2], 7) = 16806
N([3, 6, 4, 4, 3], 7) = 16806
N([3, 6, 4, 4, 4], 7) = 16806
N([3, 6, 4, 4, 5], 7) = 16806
N([3, 6, 4, 4, 6], 7) = 16806
N([3, 6, 4, 4, 7], 7) = 16806
N([3, 6, 4, 5, 1], 7) = 16806
N([3, 6, 4, 5, 2], 7) = 16806
N([3, 6, 4, 5, 3], 7) = 16806
N([3, 6, 4, 5, 4], 7) = 16806
N([3, 6, 4, 5, 5], 7) = 16806
N([3, 6, 4, 5, 6], 7) = 16806
N([3, 6, 4, 5, 7], 7) = 16806
N([3, 6, 4, 6, 1], 7) = 16806
N([3, 6, 4, 6, 2], 7) = 16806
N([3, 6, 4, 6, 3], 7) = 16806
N([3, 6, 4, 6, 4], 7) = 16806
N([3, 6, 4, 6, 5], 7) = 16806
N([3, 6, 4, 6, 6], 7) = 16806
N([3, 6, 4, 6, 7], 7) = 16806
N([3, 6, 4, 7, 1], 7) = 16806
N([3, 6, 4, 7, 2], 7) = 16806
N([3, 6, 4, 7, 3], 7) = 16806
N([3, 6, 4, 7, 4], 7) = 16806
N([3, 6, 4, 7, 5], 7) = 16806
N([3, 6, 4, 7, 6], 7) = 16806
N([3, 6, 4, 7, 7], 7) = 16806
N([3, 6, 5, 1, 1], 7) = 16806
N([3, 6, 5, 1, 2], 7) = 16806
N([3, 6, 5, 1, 3], 7) = 16806
N([3, 6, 5, 1, 4], 7) = 16806
N([3, 6, 5, 1, 5], 7) = 16806
N([3, 6, 5, 1, 6], 7) = 16806
N([3, 6, 5, 1, 7], 7) = 16806
N([3, 6, 5, 2, 1], 7) = 16806
N([3, 6, 5, 2, 2], 7) = 16806
N([3, 6, 5, 2, 3], 7) = 16806
N([3, 6, 5, 2, 4], 7) = 16806
N([3, 6, 5, 2, 5], 7) = 16806
N([3, 6, 5, 2, 6], 7) = 16806
N([3, 6, 5, 2, 7], 7) = 16806
N([3, 6, 5, 3, 1], 7) = 16806
N([3, 6, 5, 3, 2], 7) = 16806
N([3, 6, 5, 3, 3], 7) = 16806
N([3, 6, 5, 3, 4], 7) = 16806
N([3, 6, 5, 3, 5], 7) = 16806
N([3, 6, 5, 3, 6], 7) = 16806
N([3, 6, 5, 3, 7], 7) = 16806
N([3, 6, 5, 4, 1], 7) = 16806
N([3, 6, 5, 4, 2], 7) = 16806
N([3, 6, 5, 4, 3], 7) = 16806
N([3, 6, 5, 4, 4], 7) = 16806
N([3, 6, 5, 4, 5], 7) = 16806
N([3, 6, 5, 4, 6], 7) = 16806
N([3, 6, 5, 4, 7], 7) = 16806
N([3, 6, 5, 5, 1], 7) = 16806
N([3, 6, 5, 5, 2], 7) = 16806
N([3, 6, 5, 5, 3], 7) = 16806
N([3, 6, 5, 5, 4], 7) = 16806
N([3, 6, 5, 5, 5], 7) = 16806
N([3, 6, 5, 5, 6], 7) = 16806
N([3, 6, 5, 5, 7], 7) = 16806
N([3, 6, 5, 6, 1], 7) = 16806
N([3, 6, 5, 6, 2], 7) = 16806
N([3, 6, 5, 6, 3], 7) = 16806
N([3, 6, 5, 6, 4], 7) = 16806
N([3, 6, 5, 6, 5], 7) = 16806
N([3, 6, 5, 6, 6], 7) = 16806
N([3, 6, 5, 6, 7], 7) = 16806
N([3, 6, 5, 7, 1], 7) = 16806
N([3, 6, 5, 7, 2], 7) = 16806
N([3, 6, 5, 7, 3], 7) = 16806
N([3, 6, 5, 7, 4], 7) = 16806
N([3, 6, 5, 7, 5], 7) = 16806
N([3, 6, 5, 7, 6], 7) = 16806
N([3, 6, 5, 7, 7], 7) = 16806
N([3, 6, 6, 1, 1], 7) = 16806
N([3, 6, 6, 1, 2], 7) = 16806
N([3, 6, 6, 1, 3], 7) = 16806
N([3, 6, 6, 1, 4], 7) = 16806
N([3, 6, 6, 1, 5], 7) = 16806
N([3, 6, 6, 1, 6], 7) = 16806
N([3, 6, 6, 1, 7], 7) = 16806
N([3, 6, 6, 2, 1], 7) = 16806
N([3, 6, 6, 2, 2], 7) = 16806
N([3, 6, 6, 2, 3], 7) = 16806
N([3, 6, 6, 2, 4], 7) = 16806
N([3, 6, 6, 2, 5], 7) = 16806
N([3, 6, 6, 2, 6], 7) = 16806
N([3, 6, 6, 2, 7], 7) = 16806
N([3, 6, 6, 3, 1], 7) = 16806
N([3, 6, 6, 3, 2], 7) = 16806
N([3, 6, 6, 3, 3], 7) = 16806
N([3, 6, 6, 3, 4], 7) = 16806
N([3, 6, 6, 3, 5], 7) = 16806
N([3, 6, 6, 3, 6], 7) = 16806
N([3, 6, 6, 3, 7], 7) = 16806
N([3, 6, 6, 4, 1], 7) = 16806
N([3, 6, 6, 4, 2], 7) = 16806
N([3, 6, 6, 4, 3], 7) = 16806
N([3, 6, 6, 4, 4], 7) = 16806
N([3, 6, 6, 4, 5], 7) = 16806
N([3, 6, 6, 4, 6], 7) = 16806
N([3, 6, 6, 4, 7], 7) = 16806
N([3, 6, 6, 5, 1], 7) = 16806
N([3, 6, 6, 5, 2], 7) = 16806
N([3, 6, 6, 5, 3], 7) = 16806
N([3, 6, 6, 5, 4], 7) = 16806
N([3, 6, 6, 5, 5], 7) = 16806
N([3, 6, 6, 5, 6], 7) = 16806
N([3, 6, 6, 5, 7], 7) = 16806
N([3, 6, 6, 6, 1], 7) = 16806
N([3, 6, 6, 6, 2], 7) = 16806
N([3, 6, 6, 6, 3], 7) = 16806
N([3, 6, 6, 6, 4], 7) = 16806
N([3, 6, 6, 6, 5], 7) = 16806
N([3, 6, 6, 6, 6], 7) = 16806
N([3, 6, 6, 6, 7], 7) = 16806
N([3, 6, 6, 7, 1], 7) = 16806
N([3, 6, 6, 7, 2], 7) = 16806
N([3, 6, 6, 7, 3], 7) = 16806
N([3, 6, 6, 7, 4], 7) = 16806
N([3, 6, 6, 7, 5], 7) = 16806
N([3, 6, 6, 7, 6], 7) = 16806
N([3, 6, 6, 7, 7], 7) = 16806
N([3, 6, 7, 1, 1], 7) = 16806
N([3, 6, 7, 1, 2], 7) = 16806
N([3, 6, 7, 1, 3], 7) = 16806
N([3, 6, 7, 1, 4], 7) = 16806
N([3, 6, 7, 1, 5], 7) = 16806
N([3, 6, 7, 1, 6], 7) = 16806
N([3, 6, 7, 1, 7], 7) = 16806
N([3, 6, 7, 2, 1], 7) = 16806
N([3, 6, 7, 2, 2], 7) = 16806
N([3, 6, 7, 2, 3], 7) = 16806
N([3, 6, 7, 2, 4], 7) = 16806
N([3, 6, 7, 2, 5], 7) = 16806
N([3, 6, 7, 2, 6], 7) = 16806
N([3, 6, 7, 2, 7], 7) = 16806
N([3, 6, 7, 3, 1], 7) = 16806
N([3, 6, 7, 3, 2], 7) = 16806
N([3, 6, 7, 3, 3], 7) = 16806
N([3, 6, 7, 3, 4], 7) = 16806
N([3, 6, 7, 3, 5], 7) = 16806
N([3, 6, 7, 3, 6], 7) = 16806
N([3, 6, 7, 3, 7], 7) = 16806
N([3, 6, 7, 4, 1], 7) = 16806
N([3, 6, 7, 4, 2], 7) = 16806
N([3, 6, 7, 4, 3], 7) = 16806
N([3, 6, 7, 4, 4], 7) = 16806
N([3, 6, 7, 4, 5], 7) = 16806
N([3, 6, 7, 4, 6], 7) = 16806
N([3, 6, 7, 4, 7], 7) = 16806
N([3, 6, 7, 5, 1], 7) = 16806
N([3, 6, 7, 5, 2], 7) = 16806
N([3, 6, 7, 5, 3], 7) = 16806
N([3, 6, 7, 5, 4], 7) = 16806
N([3, 6, 7, 5, 5], 7) = 16806
N([3, 6, 7, 5, 6], 7) = 16806
N([3, 6, 7, 5, 7], 7) = 16806
N([3, 6, 7, 6, 1], 7) = 16806
N([3, 6, 7, 6, 2], 7) = 16806
N([3, 6, 7, 6, 3], 7) = 16806
N([3, 6, 7, 6, 4], 7) = 16806
N([3, 6, 7, 6, 5], 7) = 16806
N([3, 6, 7, 6, 6], 7) = 16806
N([3, 6, 7, 6, 7], 7) = 16806
N([3, 6, 7, 7, 1], 7) = 16806
N([3, 6, 7, 7, 2], 7) = 16806
N([3, 6, 7, 7, 3], 7) = 16806
N([3, 6, 7, 7, 4], 7) = 16806
N([3, 6, 7, 7, 5], 7) = 16806
N([3, 6, 7, 7, 6], 7) = 16806
N([3, 6, 7, 7, 7], 7) = 16806
N([3, 7, 1, 1, 1], 7) = 16806
N([3, 7, 1, 1, 2], 7) = 16806
N([3, 7, 1, 1, 3], 7) = 16806
N([3, 7, 1, 1, 4], 7) = 16806
N([3, 7, 1, 1, 5], 7) = 16806
N([3, 7, 1, 1, 6], 7) = 16806
N([3, 7, 1, 1, 7], 7) = 16806
N([3, 7, 1, 2, 1], 7) = 16806
N([3, 7, 1, 2, 2], 7) = 16806
N([3, 7, 1, 2, 3], 7) = 16806
N([3, 7, 1, 2, 4], 7) = 16806
N([3, 7, 1, 2, 5], 7) = 16806
N([3, 7, 1, 2, 6], 7) = 16806
N([3, 7, 1, 2, 7], 7) = 16806
N([3, 7, 1, 3, 1], 7) = 16806
N([3, 7, 1, 3, 2], 7) = 16806
N([3, 7, 1, 3, 3], 7) = 16806
N([3, 7, 1, 3, 4], 7) = 16806
N([3, 7, 1, 3, 5], 7) = 16806
N([3, 7, 1, 3, 6], 7) = 16806
N([3, 7, 1, 3, 7], 7) = 16806
N([3, 7, 1, 4, 1], 7) = 16806
N([3, 7, 1, 4, 2], 7) = 16806
N([3, 7, 1, 4, 3], 7) = 16806
N([3, 7, 1, 4, 4], 7) = 16806
N([3, 7, 1, 4, 5], 7) = 16806
N([3, 7, 1, 4, 6], 7) = 16806
N([3, 7, 1, 4, 7], 7) = 16806
N([3, 7, 1, 5, 1], 7) = 16806
N([3, 7, 1, 5, 2], 7) = 16806
N([3, 7, 1, 5, 3], 7) = 16806
N([3, 7, 1, 5, 4], 7) = 16806
N([3, 7, 1, 5, 5], 7) = 16806
N([3, 7, 1, 5, 6], 7) = 16806
N([3, 7, 1, 5, 7], 7) = 16806
N([3, 7, 1, 6, 1], 7) = 16806
N([3, 7, 1, 6, 2], 7) = 16806
N([3, 7, 1, 6, 3], 7) = 16806
N([3, 7, 1, 6, 4], 7) = 16806
N([3, 7, 1, 6, 5], 7) = 16806
N([3, 7, 1, 6, 6], 7) = 16806
N([3, 7, 1, 6, 7], 7) = 16806
N([3, 7, 1, 7, 1], 7) = 16806
N([3, 7, 1, 7, 2], 7) = 16806
N([3, 7, 1, 7, 3], 7) = 16806
N([3, 7, 1, 7, 4], 7) = 16806
N([3, 7, 1, 7, 5], 7) = 16806
N([3, 7, 1, 7, 6], 7) = 16806
N([3, 7, 1, 7, 7], 7) = 16806
N([3, 7, 2, 1, 1], 7) = 16806
N([3, 7, 2, 1, 2], 7) = 16806
N([3, 7, 2, 1, 3], 7) = 16806
N([3, 7, 2, 1, 4], 7) = 16806
N([3, 7, 2, 1, 5], 7) = 16806
N([3, 7, 2, 1, 6], 7) = 16806
N([3, 7, 2, 1, 7], 7) = 16806
N([3, 7, 2, 2, 1], 7) = 16806
N([3, 7, 2, 2, 2], 7) = 16806
N([3, 7, 2, 2, 3], 7) = 16806
N([3, 7, 2, 2, 4], 7) = 16806
N([3, 7, 2, 2, 5], 7) = 16806
N([3, 7, 2, 2, 6], 7) = 16806
N([3, 7, 2, 2, 7], 7) = 16806
N([3, 7, 2, 3, 1], 7) = 16806
N([3, 7, 2, 3, 2], 7) = 16806
N([3, 7, 2, 3, 3], 7) = 16806
N([3, 7, 2, 3, 4], 7) = 16806
N([3, 7, 2, 3, 5], 7) = 16806
N([3, 7, 2, 3, 6], 7) = 16806
N([3, 7, 2, 3, 7], 7) = 16806
N([3, 7, 2, 4, 1], 7) = 16806
N([3, 7, 2, 4, 2], 7) = 16806
N([3, 7, 2, 4, 3], 7) = 16806
N([3, 7, 2, 4, 4], 7) = 16806
N([3, 7, 2, 4, 5], 7) = 16806
N([3, 7, 2, 4, 6], 7) = 16806
N([3, 7, 2, 4, 7], 7) = 16806
N([3, 7, 2, 5, 1], 7) = 16806
N([3, 7, 2, 5, 2], 7) = 16806
N([3, 7, 2, 5, 3], 7) = 16806
N([3, 7, 2, 5, 4], 7) = 16806
N([3, 7, 2, 5, 5], 7) = 16806
N([3, 7, 2, 5, 6], 7) = 16806
N([3, 7, 2, 5, 7], 7) = 16806
N([3, 7, 2, 6, 1], 7) = 16806
N([3, 7, 2, 6, 2], 7) = 16806
N([3, 7, 2, 6, 3], 7) = 16806
N([3, 7, 2, 6, 4], 7) = 16806
N([3, 7, 2, 6, 5], 7) = 16806
N([3, 7, 2, 6, 6], 7) = 16806
N([3, 7, 2, 6, 7], 7) = 16806
N([3, 7, 2, 7, 1], 7) = 16806
N([3, 7, 2, 7, 2], 7) = 16806
N([3, 7, 2, 7, 3], 7) = 16806
N([3, 7, 2, 7, 4], 7) = 16806
N([3, 7, 2, 7, 5], 7) = 16806
N([3, 7, 2, 7, 6], 7) = 16806
N([3, 7, 2, 7, 7], 7) = 16806
N([3, 7, 3, 1, 1], 7) = 16806
N([3, 7, 3, 1, 2], 7) = 16806
N([3, 7, 3, 1, 3], 7) = 16806
N([3, 7, 3, 1, 4], 7) = 16806
N([3, 7, 3, 1, 5], 7) = 16806
N([3, 7, 3, 1, 6], 7) = 16806
N([3, 7, 3, 1, 7], 7) = 16806
N([3, 7, 3, 2, 1], 7) = 16806
N([3, 7, 3, 2, 2], 7) = 16806
N([3, 7, 3, 2, 3], 7) = 16806
N([3, 7, 3, 2, 4], 7) = 16806
N([3, 7, 3, 2, 5], 7) = 16806
N([3, 7, 3, 2, 6], 7) = 16806
N([3, 7, 3, 2, 7], 7) = 16806
N([3, 7, 3, 3, 1], 7) = 16806
N([3, 7, 3, 3, 2], 7) = 16806
N([3, 7, 3, 3, 3], 7) = 16806
N([3, 7, 3, 3, 4], 7) = 16806
N([3, 7, 3, 3, 5], 7) = 16806
N([3, 7, 3, 3, 6], 7) = 16806
N([3, 7, 3, 3, 7], 7) = 16806
N([3, 7, 3, 4, 1], 7) = 16806
N([3, 7, 3, 4, 2], 7) = 16806
N([3, 7, 3, 4, 3], 7) = 16806
N([3, 7, 3, 4, 4], 7) = 16806
N([3, 7, 3, 4, 5], 7) = 16806
N([3, 7, 3, 4, 6], 7) = 16806
N([3, 7, 3, 4, 7], 7) = 16806
N([3, 7, 3, 5, 1], 7) = 16806
N([3, 7, 3, 5, 2], 7) = 16806
N([3, 7, 3, 5, 3], 7) = 16806
N([3, 7, 3, 5, 4], 7) = 16806
N([3, 7, 3, 5, 5], 7) = 16806
N([3, 7, 3, 5, 6], 7) = 16806
N([3, 7, 3, 5, 7], 7) = 16806
N([3, 7, 3, 6, 1], 7) = 16806
N([3, 7, 3, 6, 2], 7) = 16806
N([3, 7, 3, 6, 3], 7) = 16806
N([3, 7, 3, 6, 4], 7) = 16806
N([3, 7, 3, 6, 5], 7) = 16806
N([3, 7, 3, 6, 6], 7) = 16806
N([3, 7, 3, 6, 7], 7) = 16806
N([3, 7, 3, 7, 1], 7) = 16806
N([3, 7, 3, 7, 2], 7) = 16806
N([3, 7, 3, 7, 3], 7) = 16806
N([3, 7, 3, 7, 4], 7) = 16806
N([3, 7, 3, 7, 5], 7) = 16806
N([3, 7, 3, 7, 6], 7) = 16806
N([3, 7, 3, 7, 7], 7) = 16806
N([3, 7, 4, 1, 1], 7) = 16806
N([3, 7, 4, 1, 2], 7) = 16806
N([3, 7, 4, 1, 3], 7) = 16806
N([3, 7, 4, 1, 4], 7) = 16806
N([3, 7, 4, 1, 5], 7) = 16806
N([3, 7, 4, 1, 6], 7) = 16806
N([3, 7, 4, 1, 7], 7) = 16806
N([3, 7, 4, 2, 1], 7) = 16806
N([3, 7, 4, 2, 2], 7) = 16806
N([3, 7, 4, 2, 3], 7) = 16806
N([3, 7, 4, 2, 4], 7) = 16806
N([3, 7, 4, 2, 5], 7) = 16806
N([3, 7, 4, 2, 6], 7) = 16806
N([3, 7, 4, 2, 7], 7) = 16806
N([3, 7, 4, 3, 1], 7) = 16806
N([3, 7, 4, 3, 2], 7) = 16806
N([3, 7, 4, 3, 3], 7) = 16806
N([3, 7, 4, 3, 4], 7) = 16806
N([3, 7, 4, 3, 5], 7) = 16806
N([3, 7, 4, 3, 6], 7) = 16806
N([3, 7, 4, 3, 7], 7) = 16806
N([3, 7, 4, 4, 1], 7) = 16806
N([3, 7, 4, 4, 2], 7) = 16806
N([3, 7, 4, 4, 3], 7) = 16806
N([3, 7, 4, 4, 4], 7) = 16806
N([3, 7, 4, 4, 5], 7) = 16806
N([3, 7, 4, 4, 6], 7) = 16806
N([3, 7, 4, 4, 7], 7) = 16806
N([3, 7, 4, 5, 1], 7) = 16806
N([3, 7, 4, 5, 2], 7) = 16806
N([3, 7, 4, 5, 3], 7) = 16806
N([3, 7, 4, 5, 4], 7) = 16806
N([3, 7, 4, 5, 5], 7) = 16806
N([3, 7, 4, 5, 6], 7) = 16806
N([3, 7, 4, 5, 7], 7) = 16806
N([3, 7, 4, 6, 1], 7) = 16806
N([3, 7, 4, 6, 2], 7) = 16806
N([3, 7, 4, 6, 3], 7) = 16806
N([3, 7, 4, 6, 4], 7) = 16806
N([3, 7, 4, 6, 5], 7) = 16806
N([3, 7, 4, 6, 6], 7) = 16806
N([3, 7, 4, 6, 7], 7) = 16806
N([3, 7, 4, 7, 1], 7) = 16806
N([3, 7, 4, 7, 2], 7) = 16806
N([3, 7, 4, 7, 3], 7) = 16806
N([3, 7, 4, 7, 4], 7) = 16806
N([3, 7, 4, 7, 5], 7) = 16806
N([3, 7, 4, 7, 6], 7) = 16806
N([3, 7, 4, 7, 7], 7) = 16806
N([3, 7, 5, 1, 1], 7) = 16806
N([3, 7, 5, 1, 2], 7) = 16806
N([3, 7, 5, 1, 3], 7) = 16806
N([3, 7, 5, 1, 4], 7) = 16806
N([3, 7, 5, 1, 5], 7) = 16806
N([3, 7, 5, 1, 6], 7) = 16806
N([3, 7, 5, 1, 7], 7) = 16806
N([3, 7, 5, 2, 1], 7) = 16806
N([3, 7, 5, 2, 2], 7) = 16806
N([3, 7, 5, 2, 3], 7) = 16806
N([3, 7, 5, 2, 4], 7) = 16806
N([3, 7, 5, 2, 5], 7) = 16806
N([3, 7, 5, 2, 6], 7) = 16806
N([3, 7, 5, 2, 7], 7) = 16806
N([3, 7, 5, 3, 1], 7) = 16806
N([3, 7, 5, 3, 2], 7) = 16806
N([3, 7, 5, 3, 3], 7) = 16806
N([3, 7, 5, 3, 4], 7) = 16806
N([3, 7, 5, 3, 5], 7) = 16806
N([3, 7, 5, 3, 6], 7) = 16806
N([3, 7, 5, 3, 7], 7) = 16806
N([3, 7, 5, 4, 1], 7) = 16806
N([3, 7, 5, 4, 2], 7) = 16806
N([3, 7, 5, 4, 3], 7) = 16806
N([3, 7, 5, 4, 4], 7) = 16806
N([3, 7, 5, 4, 5], 7) = 16806
N([3, 7, 5, 4, 6], 7) = 16806
N([3, 7, 5, 4, 7], 7) = 16806
N([3, 7, 5, 5, 1], 7) = 16806
N([3, 7, 5, 5, 2], 7) = 16806
N([3, 7, 5, 5, 3], 7) = 16806
N([3, 7, 5, 5, 4], 7) = 16806
N([3, 7, 5, 5, 5], 7) = 16806
N([3, 7, 5, 5, 6], 7) = 16806
N([3, 7, 5, 5, 7], 7) = 16806
N([3, 7, 5, 6, 1], 7) = 16806
N([3, 7, 5, 6, 2], 7) = 16806
N([3, 7, 5, 6, 3], 7) = 16806
N([3, 7, 5, 6, 4], 7) = 16806
N([3, 7, 5, 6, 5], 7) = 16806
N([3, 7, 5, 6, 6], 7) = 16806
N([3, 7, 5, 6, 7], 7) = 16806
N([3, 7, 5, 7, 1], 7) = 16806
N([3, 7, 5, 7, 2], 7) = 16806
N([3, 7, 5, 7, 3], 7) = 16806
N([3, 7, 5, 7, 4], 7) = 16806
N([3, 7, 5, 7, 5], 7) = 16806
N([3, 7, 5, 7, 6], 7) = 16806
N([3, 7, 5, 7, 7], 7) = 16806
N([3, 7, 6, 1, 1], 7) = 16806
N([3, 7, 6, 1, 2], 7) = 16806
N([3, 7, 6, 1, 3], 7) = 16806
N([3, 7, 6, 1, 4], 7) = 16806
N([3, 7, 6, 1, 5], 7) = 16806
N([3, 7, 6, 1, 6], 7) = 16806
N([3, 7, 6, 1, 7], 7) = 16806
N([3, 7, 6, 2, 1], 7) = 16806
N([3, 7, 6, 2, 2], 7) = 16806
N([3, 7, 6, 2, 3], 7) = 16806
N([3, 7, 6, 2, 4], 7) = 16806
N([3, 7, 6, 2, 5], 7) = 16806
N([3, 7, 6, 2, 6], 7) = 16806
N([3, 7, 6, 2, 7], 7) = 16806
N([3, 7, 6, 3, 1], 7) = 16806
N([3, 7, 6, 3, 2], 7) = 16806
N([3, 7, 6, 3, 3], 7) = 16806
N([3, 7, 6, 3, 4], 7) = 16806
N([3, 7, 6, 3, 5], 7) = 16806
N([3, 7, 6, 3, 6], 7) = 16806
N([3, 7, 6, 3, 7], 7) = 16806
N([3, 7, 6, 4, 1], 7) = 16806
N([3, 7, 6, 4, 2], 7) = 16806
N([3, 7, 6, 4, 3], 7) = 16806
N([3, 7, 6, 4, 4], 7) = 16806
N([3, 7, 6, 4, 5], 7) = 16806
N([3, 7, 6, 4, 6], 7) = 16806
N([3, 7, 6, 4, 7], 7) = 16806
N([3, 7, 6, 5, 1], 7) = 16806
N([3, 7, 6, 5, 2], 7) = 16806
N([3, 7, 6, 5, 3], 7) = 16806
N([3, 7, 6, 5, 4], 7) = 16806
N([3, 7, 6, 5, 5], 7) = 16806
N([3, 7, 6, 5, 6], 7) = 16806
N([3, 7, 6, 5, 7], 7) = 16806
N([3, 7, 6, 6, 1], 7) = 16806
N([3, 7, 6, 6, 2], 7) = 16806
N([3, 7, 6, 6, 3], 7) = 16806
N([3, 7, 6, 6, 4], 7) = 16806
N([3, 7, 6, 6, 5], 7) = 16806
N([3, 7, 6, 6, 6], 7) = 16806
N([3, 7, 6, 6, 7], 7) = 16806
N([3, 7, 6, 7, 1], 7) = 16806
N([3, 7, 6, 7, 2], 7) = 16806
N([3, 7, 6, 7, 3], 7) = 16806
N([3, 7, 6, 7, 4], 7) = 16806
N([3, 7, 6, 7, 5], 7) = 16806
N([3, 7, 6, 7, 6], 7) = 16806
N([3, 7, 6, 7, 7], 7) = 16806
N([3, 7, 7, 1, 1], 7) = 16806
N([3, 7, 7, 1, 2], 7) = 16806
N([3, 7, 7, 1, 3], 7) = 16806
N([3, 7, 7, 1, 4], 7) = 16806
N([3, 7, 7, 1, 5], 7) = 16806
N([3, 7, 7, 1, 6], 7) = 16806
N([3, 7, 7, 1, 7], 7) = 16806
N([3, 7, 7, 2, 1], 7) = 16806
N([3, 7, 7, 2, 2], 7) = 16806
N([3, 7, 7, 2, 3], 7) = 16806
N([3, 7, 7, 2, 4], 7) = 16806
N([3, 7, 7, 2, 5], 7) = 16806
N([3, 7, 7, 2, 6], 7) = 16806
N([3, 7, 7, 2, 7], 7) = 16806
N([3, 7, 7, 3, 1], 7) = 16806
N([3, 7, 7, 3, 2], 7) = 16806
N([3, 7, 7, 3, 3], 7) = 16806
N([3, 7, 7, 3, 4], 7) = 16806
N([3, 7, 7, 3, 5], 7) = 16806
N([3, 7, 7, 3, 6], 7) = 16806
N([3, 7, 7, 3, 7], 7) = 16806
N([3, 7, 7, 4, 1], 7) = 16806
N([3, 7, 7, 4, 2], 7) = 16806
N([3, 7, 7, 4, 3], 7) = 16806
N([3, 7, 7, 4, 4], 7) = 16806
N([3, 7, 7, 4, 5], 7) = 16806
N([3, 7, 7, 4, 6], 7) = 16806
N([3, 7, 7, 4, 7], 7) = 16806
N([3, 7, 7, 5, 1], 7) = 16806
N([3, 7, 7, 5, 2], 7) = 16806
N([3, 7, 7, 5, 3], 7) = 16806
N([3, 7, 7, 5, 4], 7) = 16806
N([3, 7, 7, 5, 5], 7) = 16806
N([3, 7, 7, 5, 6], 7) = 16806
N([3, 7, 7, 5, 7], 7) = 16806
N([3, 7, 7, 6, 1], 7) = 16806
N([3, 7, 7, 6, 2], 7) = 16806
N([3, 7, 7, 6, 3], 7) = 16806
N([3, 7, 7, 6, 4], 7) = 16806
N([3, 7, 7, 6, 5], 7) = 16806
N([3, 7, 7, 6, 6], 7) = 16806
N([3, 7, 7, 6, 7], 7) = 16806
N([3, 7, 7, 7, 1], 7) = 16806
N([3, 7, 7, 7, 2], 7) = 16806
N([3, 7, 7, 7, 3], 7) = 16806
N([3, 7, 7, 7, 4], 7) = 16806
N([3, 7, 7, 7, 5], 7) = 16806
N([3, 7, 7, 7, 6], 7) = 16806
N([3, 7, 7, 7, 7], 7) = 16806
N([4, 1, 1, 1, 1], 7) = 16806
N([4, 1, 1, 1, 2], 7) = 16806
N([4, 1, 1, 1, 3], 7) = 16806
N([4, 1, 1, 1, 4], 7) = 16806
N([4, 1, 1, 1, 5], 7) = 16806
N([4, 1, 1, 1, 6], 7) = 16806
N([4, 1, 1, 1, 7], 7) = 16806
N([4, 1, 1, 2, 1], 7) = 16806
N([4, 1, 1, 2, 2], 7) = 16806
N([4, 1, 1, 2, 3], 7) = 16806
N([4, 1, 1, 2, 4], 7) = 16806
N([4, 1, 1, 2, 5], 7) = 16806
N([4, 1, 1, 2, 6], 7) = 16806
N([4, 1, 1, 2, 7], 7) = 16806
N([4, 1, 1, 3, 1], 7) = 16806
N([4, 1, 1, 3, 2], 7) = 16806
N([4, 1, 1, 3, 3], 7) = 16806
N([4, 1, 1, 3, 4], 7) = 16806
N([4, 1, 1, 3, 5], 7) = 16806
N([4, 1, 1, 3, 6], 7) = 16806
N([4, 1, 1, 3, 7], 7) = 16806
N([4, 1, 1, 4, 1], 7) = 16806
N([4, 1, 1, 4, 2], 7) = 16806
N([4, 1, 1, 4, 3], 7) = 16806
N([4, 1, 1, 4, 4], 7) = 16806
N([4, 1, 1, 4, 5], 7) = 16806
N([4, 1, 1, 4, 6], 7) = 16806
N([4, 1, 1, 4, 7], 7) = 16806
N([4, 1, 1, 5, 1], 7) = 16806
N([4, 1, 1, 5, 2], 7) = 16806
N([4, 1, 1, 5, 3], 7) = 16806
N([4, 1, 1, 5, 4], 7) = 16806
N([4, 1, 1, 5, 5], 7) = 16806
N([4, 1, 1, 5, 6], 7) = 16806
N([4, 1, 1, 5, 7], 7) = 16806
N([4, 1, 1, 6, 1], 7) = 16806
N([4, 1, 1, 6, 2], 7) = 16806
N([4, 1, 1, 6, 3], 7) = 16806
N([4, 1, 1, 6, 4], 7) = 16806
N([4, 1, 1, 6, 5], 7) = 16806
N([4, 1, 1, 6, 6], 7) = 16806
N([4, 1, 1, 6, 7], 7) = 16806
N([4, 1, 1, 7, 1], 7) = 16806
N([4, 1, 1, 7, 2], 7) = 16806
N([4, 1, 1, 7, 3], 7) = 16806
N([4, 1, 1, 7, 4], 7) = 16806
N([4, 1, 1, 7, 5], 7) = 16806
N([4, 1, 1, 7, 6], 7) = 16806
N([4, 1, 1, 7, 7], 7) = 16806
N([4, 1, 2, 1, 1], 7) = 16806
N([4, 1, 2, 1, 2], 7) = 16806
N([4, 1, 2, 1, 3], 7) = 16806
N([4, 1, 2, 1, 4], 7) = 16806
N([4, 1, 2, 1, 5], 7) = 16806
N([4, 1, 2, 1, 6], 7) = 16806
N([4, 1, 2, 1, 7], 7) = 16806
N([4, 1, 2, 2, 1], 7) = 16806
N([4, 1, 2, 2, 2], 7) = 16806
N([4, 1, 2, 2, 3], 7) = 16806
N([4, 1, 2, 2, 4], 7) = 16806
N([4, 1, 2, 2, 5], 7) = 16806
N([4, 1, 2, 2, 6], 7) = 16806
N([4, 1, 2, 2, 7], 7) = 16806
N([4, 1, 2, 3, 1], 7) = 16806
N([4, 1, 2, 3, 2], 7) = 16806
N([4, 1, 2, 3, 3], 7) = 16806
N([4, 1, 2, 3, 4], 7) = 16806
N([4, 1, 2, 3, 5], 7) = 16806
N([4, 1, 2, 3, 6], 7) = 16806
N([4, 1, 2, 3, 7], 7) = 16806
N([4, 1, 2, 4, 1], 7) = 16806
N([4, 1, 2, 4, 2], 7) = 16806
N([4, 1, 2, 4, 3], 7) = 16806
N([4, 1, 2, 4, 4], 7) = 16806
N([4, 1, 2, 4, 5], 7) = 16806
N([4, 1, 2, 4, 6], 7) = 16806
N([4, 1, 2, 4, 7], 7) = 16806
N([4, 1, 2, 5, 1], 7) = 16806
N([4, 1, 2, 5, 2], 7) = 16806
N([4, 1, 2, 5, 3], 7) = 16806
N([4, 1, 2, 5, 4], 7) = 16806
N([4, 1, 2, 5, 5], 7) = 16806
N([4, 1, 2, 5, 6], 7) = 16806
N([4, 1, 2, 5, 7], 7) = 16806
N([4, 1, 2, 6, 1], 7) = 16806
N([4, 1, 2, 6, 2], 7) = 16806
N([4, 1, 2, 6, 3], 7) = 16806
N([4, 1, 2, 6, 4], 7) = 16806
N([4, 1, 2, 6, 5], 7) = 16806
N([4, 1, 2, 6, 6], 7) = 16806
N([4, 1, 2, 6, 7], 7) = 16806
N([4, 1, 2, 7, 1], 7) = 16806
N([4, 1, 2, 7, 2], 7) = 16806
N([4, 1, 2, 7, 3], 7) = 16806
N([4, 1, 2, 7, 4], 7) = 16806
N([4, 1, 2, 7, 5], 7) = 16806
N([4, 1, 2, 7, 6], 7) = 16806
N([4, 1, 2, 7, 7], 7) = 16806
N([4, 1, 3, 1, 1], 7) = 16806
N([4, 1, 3, 1, 2], 7) = 16806
N([4, 1, 3, 1, 3], 7) = 16806
N([4, 1, 3, 1, 4], 7) = 16806
N([4, 1, 3, 1, 5], 7) = 16806
N([4, 1, 3, 1, 6], 7) = 16806
N([4, 1, 3, 1, 7], 7) = 16806
N([4, 1, 3, 2, 1], 7) = 16806
N([4, 1, 3, 2, 2], 7) = 16806
N([4, 1, 3, 2, 3], 7) = 16806
N([4, 1, 3, 2, 4], 7) = 16806
N([4, 1, 3, 2, 5], 7) = 16806
N([4, 1, 3, 2, 6], 7) = 16806
N([4, 1, 3, 2, 7], 7) = 16806
N([4, 1, 3, 3, 1], 7) = 16806
N([4, 1, 3, 3, 2], 7) = 16806
N([4, 1, 3, 3, 3], 7) = 16806
N([4, 1, 3, 3, 4], 7) = 16806
N([4, 1, 3, 3, 5], 7) = 16806
N([4, 1, 3, 3, 6], 7) = 16806
N([4, 1, 3, 3, 7], 7) = 16806
N([4, 1, 3, 4, 1], 7) = 16806
N([4, 1, 3, 4, 2], 7) = 16806
N([4, 1, 3, 4, 3], 7) = 16806
N([4, 1, 3, 4, 4], 7) = 16806
N([4, 1, 3, 4, 5], 7) = 16806
N([4, 1, 3, 4, 6], 7) = 16806
N([4, 1, 3, 4, 7], 7) = 16806
N([4, 1, 3, 5, 1], 7) = 16806
N([4, 1, 3, 5, 2], 7) = 16806
N([4, 1, 3, 5, 3], 7) = 16806
N([4, 1, 3, 5, 4], 7) = 16806
N([4, 1, 3, 5, 5], 7) = 16806
N([4, 1, 3, 5, 6], 7) = 16806
N([4, 1, 3, 5, 7], 7) = 16806
N([4, 1, 3, 6, 1], 7) = 16806
N([4, 1, 3, 6, 2], 7) = 16806
N([4, 1, 3, 6, 3], 7) = 16806
N([4, 1, 3, 6, 4], 7) = 16806
N([4, 1, 3, 6, 5], 7) = 16806
N([4, 1, 3, 6, 6], 7) = 16806
N([4, 1, 3, 6, 7], 7) = 16806
N([4, 1, 3, 7, 1], 7) = 16806
N([4, 1, 3, 7, 2], 7) = 16806
N([4, 1, 3, 7, 3], 7) = 16806
N([4, 1, 3, 7, 4], 7) = 16806
N([4, 1, 3, 7, 5], 7) = 16806
N([4, 1, 3, 7, 6], 7) = 16806
N([4, 1, 3, 7, 7], 7) = 16806
N([4, 1, 4, 1, 1], 7) = 16806
N([4, 1, 4, 1, 2], 7) = 16806
N([4, 1, 4, 1, 3], 7) = 16806
N([4, 1, 4, 1, 4], 7) = 16806
N([4, 1, 4, 1, 5], 7) = 16806
N([4, 1, 4, 1, 6], 7) = 16806
N([4, 1, 4, 1, 7], 7) = 16806
N([4, 1, 4, 2, 1], 7) = 16806
N([4, 1, 4, 2, 2], 7) = 16806
N([4, 1, 4, 2, 3], 7) = 16806
N([4, 1, 4, 2, 4], 7) = 16806
N([4, 1, 4, 2, 5], 7) = 16806
N([4, 1, 4, 2, 6], 7) = 16806
N([4, 1, 4, 2, 7], 7) = 16806
N([4, 1, 4, 3, 1], 7) = 16806
N([4, 1, 4, 3, 2], 7) = 16806
N([4, 1, 4, 3, 3], 7) = 16806
N([4, 1, 4, 3, 4], 7) = 16806
N([4, 1, 4, 3, 5], 7) = 16806
N([4, 1, 4, 3, 6], 7) = 16806
N([4, 1, 4, 3, 7], 7) = 16806
N([4, 1, 4, 4, 1], 7) = 16806
N([4, 1, 4, 4, 2], 7) = 16806
N([4, 1, 4, 4, 3], 7) = 16806
N([4, 1, 4, 4, 4], 7) = 16806
N([4, 1, 4, 4, 5], 7) = 16806
N([4, 1, 4, 4, 6], 7) = 16806
N([4, 1, 4, 4, 7], 7) = 16806
N([4, 1, 4, 5, 1], 7) = 16806
N([4, 1, 4, 5, 2], 7) = 16806
N([4, 1, 4, 5, 3], 7) = 16806
N([4, 1, 4, 5, 4], 7) = 16806
N([4, 1, 4, 5, 5], 7) = 16806
N([4, 1, 4, 5, 6], 7) = 16806
N([4, 1, 4, 5, 7], 7) = 16806
N([4, 1, 4, 6, 1], 7) = 16806
N([4, 1, 4, 6, 2], 7) = 16806
N([4, 1, 4, 6, 3], 7) = 16806
N([4, 1, 4, 6, 4], 7) = 16806
N([4, 1, 4, 6, 5], 7) = 16806
N([4, 1, 4, 6, 6], 7) = 16806
N([4, 1, 4, 6, 7], 7) = 16806
N([4, 1, 4, 7, 1], 7) = 16806
N([4, 1, 4, 7, 2], 7) = 16806
N([4, 1, 4, 7, 3], 7) = 16806
N([4, 1, 4, 7, 4], 7) = 16806
N([4, 1, 4, 7, 5], 7) = 16806
N([4, 1, 4, 7, 6], 7) = 16806
N([4, 1, 4, 7, 7], 7) = 16806
N([4, 1, 5, 1, 1], 7) = 16806
N([4, 1, 5, 1, 2], 7) = 16806
N([4, 1, 5, 1, 3], 7) = 16806
N([4, 1, 5, 1, 4], 7) = 16806
N([4, 1, 5, 1, 5], 7) = 16806
N([4, 1, 5, 1, 6], 7) = 16806
N([4, 1, 5, 1, 7], 7) = 16806
N([4, 1, 5, 2, 1], 7) = 16806
N([4, 1, 5, 2, 2], 7) = 16806
N([4, 1, 5, 2, 3], 7) = 16806
N([4, 1, 5, 2, 4], 7) = 16806
N([4, 1, 5, 2, 5], 7) = 16806
N([4, 1, 5, 2, 6], 7) = 16806
N([4, 1, 5, 2, 7], 7) = 16806
N([4, 1, 5, 3, 1], 7) = 16806
N([4, 1, 5, 3, 2], 7) = 16806
N([4, 1, 5, 3, 3], 7) = 16806
N([4, 1, 5, 3, 4], 7) = 16806
N([4, 1, 5, 3, 5], 7) = 16806
N([4, 1, 5, 3, 6], 7) = 16806
N([4, 1, 5, 3, 7], 7) = 16806
N([4, 1, 5, 4, 1], 7) = 16806
N([4, 1, 5, 4, 2], 7) = 16806
N([4, 1, 5, 4, 3], 7) = 16806
N([4, 1, 5, 4, 4], 7) = 16806
N([4, 1, 5, 4, 5], 7) = 16806
N([4, 1, 5, 4, 6], 7) = 16806
N([4, 1, 5, 4, 7], 7) = 16806
N([4, 1, 5, 5, 1], 7) = 16806
N([4, 1, 5, 5, 2], 7) = 16806
N([4, 1, 5, 5, 3], 7) = 16806
N([4, 1, 5, 5, 4], 7) = 16806
N([4, 1, 5, 5, 5], 7) = 16806
N([4, 1, 5, 5, 6], 7) = 16806
N([4, 1, 5, 5, 7], 7) = 16806
N([4, 1, 5, 6, 1], 7) = 16806
N([4, 1, 5, 6, 2], 7) = 16806
N([4, 1, 5, 6, 3], 7) = 16806
N([4, 1, 5, 6, 4], 7) = 16806
N([4, 1, 5, 6, 5], 7) = 16806
N([4, 1, 5, 6, 6], 7) = 16806
N([4, 1, 5, 6, 7], 7) = 16806
N([4, 1, 5, 7, 1], 7) = 16806
N([4, 1, 5, 7, 2], 7) = 16806
N([4, 1, 5, 7, 3], 7) = 16806
N([4, 1, 5, 7, 4], 7) = 16806
N([4, 1, 5, 7, 5], 7) = 16806
N([4, 1, 5, 7, 6], 7) = 16806
N([4, 1, 5, 7, 7], 7) = 16806
N([4, 1, 6, 1, 1], 7) = 16806
N([4, 1, 6, 1, 2], 7) = 16806
N([4, 1, 6, 1, 3], 7) = 16806
N([4, 1, 6, 1, 4], 7) = 16806
N([4, 1, 6, 1, 5], 7) = 16806
N([4, 1, 6, 1, 6], 7) = 16806
N([4, 1, 6, 1, 7], 7) = 16806
N([4, 1, 6, 2, 1], 7) = 16806
N([4, 1, 6, 2, 2], 7) = 16806
N([4, 1, 6, 2, 3], 7) = 16806
N([4, 1, 6, 2, 4], 7) = 16806
N([4, 1, 6, 2, 5], 7) = 16806
N([4, 1, 6, 2, 6], 7) = 16806
N([4, 1, 6, 2, 7], 7) = 16806
N([4, 1, 6, 3, 1], 7) = 16806
N([4, 1, 6, 3, 2], 7) = 16806
N([4, 1, 6, 3, 3], 7) = 16806
N([4, 1, 6, 3, 4], 7) = 16806
N([4, 1, 6, 3, 5], 7) = 16806
N([4, 1, 6, 3, 6], 7) = 16806
N([4, 1, 6, 3, 7], 7) = 16806
N([4, 1, 6, 4, 1], 7) = 16806
N([4, 1, 6, 4, 2], 7) = 16806
N([4, 1, 6, 4, 3], 7) = 16806
N([4, 1, 6, 4, 4], 7) = 16806
N([4, 1, 6, 4, 5], 7) = 16806
N([4, 1, 6, 4, 6], 7) = 16806
N([4, 1, 6, 4, 7], 7) = 16806
N([4, 1, 6, 5, 1], 7) = 16806
N([4, 1, 6, 5, 2], 7) = 16806
N([4, 1, 6, 5, 3], 7) = 16806
N([4, 1, 6, 5, 4], 7) = 16806
N([4, 1, 6, 5, 5], 7) = 16806
N([4, 1, 6, 5, 6], 7) = 16806
N([4, 1, 6, 5, 7], 7) = 16806
N([4, 1, 6, 6, 1], 7) = 16806
N([4, 1, 6, 6, 2], 7) = 16806
N([4, 1, 6, 6, 3], 7) = 16806
N([4, 1, 6, 6, 4], 7) = 16806
N([4, 1, 6, 6, 5], 7) = 16806
N([4, 1, 6, 6, 6], 7) = 16806
N([4, 1, 6, 6, 7], 7) = 16806
N([4, 1, 6, 7, 1], 7) = 16806
N([4, 1, 6, 7, 2], 7) = 16806
N([4, 1, 6, 7, 3], 7) = 16806
N([4, 1, 6, 7, 4], 7) = 16806
N([4, 1, 6, 7, 5], 7) = 16806
N([4, 1, 6, 7, 6], 7) = 16806
N([4, 1, 6, 7, 7], 7) = 16806
N([4, 1, 7, 1, 1], 7) = 16806
N([4, 1, 7, 1, 2], 7) = 16806
N([4, 1, 7, 1, 3], 7) = 16806
N([4, 1, 7, 1, 4], 7) = 16806
N([4, 1, 7, 1, 5], 7) = 16806
N([4, 1, 7, 1, 6], 7) = 16806
N([4, 1, 7, 1, 7], 7) = 16806
N([4, 1, 7, 2, 1], 7) = 16806
N([4, 1, 7, 2, 2], 7) = 16806
N([4, 1, 7, 2, 3], 7) = 16806
N([4, 1, 7, 2, 4], 7) = 16806
N([4, 1, 7, 2, 5], 7) = 16806
N([4, 1, 7, 2, 6], 7) = 16806
N([4, 1, 7, 2, 7], 7) = 16806
N([4, 1, 7, 3, 1], 7) = 16806
N([4, 1, 7, 3, 2], 7) = 16806
N([4, 1, 7, 3, 3], 7) = 16806
N([4, 1, 7, 3, 4], 7) = 16806
N([4, 1, 7, 3, 5], 7) = 16806
N([4, 1, 7, 3, 6], 7) = 16806
N([4, 1, 7, 3, 7], 7) = 16806
N([4, 1, 7, 4, 1], 7) = 16806
N([4, 1, 7, 4, 2], 7) = 16806
N([4, 1, 7, 4, 3], 7) = 16806
N([4, 1, 7, 4, 4], 7) = 16806
N([4, 1, 7, 4, 5], 7) = 16806
N([4, 1, 7, 4, 6], 7) = 16806
N([4, 1, 7, 4, 7], 7) = 16806
N([4, 1, 7, 5, 1], 7) = 16806
N([4, 1, 7, 5, 2], 7) = 16806
N([4, 1, 7, 5, 3], 7) = 16806
N([4, 1, 7, 5, 4], 7) = 16806
N([4, 1, 7, 5, 5], 7) = 16806
N([4, 1, 7, 5, 6], 7) = 16806
N([4, 1, 7, 5, 7], 7) = 16806
N([4, 1, 7, 6, 1], 7) = 16806
N([4, 1, 7, 6, 2], 7) = 16806
N([4, 1, 7, 6, 3], 7) = 16806
N([4, 1, 7, 6, 4], 7) = 16806
N([4, 1, 7, 6, 5], 7) = 16806
N([4, 1, 7, 6, 6], 7) = 16806
N([4, 1, 7, 6, 7], 7) = 16806
N([4, 1, 7, 7, 1], 7) = 16806
N([4, 1, 7, 7, 2], 7) = 16806
N([4, 1, 7, 7, 3], 7) = 16806
N([4, 1, 7, 7, 4], 7) = 16806
N([4, 1, 7, 7, 5], 7) = 16806
N([4, 1, 7, 7, 6], 7) = 16806
N([4, 1, 7, 7, 7], 7) = 16806
N([4, 2, 1, 1, 1], 7) = 16806
N([4, 2, 1, 1, 2], 7) = 16806
N([4, 2, 1, 1, 3], 7) = 16806
N([4, 2, 1, 1, 4], 7) = 16806
N([4, 2, 1, 1, 5], 7) = 16806
N([4, 2, 1, 1, 6], 7) = 16806
N([4, 2, 1, 1, 7], 7) = 16806
N([4, 2, 1, 2, 1], 7) = 16806
N([4, 2, 1, 2, 2], 7) = 16806
N([4, 2, 1, 2, 3], 7) = 16806
N([4, 2, 1, 2, 4], 7) = 16806
N([4, 2, 1, 2, 5], 7) = 16806
N([4, 2, 1, 2, 6], 7) = 16806
N([4, 2, 1, 2, 7], 7) = 16806
N([4, 2, 1, 3, 1], 7) = 16806
N([4, 2, 1, 3, 2], 7) = 16806
N([4, 2, 1, 3, 3], 7) = 16806
N([4, 2, 1, 3, 4], 7) = 16806
N([4, 2, 1, 3, 5], 7) = 16806
N([4, 2, 1, 3, 6], 7) = 16806
N([4, 2, 1, 3, 7], 7) = 16806
N([4, 2, 1, 4, 1], 7) = 16806
N([4, 2, 1, 4, 2], 7) = 16806
N([4, 2, 1, 4, 3], 7) = 16806
N([4, 2, 1, 4, 4], 7) = 16806
N([4, 2, 1, 4, 5], 7) = 16806
N([4, 2, 1, 4, 6], 7) = 16806
N([4, 2, 1, 4, 7], 7) = 16806
N([4, 2, 1, 5, 1], 7) = 16806
N([4, 2, 1, 5, 2], 7) = 16806
N([4, 2, 1, 5, 3], 7) = 16806
N([4, 2, 1, 5, 4], 7) = 16806
N([4, 2, 1, 5, 5], 7) = 16806
N([4, 2, 1, 5, 6], 7) = 16806
N([4, 2, 1, 5, 7], 7) = 16806
N([4, 2, 1, 6, 1], 7) = 16806
N([4, 2, 1, 6, 2], 7) = 16806
N([4, 2, 1, 6, 3], 7) = 16806
N([4, 2, 1, 6, 4], 7) = 16806
N([4, 2, 1, 6, 5], 7) = 16806
N([4, 2, 1, 6, 6], 7) = 16806
N([4, 2, 1, 6, 7], 7) = 16806
N([4, 2, 1, 7, 1], 7) = 16806
N([4, 2, 1, 7, 2], 7) = 16806
N([4, 2, 1, 7, 3], 7) = 16806
N([4, 2, 1, 7, 4], 7) = 16806
N([4, 2, 1, 7, 5], 7) = 16806
N([4, 2, 1, 7, 6], 7) = 16806
N([4, 2, 1, 7, 7], 7) = 16806
N([4, 2, 2, 1, 1], 7) = 16806
N([4, 2, 2, 1, 2], 7) = 16806
N([4, 2, 2, 1, 3], 7) = 16806
N([4, 2, 2, 1, 4], 7) = 16806
N([4, 2, 2, 1, 5], 7) = 16806
N([4, 2, 2, 1, 6], 7) = 16806
N([4, 2, 2, 1, 7], 7) = 16806
N([4, 2, 2, 2, 1], 7) = 16806
N([4, 2, 2, 2, 2], 7) = 16806
N([4, 2, 2, 2, 3], 7) = 16806
N([4, 2, 2, 2, 4], 7) = 16806
N([4, 2, 2, 2, 5], 7) = 16806
N([4, 2, 2, 2, 6], 7) = 16806
N([4, 2, 2, 2, 7], 7) = 16806
N([4, 2, 2, 3, 1], 7) = 16806
N([4, 2, 2, 3, 2], 7) = 16806
N([4, 2, 2, 3, 3], 7) = 16806
N([4, 2, 2, 3, 4], 7) = 16806
N([4, 2, 2, 3, 5], 7) = 16806
N([4, 2, 2, 3, 6], 7) = 16806
N([4, 2, 2, 3, 7], 7) = 16806
N([4, 2, 2, 4, 1], 7) = 16806
N([4, 2, 2, 4, 2], 7) = 16806
N([4, 2, 2, 4, 3], 7) = 16806
N([4, 2, 2, 4, 4], 7) = 16806
N([4, 2, 2, 4, 5], 7) = 16806
N([4, 2, 2, 4, 6], 7) = 16806
N([4, 2, 2, 4, 7], 7) = 16806
N([4, 2, 2, 5, 1], 7) = 16806
N([4, 2, 2, 5, 2], 7) = 16806
N([4, 2, 2, 5, 3], 7) = 16806
N([4, 2, 2, 5, 4], 7) = 16806
N([4, 2, 2, 5, 5], 7) = 16806
N([4, 2, 2, 5, 6], 7) = 16806
N([4, 2, 2, 5, 7], 7) = 16806
N([4, 2, 2, 6, 1], 7) = 16806
N([4, 2, 2, 6, 2], 7) = 16806
N([4, 2, 2, 6, 3], 7) = 16806
N([4, 2, 2, 6, 4], 7) = 16806
N([4, 2, 2, 6, 5], 7) = 16806
N([4, 2, 2, 6, 6], 7) = 16806
N([4, 2, 2, 6, 7], 7) = 16806
N([4, 2, 2, 7, 1], 7) = 16806
N([4, 2, 2, 7, 2], 7) = 16806
N([4, 2, 2, 7, 3], 7) = 16806
N([4, 2, 2, 7, 4], 7) = 16806
N([4, 2, 2, 7, 5], 7) = 16806
N([4, 2, 2, 7, 6], 7) = 16806
N([4, 2, 2, 7, 7], 7) = 16806
N([4, 2, 3, 1, 1], 7) = 16806
N([4, 2, 3, 1, 2], 7) = 16806
N([4, 2, 3, 1, 3], 7) = 16806
N([4, 2, 3, 1, 4], 7) = 16806
N([4, 2, 3, 1, 5], 7) = 16806
N([4, 2, 3, 1, 6], 7) = 16806
N([4, 2, 3, 1, 7], 7) = 16806
N([4, 2, 3, 2, 1], 7) = 16806
N([4, 2, 3, 2, 2], 7) = 16806
N([4, 2, 3, 2, 3], 7) = 16806
N([4, 2, 3, 2, 4], 7) = 16806
N([4, 2, 3, 2, 5], 7) = 16806
N([4, 2, 3, 2, 6], 7) = 16806
N([4, 2, 3, 2, 7], 7) = 16806
N([4, 2, 3, 3, 1], 7) = 16806
N([4, 2, 3, 3, 2], 7) = 16806
N([4, 2, 3, 3, 3], 7) = 16806
N([4, 2, 3, 3, 4], 7) = 16806
N([4, 2, 3, 3, 5], 7) = 16806
N([4, 2, 3, 3, 6], 7) = 16806
N([4, 2, 3, 3, 7], 7) = 16806
N([4, 2, 3, 4, 1], 7) = 16806
N([4, 2, 3, 4, 2], 7) = 16806
N([4, 2, 3, 4, 3], 7) = 16806
N([4, 2, 3, 4, 4], 7) = 16806
N([4, 2, 3, 4, 5], 7) = 16806
N([4, 2, 3, 4, 6], 7) = 16806
N([4, 2, 3, 4, 7], 7) = 16806
N([4, 2, 3, 5, 1], 7) = 16806
N([4, 2, 3, 5, 2], 7) = 16806
N([4, 2, 3, 5, 3], 7) = 16806
N([4, 2, 3, 5, 4], 7) = 16806
N([4, 2, 3, 5, 5], 7) = 16806
N([4, 2, 3, 5, 6], 7) = 16806
N([4, 2, 3, 5, 7], 7) = 16806
N([4, 2, 3, 6, 1], 7) = 16806
N([4, 2, 3, 6, 2], 7) = 16806
N([4, 2, 3, 6, 3], 7) = 16806
N([4, 2, 3, 6, 4], 7) = 16806
N([4, 2, 3, 6, 5], 7) = 16806
N([4, 2, 3, 6, 6], 7) = 16806
N([4, 2, 3, 6, 7], 7) = 16806
N([4, 2, 3, 7, 1], 7) = 16806
N([4, 2, 3, 7, 2], 7) = 16806
N([4, 2, 3, 7, 3], 7) = 16806
N([4, 2, 3, 7, 4], 7) = 16806
N([4, 2, 3, 7, 5], 7) = 16806
N([4, 2, 3, 7, 6], 7) = 16806
N([4, 2, 3, 7, 7], 7) = 16806
N([4, 2, 4, 1, 1], 7) = 16806
N([4, 2, 4, 1, 2], 7) = 16806
N([4, 2, 4, 1, 3], 7) = 16806
N([4, 2, 4, 1, 4], 7) = 16806
N([4, 2, 4, 1, 5], 7) = 16806
N([4, 2, 4, 1, 6], 7) = 16806
N([4, 2, 4, 1, 7], 7) = 16806
N([4, 2, 4, 2, 1], 7) = 16806
N([4, 2, 4, 2, 2], 7) = 16806
N([4, 2, 4, 2, 3], 7) = 16806
N([4, 2, 4, 2, 4], 7) = 16806
N([4, 2, 4, 2, 5], 7) = 16806
N([4, 2, 4, 2, 6], 7) = 16806
N([4, 2, 4, 2, 7], 7) = 16806
N([4, 2, 4, 3, 1], 7) = 16806
N([4, 2, 4, 3, 2], 7) = 16806
N([4, 2, 4, 3, 3], 7) = 16806
N([4, 2, 4, 3, 4], 7) = 16806
N([4, 2, 4, 3, 5], 7) = 16806
N([4, 2, 4, 3, 6], 7) = 16806
N([4, 2, 4, 3, 7], 7) = 16806
N([4, 2, 4, 4, 1], 7) = 16806
N([4, 2, 4, 4, 2], 7) = 16806
N([4, 2, 4, 4, 3], 7) = 16806
N([4, 2, 4, 4, 4], 7) = 16806
N([4, 2, 4, 4, 5], 7) = 16806
N([4, 2, 4, 4, 6], 7) = 16806
N([4, 2, 4, 4, 7], 7) = 16806
N([4, 2, 4, 5, 1], 7) = 16806
N([4, 2, 4, 5, 2], 7) = 16806
N([4, 2, 4, 5, 3], 7) = 16806
N([4, 2, 4, 5, 4], 7) = 16806
N([4, 2, 4, 5, 5], 7) = 16806
N([4, 2, 4, 5, 6], 7) = 16806
N([4, 2, 4, 5, 7], 7) = 16806
N([4, 2, 4, 6, 1], 7) = 16806
N([4, 2, 4, 6, 2], 7) = 16806
N([4, 2, 4, 6, 3], 7) = 16806
N([4, 2, 4, 6, 4], 7) = 16806
N([4, 2, 4, 6, 5], 7) = 16806
N([4, 2, 4, 6, 6], 7) = 16806
N([4, 2, 4, 6, 7], 7) = 16806
N([4, 2, 4, 7, 1], 7) = 16806
N([4, 2, 4, 7, 2], 7) = 16806
N([4, 2, 4, 7, 3], 7) = 16806
N([4, 2, 4, 7, 4], 7) = 16806
N([4, 2, 4, 7, 5], 7) = 16806
N([4, 2, 4, 7, 6], 7) = 16806
N([4, 2, 4, 7, 7], 7) = 16806
N([4, 2, 5, 1, 1], 7) = 16806
N([4, 2, 5, 1, 2], 7) = 16806
N([4, 2, 5, 1, 3], 7) = 16806
N([4, 2, 5, 1, 4], 7) = 16806
N([4, 2, 5, 1, 5], 7) = 16806
N([4, 2, 5, 1, 6], 7) = 16806
N([4, 2, 5, 1, 7], 7) = 16806
N([4, 2, 5, 2, 1], 7) = 16806
N([4, 2, 5, 2, 2], 7) = 16806
N([4, 2, 5, 2, 3], 7) = 16806
N([4, 2, 5, 2, 4], 7) = 16806
N([4, 2, 5, 2, 5], 7) = 16806
N([4, 2, 5, 2, 6], 7) = 16806
N([4, 2, 5, 2, 7], 7) = 16806
N([4, 2, 5, 3, 1], 7) = 16806
N([4, 2, 5, 3, 2], 7) = 16806
N([4, 2, 5, 3, 3], 7) = 16806
N([4, 2, 5, 3, 4], 7) = 16806
N([4, 2, 5, 3, 5], 7) = 16806
N([4, 2, 5, 3, 6], 7) = 16806
N([4, 2, 5, 3, 7], 7) = 16806
N([4, 2, 5, 4, 1], 7) = 16806
N([4, 2, 5, 4, 2], 7) = 16806
N([4, 2, 5, 4, 3], 7) = 16806
N([4, 2, 5, 4, 4], 7) = 16806
N([4, 2, 5, 4, 5], 7) = 16806
N([4, 2, 5, 4, 6], 7) = 16806
N([4, 2, 5, 4, 7], 7) = 16806
N([4, 2, 5, 5, 1], 7) = 16806
N([4, 2, 5, 5, 2], 7) = 16806
N([4, 2, 5, 5, 3], 7) = 16806
N([4, 2, 5, 5, 4], 7) = 16806
N([4, 2, 5, 5, 5], 7) = 16806
N([4, 2, 5, 5, 6], 7) = 16806
N([4, 2, 5, 5, 7], 7) = 16806
N([4, 2, 5, 6, 1], 7) = 16806
N([4, 2, 5, 6, 2], 7) = 16806
N([4, 2, 5, 6, 3], 7) = 16806
N([4, 2, 5, 6, 4], 7) = 16806
N([4, 2, 5, 6, 5], 7) = 16806
N([4, 2, 5, 6, 6], 7) = 16806
N([4, 2, 5, 6, 7], 7) = 16806
N([4, 2, 5, 7, 1], 7) = 16806
N([4, 2, 5, 7, 2], 7) = 16806
N([4, 2, 5, 7, 3], 7) = 16806
N([4, 2, 5, 7, 4], 7) = 16806
N([4, 2, 5, 7, 5], 7) = 16806
N([4, 2, 5, 7, 6], 7) = 16806
N([4, 2, 5, 7, 7], 7) = 16806
N([4, 2, 6, 1, 1], 7) = 16806
N([4, 2, 6, 1, 2], 7) = 16806
N([4, 2, 6, 1, 3], 7) = 16806
N([4, 2, 6, 1, 4], 7) = 16806
N([4, 2, 6, 1, 5], 7) = 16806
N([4, 2, 6, 1, 6], 7) = 16806
N([4, 2, 6, 1, 7], 7) = 16806
N([4, 2, 6, 2, 1], 7) = 16806
N([4, 2, 6, 2, 2], 7) = 16806
N([4, 2, 6, 2, 3], 7) = 16806
N([4, 2, 6, 2, 4], 7) = 16806
N([4, 2, 6, 2, 5], 7) = 16806
N([4, 2, 6, 2, 6], 7) = 16806
N([4, 2, 6, 2, 7], 7) = 16806
N([4, 2, 6, 3, 1], 7) = 16806
N([4, 2, 6, 3, 2], 7) = 16806
N([4, 2, 6, 3, 3], 7) = 16806
N([4, 2, 6, 3, 4], 7) = 16806
N([4, 2, 6, 3, 5], 7) = 16806
N([4, 2, 6, 3, 6], 7) = 16806
N([4, 2, 6, 3, 7], 7) = 16806
N([4, 2, 6, 4, 1], 7) = 16806
N([4, 2, 6, 4, 2], 7) = 16806
N([4, 2, 6, 4, 3], 7) = 16806
N([4, 2, 6, 4, 4], 7) = 16806
N([4, 2, 6, 4, 5], 7) = 16806
N([4, 2, 6, 4, 6], 7) = 16806
N([4, 2, 6, 4, 7], 7) = 16806
N([4, 2, 6, 5, 1], 7) = 16806
N([4, 2, 6, 5, 2], 7) = 16806
N([4, 2, 6, 5, 3], 7) = 16806
N([4, 2, 6, 5, 4], 7) = 16806
N([4, 2, 6, 5, 5], 7) = 16806
N([4, 2, 6, 5, 6], 7) = 16806
N([4, 2, 6, 5, 7], 7) = 16806
N([4, 2, 6, 6, 1], 7) = 16806
N([4, 2, 6, 6, 2], 7) = 16806
N([4, 2, 6, 6, 3], 7) = 16806
N([4, 2, 6, 6, 4], 7) = 16806
N([4, 2, 6, 6, 5], 7) = 16806
N([4, 2, 6, 6, 6], 7) = 16806
N([4, 2, 6, 6, 7], 7) = 16806
N([4, 2, 6, 7, 1], 7) = 16806
N([4, 2, 6, 7, 2], 7) = 16806
N([4, 2, 6, 7, 3], 7) = 16806
N([4, 2, 6, 7, 4], 7) = 16806
N([4, 2, 6, 7, 5], 7) = 16806
N([4, 2, 6, 7, 6], 7) = 16806
N([4, 2, 6, 7, 7], 7) = 16806
N([4, 2, 7, 1, 1], 7) = 16806
N([4, 2, 7, 1, 2], 7) = 16806
N([4, 2, 7, 1, 3], 7) = 16806
N([4, 2, 7, 1, 4], 7) = 16806
N([4, 2, 7, 1, 5], 7) = 16806
N([4, 2, 7, 1, 6], 7) = 16806
N([4, 2, 7, 1, 7], 7) = 16806
N([4, 2, 7, 2, 1], 7) = 16806
N([4, 2, 7, 2, 2], 7) = 16806
N([4, 2, 7, 2, 3], 7) = 16806
N([4, 2, 7, 2, 4], 7) = 16806
N([4, 2, 7, 2, 5], 7) = 16806
N([4, 2, 7, 2, 6], 7) = 16806
N([4, 2, 7, 2, 7], 7) = 16806
N([4, 2, 7, 3, 1], 7) = 16806
N([4, 2, 7, 3, 2], 7) = 16806
N([4, 2, 7, 3, 3], 7) = 16806
N([4, 2, 7, 3, 4], 7) = 16806
N([4, 2, 7, 3, 5], 7) = 16806
N([4, 2, 7, 3, 6], 7) = 16806
N([4, 2, 7, 3, 7], 7) = 16806
N([4, 2, 7, 4, 1], 7) = 16806
N([4, 2, 7, 4, 2], 7) = 16806
N([4, 2, 7, 4, 3], 7) = 16806
N([4, 2, 7, 4, 4], 7) = 16806
N([4, 2, 7, 4, 5], 7) = 16806
N([4, 2, 7, 4, 6], 7) = 16806
N([4, 2, 7, 4, 7], 7) = 16806
N([4, 2, 7, 5, 1], 7) = 16806
N([4, 2, 7, 5, 2], 7) = 16806
N([4, 2, 7, 5, 3], 7) = 16806
N([4, 2, 7, 5, 4], 7) = 16806
N([4, 2, 7, 5, 5], 7) = 16806
N([4, 2, 7, 5, 6], 7) = 16806
N([4, 2, 7, 5, 7], 7) = 16806
N([4, 2, 7, 6, 1], 7) = 16806
N([4, 2, 7, 6, 2], 7) = 16806
N([4, 2, 7, 6, 3], 7) = 16806
N([4, 2, 7, 6, 4], 7) = 16806
N([4, 2, 7, 6, 5], 7) = 16806
N([4, 2, 7, 6, 6], 7) = 16806
N([4, 2, 7, 6, 7], 7) = 16806
N([4, 2, 7, 7, 1], 7) = 16806
N([4, 2, 7, 7, 2], 7) = 16806
N([4, 2, 7, 7, 3], 7) = 16806
N([4, 2, 7, 7, 4], 7) = 16806
N([4, 2, 7, 7, 5], 7) = 16806
N([4, 2, 7, 7, 6], 7) = 16806
N([4, 2, 7, 7, 7], 7) = 16806
N([4, 3, 1, 1, 1], 7) = 16806
N([4, 3, 1, 1, 2], 7) = 16806
N([4, 3, 1, 1, 3], 7) = 16806
N([4, 3, 1, 1, 4], 7) = 16806
N([4, 3, 1, 1, 5], 7) = 16806
N([4, 3, 1, 1, 6], 7) = 16806
N([4, 3, 1, 1, 7], 7) = 16806
N([4, 3, 1, 2, 1], 7) = 16806
N([4, 3, 1, 2, 2], 7) = 16806
N([4, 3, 1, 2, 3], 7) = 16806
N([4, 3, 1, 2, 4], 7) = 16806
N([4, 3, 1, 2, 5], 7) = 16806
N([4, 3, 1, 2, 6], 7) = 16806
N([4, 3, 1, 2, 7], 7) = 16806
N([4, 3, 1, 3, 1], 7) = 16806
N([4, 3, 1, 3, 2], 7) = 16806
N([4, 3, 1, 3, 3], 7) = 16806
N([4, 3, 1, 3, 4], 7) = 16806
N([4, 3, 1, 3, 5], 7) = 16806
N([4, 3, 1, 3, 6], 7) = 16806
N([4, 3, 1, 3, 7], 7) = 16806
N([4, 3, 1, 4, 1], 7) = 16806
N([4, 3, 1, 4, 2], 7) = 16806
N([4, 3, 1, 4, 3], 7) = 16806
N([4, 3, 1, 4, 4], 7) = 16806
N([4, 3, 1, 4, 5], 7) = 16806
N([4, 3, 1, 4, 6], 7) = 16806
N([4, 3, 1, 4, 7], 7) = 16806
N([4, 3, 1, 5, 1], 7) = 16806
N([4, 3, 1, 5, 2], 7) = 16806
N([4, 3, 1, 5, 3], 7) = 16806
N([4, 3, 1, 5, 4], 7) = 16806
N([4, 3, 1, 5, 5], 7) = 16806
N([4, 3, 1, 5, 6], 7) = 16806
N([4, 3, 1, 5, 7], 7) = 16806
N([4, 3, 1, 6, 1], 7) = 16806
N([4, 3, 1, 6, 2], 7) = 16806
N([4, 3, 1, 6, 3], 7) = 16806
N([4, 3, 1, 6, 4], 7) = 16806
N([4, 3, 1, 6, 5], 7) = 16806
N([4, 3, 1, 6, 6], 7) = 16806
N([4, 3, 1, 6, 7], 7) = 16806
N([4, 3, 1, 7, 1], 7) = 16806
N([4, 3, 1, 7, 2], 7) = 16806
N([4, 3, 1, 7, 3], 7) = 16806
N([4, 3, 1, 7, 4], 7) = 16806
N([4, 3, 1, 7, 5], 7) = 16806
N([4, 3, 1, 7, 6], 7) = 16806
N([4, 3, 1, 7, 7], 7) = 16806
N([4, 3, 2, 1, 1], 7) = 16806
N([4, 3, 2, 1, 2], 7) = 16806
N([4, 3, 2, 1, 3], 7) = 16806
N([4, 3, 2, 1, 4], 7) = 16806
N([4, 3, 2, 1, 5], 7) = 16806
N([4, 3, 2, 1, 6], 7) = 16806
N([4, 3, 2, 1, 7], 7) = 16806
N([4, 3, 2, 2, 1], 7) = 16806
N([4, 3, 2, 2, 2], 7) = 16806
N([4, 3, 2, 2, 3], 7) = 16806
N([4, 3, 2, 2, 4], 7) = 16806
N([4, 3, 2, 2, 5], 7) = 16806
N([4, 3, 2, 2, 6], 7) = 16806
N([4, 3, 2, 2, 7], 7) = 16806
N([4, 3, 2, 3, 1], 7) = 16806
N([4, 3, 2, 3, 2], 7) = 16806
N([4, 3, 2, 3, 3], 7) = 16806
N([4, 3, 2, 3, 4], 7) = 16806
N([4, 3, 2, 3, 5], 7) = 16806
N([4, 3, 2, 3, 6], 7) = 16806
N([4, 3, 2, 3, 7], 7) = 16806
N([4, 3, 2, 4, 1], 7) = 16806
N([4, 3, 2, 4, 2], 7) = 16806
N([4, 3, 2, 4, 3], 7) = 16806
N([4, 3, 2, 4, 4], 7) = 16806
N([4, 3, 2, 4, 5], 7) = 16806
N([4, 3, 2, 4, 6], 7) = 16806
N([4, 3, 2, 4, 7], 7) = 16806
N([4, 3, 2, 5, 1], 7) = 16806
N([4, 3, 2, 5, 2], 7) = 16806
N([4, 3, 2, 5, 3], 7) = 16806
N([4, 3, 2, 5, 4], 7) = 16806
N([4, 3, 2, 5, 5], 7) = 16806
N([4, 3, 2, 5, 6], 7) = 16806
N([4, 3, 2, 5, 7], 7) = 16806
N([4, 3, 2, 6, 1], 7) = 16806
N([4, 3, 2, 6, 2], 7) = 16806
N([4, 3, 2, 6, 3], 7) = 16806
N([4, 3, 2, 6, 4], 7) = 16806
N([4, 3, 2, 6, 5], 7) = 16806
N([4, 3, 2, 6, 6], 7) = 16806
N([4, 3, 2, 6, 7], 7) = 16806
N([4, 3, 2, 7, 1], 7) = 16806
N([4, 3, 2, 7, 2], 7) = 16806
N([4, 3, 2, 7, 3], 7) = 16806
N([4, 3, 2, 7, 4], 7) = 16806
N([4, 3, 2, 7, 5], 7) = 16806
N([4, 3, 2, 7, 6], 7) = 16806
N([4, 3, 2, 7, 7], 7) = 16806
N([4, 3, 3, 1, 1], 7) = 16806
N([4, 3, 3, 1, 2], 7) = 16806
N([4, 3, 3, 1, 3], 7) = 16806
N([4, 3, 3, 1, 4], 7) = 16806
N([4, 3, 3, 1, 5], 7) = 16806
N([4, 3, 3, 1, 6], 7) = 16806
N([4, 3, 3, 1, 7], 7) = 16806
N([4, 3, 3, 2, 1], 7) = 16806
N([4, 3, 3, 2, 2], 7) = 16806
N([4, 3, 3, 2, 3], 7) = 16806
N([4, 3, 3, 2, 4], 7) = 16806
N([4, 3, 3, 2, 5], 7) = 16806
N([4, 3, 3, 2, 6], 7) = 16806
N([4, 3, 3, 2, 7], 7) = 16806
N([4, 3, 3, 3, 1], 7) = 16806
N([4, 3, 3, 3, 2], 7) = 16806
N([4, 3, 3, 3, 3], 7) = 16806
N([4, 3, 3, 3, 4], 7) = 16806
N([4, 3, 3, 3, 5], 7) = 16806
N([4, 3, 3, 3, 6], 7) = 16806
N([4, 3, 3, 3, 7], 7) = 16806
N([4, 3, 3, 4, 1], 7) = 16806
N([4, 3, 3, 4, 2], 7) = 16806
N([4, 3, 3, 4, 3], 7) = 16806
N([4, 3, 3, 4, 4], 7) = 16806
N([4, 3, 3, 4, 5], 7) = 16806
N([4, 3, 3, 4, 6], 7) = 16806
N([4, 3, 3, 4, 7], 7) = 16806
N([4, 3, 3, 5, 1], 7) = 16806
N([4, 3, 3, 5, 2], 7) = 16806
N([4, 3, 3, 5, 3], 7) = 16806
N([4, 3, 3, 5, 4], 7) = 16806
N([4, 3, 3, 5, 5], 7) = 16806
N([4, 3, 3, 5, 6], 7) = 16806
N([4, 3, 3, 5, 7], 7) = 16806
N([4, 3, 3, 6, 1], 7) = 16806
N([4, 3, 3, 6, 2], 7) = 16806
N([4, 3, 3, 6, 3], 7) = 16806
N([4, 3, 3, 6, 4], 7) = 16806
N([4, 3, 3, 6, 5], 7) = 16806
N([4, 3, 3, 6, 6], 7) = 16806
N([4, 3, 3, 6, 7], 7) = 16806
N([4, 3, 3, 7, 1], 7) = 16806
N([4, 3, 3, 7, 2], 7) = 16806
N([4, 3, 3, 7, 3], 7) = 16806
N([4, 3, 3, 7, 4], 7) = 16806
N([4, 3, 3, 7, 5], 7) = 16806
N([4, 3, 3, 7, 6], 7) = 16806
N([4, 3, 3, 7, 7], 7) = 16806
N([4, 3, 4, 1, 1], 7) = 16806
N([4, 3, 4, 1, 2], 7) = 16806
N([4, 3, 4, 1, 3], 7) = 16806
N([4, 3, 4, 1, 4], 7) = 16806
N([4, 3, 4, 1, 5], 7) = 16806
N([4, 3, 4, 1, 6], 7) = 16806
N([4, 3, 4, 1, 7], 7) = 16806
N([4, 3, 4, 2, 1], 7) = 16806
N([4, 3, 4, 2, 2], 7) = 16806
N([4, 3, 4, 2, 3], 7) = 16806
N([4, 3, 4, 2, 4], 7) = 16806
N([4, 3, 4, 2, 5], 7) = 16806
N([4, 3, 4, 2, 6], 7) = 16806
N([4, 3, 4, 2, 7], 7) = 16806
N([4, 3, 4, 3, 1], 7) = 16806
N([4, 3, 4, 3, 2], 7) = 16806
N([4, 3, 4, 3, 3], 7) = 16806
N([4, 3, 4, 3, 4], 7) = 16806
N([4, 3, 4, 3, 5], 7) = 16806
N([4, 3, 4, 3, 6], 7) = 16806
N([4, 3, 4, 3, 7], 7) = 16806
N([4, 3, 4, 4, 1], 7) = 16806
N([4, 3, 4, 4, 2], 7) = 16806
N([4, 3, 4, 4, 3], 7) = 16806
N([4, 3, 4, 4, 4], 7) = 16806
N([4, 3, 4, 4, 5], 7) = 16806
N([4, 3, 4, 4, 6], 7) = 16806
N([4, 3, 4, 4, 7], 7) = 16806
N([4, 3, 4, 5, 1], 7) = 16806
N([4, 3, 4, 5, 2], 7) = 16806
N([4, 3, 4, 5, 3], 7) = 16806
N([4, 3, 4, 5, 4], 7) = 16806
N([4, 3, 4, 5, 5], 7) = 16806
N([4, 3, 4, 5, 6], 7) = 16806
N([4, 3, 4, 5, 7], 7) = 16806
N([4, 3, 4, 6, 1], 7) = 16806
N([4, 3, 4, 6, 2], 7) = 16806
N([4, 3, 4, 6, 3], 7) = 16806
N([4, 3, 4, 6, 4], 7) = 16806
N([4, 3, 4, 6, 5], 7) = 16806
N([4, 3, 4, 6, 6], 7) = 16806
N([4, 3, 4, 6, 7], 7) = 16806
N([4, 3, 4, 7, 1], 7) = 16806
N([4, 3, 4, 7, 2], 7) = 16806
N([4, 3, 4, 7, 3], 7) = 16806
N([4, 3, 4, 7, 4], 7) = 16806
N([4, 3, 4, 7, 5], 7) = 16806
N([4, 3, 4, 7, 6], 7) = 16806
N([4, 3, 4, 7, 7], 7) = 16806
N([4, 3, 5, 1, 1], 7) = 16806
N([4, 3, 5, 1, 2], 7) = 16806
N([4, 3, 5, 1, 3], 7) = 16806
N([4, 3, 5, 1, 4], 7) = 16806
N([4, 3, 5, 1, 5], 7) = 16806
N([4, 3, 5, 1, 6], 7) = 16806
N([4, 3, 5, 1, 7], 7) = 16806
N([4, 3, 5, 2, 1], 7) = 16806
N([4, 3, 5, 2, 2], 7) = 16806
N([4, 3, 5, 2, 3], 7) = 16806
N([4, 3, 5, 2, 4], 7) = 16806
N([4, 3, 5, 2, 5], 7) = 16806
N([4, 3, 5, 2, 6], 7) = 16806
N([4, 3, 5, 2, 7], 7) = 16806
N([4, 3, 5, 3, 1], 7) = 16806
N([4, 3, 5, 3, 2], 7) = 16806
N([4, 3, 5, 3, 3], 7) = 16806
N([4, 3, 5, 3, 4], 7) = 16806
N([4, 3, 5, 3, 5], 7) = 16806
N([4, 3, 5, 3, 6], 7) = 16806
N([4, 3, 5, 3, 7], 7) = 16806
N([4, 3, 5, 4, 1], 7) = 16806
N([4, 3, 5, 4, 2], 7) = 16806
N([4, 3, 5, 4, 3], 7) = 16806
N([4, 3, 5, 4, 4], 7) = 16806
N([4, 3, 5, 4, 5], 7) = 16806
N([4, 3, 5, 4, 6], 7) = 16806
N([4, 3, 5, 4, 7], 7) = 16806
N([4, 3, 5, 5, 1], 7) = 16806
N([4, 3, 5, 5, 2], 7) = 16806
N([4, 3, 5, 5, 3], 7) = 16806
N([4, 3, 5, 5, 4], 7) = 16806
N([4, 3, 5, 5, 5], 7) = 16806
N([4, 3, 5, 5, 6], 7) = 16806
N([4, 3, 5, 5, 7], 7) = 16806
N([4, 3, 5, 6, 1], 7) = 16806
N([4, 3, 5, 6, 2], 7) = 16806
N([4, 3, 5, 6, 3], 7) = 16806
N([4, 3, 5, 6, 4], 7) = 16806
N([4, 3, 5, 6, 5], 7) = 16806
N([4, 3, 5, 6, 6], 7) = 16806
N([4, 3, 5, 6, 7], 7) = 16806
N([4, 3, 5, 7, 1], 7) = 16806
N([4, 3, 5, 7, 2], 7) = 16806
N([4, 3, 5, 7, 3], 7) = 16806
N([4, 3, 5, 7, 4], 7) = 16806
N([4, 3, 5, 7, 5], 7) = 16806
N([4, 3, 5, 7, 6], 7) = 16806
N([4, 3, 5, 7, 7], 7) = 16806
N([4, 3, 6, 1, 1], 7) = 16806
N([4, 3, 6, 1, 2], 7) = 16806
N([4, 3, 6, 1, 3], 7) = 16806
N([4, 3, 6, 1, 4], 7) = 16806
N([4, 3, 6, 1, 5], 7) = 16806
N([4, 3, 6, 1, 6], 7) = 16806
N([4, 3, 6, 1, 7], 7) = 16806
N([4, 3, 6, 2, 1], 7) = 16806
N([4, 3, 6, 2, 2], 7) = 16806
N([4, 3, 6, 2, 3], 7) = 16806
N([4, 3, 6, 2, 4], 7) = 16806
N([4, 3, 6, 2, 5], 7) = 16806
N([4, 3, 6, 2, 6], 7) = 16806
N([4, 3, 6, 2, 7], 7) = 16806
N([4, 3, 6, 3, 1], 7) = 16806
N([4, 3, 6, 3, 2], 7) = 16806
N([4, 3, 6, 3, 3], 7) = 16806
N([4, 3, 6, 3, 4], 7) = 16806
N([4, 3, 6, 3, 5], 7) = 16806
N([4, 3, 6, 3, 6], 7) = 16806
N([4, 3, 6, 3, 7], 7) = 16806
N([4, 3, 6, 4, 1], 7) = 16806
N([4, 3, 6, 4, 2], 7) = 16806
N([4, 3, 6, 4, 3], 7) = 16806
N([4, 3, 6, 4, 4], 7) = 16806
N([4, 3, 6, 4, 5], 7) = 16806
N([4, 3, 6, 4, 6], 7) = 16806
N([4, 3, 6, 4, 7], 7) = 16806
N([4, 3, 6, 5, 1], 7) = 16806
N([4, 3, 6, 5, 2], 7) = 16806
N([4, 3, 6, 5, 3], 7) = 16806
N([4, 3, 6, 5, 4], 7) = 16806
N([4, 3, 6, 5, 5], 7) = 16806
N([4, 3, 6, 5, 6], 7) = 16806
N([4, 3, 6, 5, 7], 7) = 16806
N([4, 3, 6, 6, 1], 7) = 16806
N([4, 3, 6, 6, 2], 7) = 16806
N([4, 3, 6, 6, 3], 7) = 16806
N([4, 3, 6, 6, 4], 7) = 16806
N([4, 3, 6, 6, 5], 7) = 16806
N([4, 3, 6, 6, 6], 7) = 16806
N([4, 3, 6, 6, 7], 7) = 16806
N([4, 3, 6, 7, 1], 7) = 16806
N([4, 3, 6, 7, 2], 7) = 16806
N([4, 3, 6, 7, 3], 7) = 16806
N([4, 3, 6, 7, 4], 7) = 16806
N([4, 3, 6, 7, 5], 7) = 16806
N([4, 3, 6, 7, 6], 7) = 16806
N([4, 3, 6, 7, 7], 7) = 16806
N([4, 3, 7, 1, 1], 7) = 16806
N([4, 3, 7, 1, 2], 7) = 16806
N([4, 3, 7, 1, 3], 7) = 16806
N([4, 3, 7, 1, 4], 7) = 16806
N([4, 3, 7, 1, 5], 7) = 16806
N([4, 3, 7, 1, 6], 7) = 16806
N([4, 3, 7, 1, 7], 7) = 16806
N([4, 3, 7, 2, 1], 7) = 16806
N([4, 3, 7, 2, 2], 7) = 16806
N([4, 3, 7, 2, 3], 7) = 16806
N([4, 3, 7, 2, 4], 7) = 16806
N([4, 3, 7, 2, 5], 7) = 16806
N([4, 3, 7, 2, 6], 7) = 16806
N([4, 3, 7, 2, 7], 7) = 16806
N([4, 3, 7, 3, 1], 7) = 16806
N([4, 3, 7, 3, 2], 7) = 16806
N([4, 3, 7, 3, 3], 7) = 16806
N([4, 3, 7, 3, 4], 7) = 16806
N([4, 3, 7, 3, 5], 7) = 16806
N([4, 3, 7, 3, 6], 7) = 16806
N([4, 3, 7, 3, 7], 7) = 16806
N([4, 3, 7, 4, 1], 7) = 16806
N([4, 3, 7, 4, 2], 7) = 16806
N([4, 3, 7, 4, 3], 7) = 16806
N([4, 3, 7, 4, 4], 7) = 16806
N([4, 3, 7, 4, 5], 7) = 16806
N([4, 3, 7, 4, 6], 7) = 16806
N([4, 3, 7, 4, 7], 7) = 16806
N([4, 3, 7, 5, 1], 7) = 16806
N([4, 3, 7, 5, 2], 7) = 16806
N([4, 3, 7, 5, 3], 7) = 16806
N([4, 3, 7, 5, 4], 7) = 16806
N([4, 3, 7, 5, 5], 7) = 16806
N([4, 3, 7, 5, 6], 7) = 16806
N([4, 3, 7, 5, 7], 7) = 16806
N([4, 3, 7, 6, 1], 7) = 16806
N([4, 3, 7, 6, 2], 7) = 16806
N([4, 3, 7, 6, 3], 7) = 16806
N([4, 3, 7, 6, 4], 7) = 16806
N([4, 3, 7, 6, 5], 7) = 16806
N([4, 3, 7, 6, 6], 7) = 16806
N([4, 3, 7, 6, 7], 7) = 16806
N([4, 3, 7, 7, 1], 7) = 16806
N([4, 3, 7, 7, 2], 7) = 16806
N([4, 3, 7, 7, 3], 7) = 16806
N([4, 3, 7, 7, 4], 7) = 16806
N([4, 3, 7, 7, 5], 7) = 16806
N([4, 3, 7, 7, 6], 7) = 16806
N([4, 3, 7, 7, 7], 7) = 16806
N([4, 4, 1, 1, 1], 7) = 16806
N([4, 4, 1, 1, 2], 7) = 16806
N([4, 4, 1, 1, 3], 7) = 16806
N([4, 4, 1, 1, 4], 7) = 16806
N([4, 4, 1, 1, 5], 7) = 16806
N([4, 4, 1, 1, 6], 7) = 16806
N([4, 4, 1, 1, 7], 7) = 16806
N([4, 4, 1, 2, 1], 7) = 16806
N([4, 4, 1, 2, 2], 7) = 16806
N([4, 4, 1, 2, 3], 7) = 16806
N([4, 4, 1, 2, 4], 7) = 16806
N([4, 4, 1, 2, 5], 7) = 16806
N([4, 4, 1, 2, 6], 7) = 16806
N([4, 4, 1, 2, 7], 7) = 16806
N([4, 4, 1, 3, 1], 7) = 16806
N([4, 4, 1, 3, 2], 7) = 16806
N([4, 4, 1, 3, 3], 7) = 16806
N([4, 4, 1, 3, 4], 7) = 16806
N([4, 4, 1, 3, 5], 7) = 16806
N([4, 4, 1, 3, 6], 7) = 16806
N([4, 4, 1, 3, 7], 7) = 16806
N([4, 4, 1, 4, 1], 7) = 16806
N([4, 4, 1, 4, 2], 7) = 16806
N([4, 4, 1, 4, 3], 7) = 16806
N([4, 4, 1, 4, 4], 7) = 16806
N([4, 4, 1, 4, 5], 7) = 16806
N([4, 4, 1, 4, 6], 7) = 16806
N([4, 4, 1, 4, 7], 7) = 16806
N([4, 4, 1, 5, 1], 7) = 16806
N([4, 4, 1, 5, 2], 7) = 16806
N([4, 4, 1, 5, 3], 7) = 16806
N([4, 4, 1, 5, 4], 7) = 16806
N([4, 4, 1, 5, 5], 7) = 16806
N([4, 4, 1, 5, 6], 7) = 16806
N([4, 4, 1, 5, 7], 7) = 16806
N([4, 4, 1, 6, 1], 7) = 16806
N([4, 4, 1, 6, 2], 7) = 16806
N([4, 4, 1, 6, 3], 7) = 16806
N([4, 4, 1, 6, 4], 7) = 16806
N([4, 4, 1, 6, 5], 7) = 16806
N([4, 4, 1, 6, 6], 7) = 16806
N([4, 4, 1, 6, 7], 7) = 16806
N([4, 4, 1, 7, 1], 7) = 16806
N([4, 4, 1, 7, 2], 7) = 16806
N([4, 4, 1, 7, 3], 7) = 16806
N([4, 4, 1, 7, 4], 7) = 16806
N([4, 4, 1, 7, 5], 7) = 16806
N([4, 4, 1, 7, 6], 7) = 16806
N([4, 4, 1, 7, 7], 7) = 16806
N([4, 4, 2, 1, 1], 7) = 16806
N([4, 4, 2, 1, 2], 7) = 16806
N([4, 4, 2, 1, 3], 7) = 16806
N([4, 4, 2, 1, 4], 7) = 16806
N([4, 4, 2, 1, 5], 7) = 16806
N([4, 4, 2, 1, 6], 7) = 16806
N([4, 4, 2, 1, 7], 7) = 16806
N([4, 4, 2, 2, 1], 7) = 16806
N([4, 4, 2, 2, 2], 7) = 16806
N([4, 4, 2, 2, 3], 7) = 16806
N([4, 4, 2, 2, 4], 7) = 16806
N([4, 4, 2, 2, 5], 7) = 16806
N([4, 4, 2, 2, 6], 7) = 16806
N([4, 4, 2, 2, 7], 7) = 16806
N([4, 4, 2, 3, 1], 7) = 16806
N([4, 4, 2, 3, 2], 7) = 16806
N([4, 4, 2, 3, 3], 7) = 16806
N([4, 4, 2, 3, 4], 7) = 16806
N([4, 4, 2, 3, 5], 7) = 16806
N([4, 4, 2, 3, 6], 7) = 16806
N([4, 4, 2, 3, 7], 7) = 16806
N([4, 4, 2, 4, 1], 7) = 16806
N([4, 4, 2, 4, 2], 7) = 16806
N([4, 4, 2, 4, 3], 7) = 16806
N([4, 4, 2, 4, 4], 7) = 16806
N([4, 4, 2, 4, 5], 7) = 16806
N([4, 4, 2, 4, 6], 7) = 16806
N([4, 4, 2, 4, 7], 7) = 16806
N([4, 4, 2, 5, 1], 7) = 16806
N([4, 4, 2, 5, 2], 7) = 16806
N([4, 4, 2, 5, 3], 7) = 16806
N([4, 4, 2, 5, 4], 7) = 16806
N([4, 4, 2, 5, 5], 7) = 16806
N([4, 4, 2, 5, 6], 7) = 16806
N([4, 4, 2, 5, 7], 7) = 16806
N([4, 4, 2, 6, 1], 7) = 16806
N([4, 4, 2, 6, 2], 7) = 16806
N([4, 4, 2, 6, 3], 7) = 16806
N([4, 4, 2, 6, 4], 7) = 16806
N([4, 4, 2, 6, 5], 7) = 16806
N([4, 4, 2, 6, 6], 7) = 16806
N([4, 4, 2, 6, 7], 7) = 16806
N([4, 4, 2, 7, 1], 7) = 16806
N([4, 4, 2, 7, 2], 7) = 16806
N([4, 4, 2, 7, 3], 7) = 16806
N([4, 4, 2, 7, 4], 7) = 16806
N([4, 4, 2, 7, 5], 7) = 16806
N([4, 4, 2, 7, 6], 7) = 16806
N([4, 4, 2, 7, 7], 7) = 16806
N([4, 4, 3, 1, 1], 7) = 16806
N([4, 4, 3, 1, 2], 7) = 16806
N([4, 4, 3, 1, 3], 7) = 16806
N([4, 4, 3, 1, 4], 7) = 16806
N([4, 4, 3, 1, 5], 7) = 16806
N([4, 4, 3, 1, 6], 7) = 16806
N([4, 4, 3, 1, 7], 7) = 16806
N([4, 4, 3, 2, 1], 7) = 16806
N([4, 4, 3, 2, 2], 7) = 16806
N([4, 4, 3, 2, 3], 7) = 16806
N([4, 4, 3, 2, 4], 7) = 16806
N([4, 4, 3, 2, 5], 7) = 16806
N([4, 4, 3, 2, 6], 7) = 16806
N([4, 4, 3, 2, 7], 7) = 16806
N([4, 4, 3, 3, 1], 7) = 16806
N([4, 4, 3, 3, 2], 7) = 16806
N([4, 4, 3, 3, 3], 7) = 16806
N([4, 4, 3, 3, 4], 7) = 16806
N([4, 4, 3, 3, 5], 7) = 16806
N([4, 4, 3, 3, 6], 7) = 16806
N([4, 4, 3, 3, 7], 7) = 16806
N([4, 4, 3, 4, 1], 7) = 16806
N([4, 4, 3, 4, 2], 7) = 16806
N([4, 4, 3, 4, 3], 7) = 16806
N([4, 4, 3, 4, 4], 7) = 16806
N([4, 4, 3, 4, 5], 7) = 16806
N([4, 4, 3, 4, 6], 7) = 16806
N([4, 4, 3, 4, 7], 7) = 16806
N([4, 4, 3, 5, 1], 7) = 16806
N([4, 4, 3, 5, 2], 7) = 16806
N([4, 4, 3, 5, 3], 7) = 16806
N([4, 4, 3, 5, 4], 7) = 16806
N([4, 4, 3, 5, 5], 7) = 16806
N([4, 4, 3, 5, 6], 7) = 16806
N([4, 4, 3, 5, 7], 7) = 16806
N([4, 4, 3, 6, 1], 7) = 16806
N([4, 4, 3, 6, 2], 7) = 16806
N([4, 4, 3, 6, 3], 7) = 16806
N([4, 4, 3, 6, 4], 7) = 16806
N([4, 4, 3, 6, 5], 7) = 16806
N([4, 4, 3, 6, 6], 7) = 16806
N([4, 4, 3, 6, 7], 7) = 16806
N([4, 4, 3, 7, 1], 7) = 16806
N([4, 4, 3, 7, 2], 7) = 16806
N([4, 4, 3, 7, 3], 7) = 16806
N([4, 4, 3, 7, 4], 7) = 16806
N([4, 4, 3, 7, 5], 7) = 16806
N([4, 4, 3, 7, 6], 7) = 16806
N([4, 4, 3, 7, 7], 7) = 16806
N([4, 4, 4, 1, 1], 7) = 16806
N([4, 4, 4, 1, 2], 7) = 16806
N([4, 4, 4, 1, 3], 7) = 16806
N([4, 4, 4, 1, 4], 7) = 16806
N([4, 4, 4, 1, 5], 7) = 16806
N([4, 4, 4, 1, 6], 7) = 16806
N([4, 4, 4, 1, 7], 7) = 16806
N([4, 4, 4, 2, 1], 7) = 16806
N([4, 4, 4, 2, 2], 7) = 16806
N([4, 4, 4, 2, 3], 7) = 16806
N([4, 4, 4, 2, 4], 7) = 16806
N([4, 4, 4, 2, 5], 7) = 16806
N([4, 4, 4, 2, 6], 7) = 16806
N([4, 4, 4, 2, 7], 7) = 16806
N([4, 4, 4, 3, 1], 7) = 16806
N([4, 4, 4, 3, 2], 7) = 16806
N([4, 4, 4, 3, 3], 7) = 16806
N([4, 4, 4, 3, 4], 7) = 16806
N([4, 4, 4, 3, 5], 7) = 16806
N([4, 4, 4, 3, 6], 7) = 16806
N([4, 4, 4, 3, 7], 7) = 16806
N([4, 4, 4, 4, 1], 7) = 16806
N([4, 4, 4, 4, 2], 7) = 16806
N([4, 4, 4, 4, 3], 7) = 16806
N([4, 4, 4, 4, 4], 7) = 16806
N([4, 4, 4, 4, 5], 7) = 16806
N([4, 4, 4, 4, 6], 7) = 16806
N([4, 4, 4, 4, 7], 7) = 16806
N([4, 4, 4, 5, 1], 7) = 16806
N([4, 4, 4, 5, 2], 7) = 16806
N([4, 4, 4, 5, 3], 7) = 16806
N([4, 4, 4, 5, 4], 7) = 16806
N([4, 4, 4, 5, 5], 7) = 16806
N([4, 4, 4, 5, 6], 7) = 16806
N([4, 4, 4, 5, 7], 7) = 16806
N([4, 4, 4, 6, 1], 7) = 16806
N([4, 4, 4, 6, 2], 7) = 16806
N([4, 4, 4, 6, 3], 7) = 16806
N([4, 4, 4, 6, 4], 7) = 16806
N([4, 4, 4, 6, 5], 7) = 16806
N([4, 4, 4, 6, 6], 7) = 16806
N([4, 4, 4, 6, 7], 7) = 16806
N([4, 4, 4, 7, 1], 7) = 16806
N([4, 4, 4, 7, 2], 7) = 16806
N([4, 4, 4, 7, 3], 7) = 16806
N([4, 4, 4, 7, 4], 7) = 16806
N([4, 4, 4, 7, 5], 7) = 16806
N([4, 4, 4, 7, 6], 7) = 16806
N([4, 4, 4, 7, 7], 7) = 16806
N([4, 4, 5, 1, 1], 7) = 16806
N([4, 4, 5, 1, 2], 7) = 16806
N([4, 4, 5, 1, 3], 7) = 16806
N([4, 4, 5, 1, 4], 7) = 16806
N([4, 4, 5, 1, 5], 7) = 16806
N([4, 4, 5, 1, 6], 7) = 16806
N([4, 4, 5, 1, 7], 7) = 16806
N([4, 4, 5, 2, 1], 7) = 16806
N([4, 4, 5, 2, 2], 7) = 16806
N([4, 4, 5, 2, 3], 7) = 16806
N([4, 4, 5, 2, 4], 7) = 16806
N([4, 4, 5, 2, 5], 7) = 16806
N([4, 4, 5, 2, 6], 7) = 16806
N([4, 4, 5, 2, 7], 7) = 16806
N([4, 4, 5, 3, 1], 7) = 16806
N([4, 4, 5, 3, 2], 7) = 16806
N([4, 4, 5, 3, 3], 7) = 16806
N([4, 4, 5, 3, 4], 7) = 16806
N([4, 4, 5, 3, 5], 7) = 16806
N([4, 4, 5, 3, 6], 7) = 16806
N([4, 4, 5, 3, 7], 7) = 16806
N([4, 4, 5, 4, 1], 7) = 16806
N([4, 4, 5, 4, 2], 7) = 16806
N([4, 4, 5, 4, 3], 7) = 16806
N([4, 4, 5, 4, 4], 7) = 16806
N([4, 4, 5, 4, 5], 7) = 16806
N([4, 4, 5, 4, 6], 7) = 16806
N([4, 4, 5, 4, 7], 7) = 16806
N([4, 4, 5, 5, 1], 7) = 16806
N([4, 4, 5, 5, 2], 7) = 16806
N([4, 4, 5, 5, 3], 7) = 16806
N([4, 4, 5, 5, 4], 7) = 16806
N([4, 4, 5, 5, 5], 7) = 16806
N([4, 4, 5, 5, 6], 7) = 16806
N([4, 4, 5, 5, 7], 7) = 16806
N([4, 4, 5, 6, 1], 7) = 16806
N([4, 4, 5, 6, 2], 7) = 16806
N([4, 4, 5, 6, 3], 7) = 16806
N([4, 4, 5, 6, 4], 7) = 16806
N([4, 4, 5, 6, 5], 7) = 16806
N([4, 4, 5, 6, 6], 7) = 16806
N([4, 4, 5, 6, 7], 7) = 16806
N([4, 4, 5, 7, 1], 7) = 16806
N([4, 4, 5, 7, 2], 7) = 16806
N([4, 4, 5, 7, 3], 7) = 16806
N([4, 4, 5, 7, 4], 7) = 16806
N([4, 4, 5, 7, 5], 7) = 16806
N([4, 4, 5, 7, 6], 7) = 16806
N([4, 4, 5, 7, 7], 7) = 16806
N([4, 4, 6, 1, 1], 7) = 16806
N([4, 4, 6, 1, 2], 7) = 16806
N([4, 4, 6, 1, 3], 7) = 16806
N([4, 4, 6, 1, 4], 7) = 16806
N([4, 4, 6, 1, 5], 7) = 16806
N([4, 4, 6, 1, 6], 7) = 16806
N([4, 4, 6, 1, 7], 7) = 16806
N([4, 4, 6, 2, 1], 7) = 16806
N([4, 4, 6, 2, 2], 7) = 16806
N([4, 4, 6, 2, 3], 7) = 16806
N([4, 4, 6, 2, 4], 7) = 16806
N([4, 4, 6, 2, 5], 7) = 16806
N([4, 4, 6, 2, 6], 7) = 16806
N([4, 4, 6, 2, 7], 7) = 16806
N([4, 4, 6, 3, 1], 7) = 16806
N([4, 4, 6, 3, 2], 7) = 16806
N([4, 4, 6, 3, 3], 7) = 16806
N([4, 4, 6, 3, 4], 7) = 16806
N([4, 4, 6, 3, 5], 7) = 16806
N([4, 4, 6, 3, 6], 7) = 16806
N([4, 4, 6, 3, 7], 7) = 16806
N([4, 4, 6, 4, 1], 7) = 16806
N([4, 4, 6, 4, 2], 7) = 16806
N([4, 4, 6, 4, 3], 7) = 16806
N([4, 4, 6, 4, 4], 7) = 16806
N([4, 4, 6, 4, 5], 7) = 16806
N([4, 4, 6, 4, 6], 7) = 16806
N([4, 4, 6, 4, 7], 7) = 16806
N([4, 4, 6, 5, 1], 7) = 16806
N([4, 4, 6, 5, 2], 7) = 16806
N([4, 4, 6, 5, 3], 7) = 16806
N([4, 4, 6, 5, 4], 7) = 16806
N([4, 4, 6, 5, 5], 7) = 16806
N([4, 4, 6, 5, 6], 7) = 16806
N([4, 4, 6, 5, 7], 7) = 16806
N([4, 4, 6, 6, 1], 7) = 16806
N([4, 4, 6, 6, 2], 7) = 16806
N([4, 4, 6, 6, 3], 7) = 16806
N([4, 4, 6, 6, 4], 7) = 16806
N([4, 4, 6, 6, 5], 7) = 16806
N([4, 4, 6, 6, 6], 7) = 16806
N([4, 4, 6, 6, 7], 7) = 16806
N([4, 4, 6, 7, 1], 7) = 16806
N([4, 4, 6, 7, 2], 7) = 16806
N([4, 4, 6, 7, 3], 7) = 16806
N([4, 4, 6, 7, 4], 7) = 16806
N([4, 4, 6, 7, 5], 7) = 16806
N([4, 4, 6, 7, 6], 7) = 16806
N([4, 4, 6, 7, 7], 7) = 16806
N([4, 4, 7, 1, 1], 7) = 16806
N([4, 4, 7, 1, 2], 7) = 16806
N([4, 4, 7, 1, 3], 7) = 16806
N([4, 4, 7, 1, 4], 7) = 16806
N([4, 4, 7, 1, 5], 7) = 16806
N([4, 4, 7, 1, 6], 7) = 16806
N([4, 4, 7, 1, 7], 7) = 16806
N([4, 4, 7, 2, 1], 7) = 16806
N([4, 4, 7, 2, 2], 7) = 16806
N([4, 4, 7, 2, 3], 7) = 16806
N([4, 4, 7, 2, 4], 7) = 16806
N([4, 4, 7, 2, 5], 7) = 16806
N([4, 4, 7, 2, 6], 7) = 16806
N([4, 4, 7, 2, 7], 7) = 16806
N([4, 4, 7, 3, 1], 7) = 16806
N([4, 4, 7, 3, 2], 7) = 16806
N([4, 4, 7, 3, 3], 7) = 16806
N([4, 4, 7, 3, 4], 7) = 16806
N([4, 4, 7, 3, 5], 7) = 16806
N([4, 4, 7, 3, 6], 7) = 16806
N([4, 4, 7, 3, 7], 7) = 16806
N([4, 4, 7, 4, 1], 7) = 16806
N([4, 4, 7, 4, 2], 7) = 16806
N([4, 4, 7, 4, 3], 7) = 16806
N([4, 4, 7, 4, 4], 7) = 16806
N([4, 4, 7, 4, 5], 7) = 16806
N([4, 4, 7, 4, 6], 7) = 16806
N([4, 4, 7, 4, 7], 7) = 16806
N([4, 4, 7, 5, 1], 7) = 16806
N([4, 4, 7, 5, 2], 7) = 16806
N([4, 4, 7, 5, 3], 7) = 16806
N([4, 4, 7, 5, 4], 7) = 16806
N([4, 4, 7, 5, 5], 7) = 16806
N([4, 4, 7, 5, 6], 7) = 16806
N([4, 4, 7, 5, 7], 7) = 16806
N([4, 4, 7, 6, 1], 7) = 16806
N([4, 4, 7, 6, 2], 7) = 16806
N([4, 4, 7, 6, 3], 7) = 16806
N([4, 4, 7, 6, 4], 7) = 16806
N([4, 4, 7, 6, 5], 7) = 16806
N([4, 4, 7, 6, 6], 7) = 16806
N([4, 4, 7, 6, 7], 7) = 16806
N([4, 4, 7, 7, 1], 7) = 16806
N([4, 4, 7, 7, 2], 7) = 16806
N([4, 4, 7, 7, 3], 7) = 16806
N([4, 4, 7, 7, 4], 7) = 16806
N([4, 4, 7, 7, 5], 7) = 16806
N([4, 4, 7, 7, 6], 7) = 16806
N([4, 4, 7, 7, 7], 7) = 16806
N([4, 5, 1, 1, 1], 7) = 16806
N([4, 5, 1, 1, 2], 7) = 16806
N([4, 5, 1, 1, 3], 7) = 16806
N([4, 5, 1, 1, 4], 7) = 16806
N([4, 5, 1, 1, 5], 7) = 16806
N([4, 5, 1, 1, 6], 7) = 16806
N([4, 5, 1, 1, 7], 7) = 16806
N([4, 5, 1, 2, 1], 7) = 16806
N([4, 5, 1, 2, 2], 7) = 16806
N([4, 5, 1, 2, 3], 7) = 16806
N([4, 5, 1, 2, 4], 7) = 16806
N([4, 5, 1, 2, 5], 7) = 16806
N([4, 5, 1, 2, 6], 7) = 16806
N([4, 5, 1, 2, 7], 7) = 16806
N([4, 5, 1, 3, 1], 7) = 16806
N([4, 5, 1, 3, 2], 7) = 16806
N([4, 5, 1, 3, 3], 7) = 16806
N([4, 5, 1, 3, 4], 7) = 16806
N([4, 5, 1, 3, 5], 7) = 16806
N([4, 5, 1, 3, 6], 7) = 16806
N([4, 5, 1, 3, 7], 7) = 16806
N([4, 5, 1, 4, 1], 7) = 16806
N([4, 5, 1, 4, 2], 7) = 16806
N([4, 5, 1, 4, 3], 7) = 16806
N([4, 5, 1, 4, 4], 7) = 16806
N([4, 5, 1, 4, 5], 7) = 16806
N([4, 5, 1, 4, 6], 7) = 16806
N([4, 5, 1, 4, 7], 7) = 16806
N([4, 5, 1, 5, 1], 7) = 16806
N([4, 5, 1, 5, 2], 7) = 16806
N([4, 5, 1, 5, 3], 7) = 16806
N([4, 5, 1, 5, 4], 7) = 16806
N([4, 5, 1, 5, 5], 7) = 16806
N([4, 5, 1, 5, 6], 7) = 16806
N([4, 5, 1, 5, 7], 7) = 16806
N([4, 5, 1, 6, 1], 7) = 16806
N([4, 5, 1, 6, 2], 7) = 16806
N([4, 5, 1, 6, 3], 7) = 16806
N([4, 5, 1, 6, 4], 7) = 16806
N([4, 5, 1, 6, 5], 7) = 16806
N([4, 5, 1, 6, 6], 7) = 16806
N([4, 5, 1, 6, 7], 7) = 16806
N([4, 5, 1, 7, 1], 7) = 16806
N([4, 5, 1, 7, 2], 7) = 16806
N([4, 5, 1, 7, 3], 7) = 16806
N([4, 5, 1, 7, 4], 7) = 16806
N([4, 5, 1, 7, 5], 7) = 16806
N([4, 5, 1, 7, 6], 7) = 16806
N([4, 5, 1, 7, 7], 7) = 16806
N([4, 5, 2, 1, 1], 7) = 16806
N([4, 5, 2, 1, 2], 7) = 16806
N([4, 5, 2, 1, 3], 7) = 16806
N([4, 5, 2, 1, 4], 7) = 16806
N([4, 5, 2, 1, 5], 7) = 16806
N([4, 5, 2, 1, 6], 7) = 16806
N([4, 5, 2, 1, 7], 7) = 16806
N([4, 5, 2, 2, 1], 7) = 16806
N([4, 5, 2, 2, 2], 7) = 16806
N([4, 5, 2, 2, 3], 7) = 16806
N([4, 5, 2, 2, 4], 7) = 16806
N([4, 5, 2, 2, 5], 7) = 16806
N([4, 5, 2, 2, 6], 7) = 16806
N([4, 5, 2, 2, 7], 7) = 16806
N([4, 5, 2, 3, 1], 7) = 16806
N([4, 5, 2, 3, 2], 7) = 16806
N([4, 5, 2, 3, 3], 7) = 16806
N([4, 5, 2, 3, 4], 7) = 16806
N([4, 5, 2, 3, 5], 7) = 16806
N([4, 5, 2, 3, 6], 7) = 16806
N([4, 5, 2, 3, 7], 7) = 16806
N([4, 5, 2, 4, 1], 7) = 16806
N([4, 5, 2, 4, 2], 7) = 16806
N([4, 5, 2, 4, 3], 7) = 16806
N([4, 5, 2, 4, 4], 7) = 16806
N([4, 5, 2, 4, 5], 7) = 16806
N([4, 5, 2, 4, 6], 7) = 16806
N([4, 5, 2, 4, 7], 7) = 16806
N([4, 5, 2, 5, 1], 7) = 16806
N([4, 5, 2, 5, 2], 7) = 16806
N([4, 5, 2, 5, 3], 7) = 16806
N([4, 5, 2, 5, 4], 7) = 16806
N([4, 5, 2, 5, 5], 7) = 16806
N([4, 5, 2, 5, 6], 7) = 16806
N([4, 5, 2, 5, 7], 7) = 16806
N([4, 5, 2, 6, 1], 7) = 16806
N([4, 5, 2, 6, 2], 7) = 16806
N([4, 5, 2, 6, 3], 7) = 16806
N([4, 5, 2, 6, 4], 7) = 16806
N([4, 5, 2, 6, 5], 7) = 16806
N([4, 5, 2, 6, 6], 7) = 16806
N([4, 5, 2, 6, 7], 7) = 16806
N([4, 5, 2, 7, 1], 7) = 16806
N([4, 5, 2, 7, 2], 7) = 16806
N([4, 5, 2, 7, 3], 7) = 16806
N([4, 5, 2, 7, 4], 7) = 16806
N([4, 5, 2, 7, 5], 7) = 16806
N([4, 5, 2, 7, 6], 7) = 16806
N([4, 5, 2, 7, 7], 7) = 16806
N([4, 5, 3, 1, 1], 7) = 16806
N([4, 5, 3, 1, 2], 7) = 16806
N([4, 5, 3, 1, 3], 7) = 16806
N([4, 5, 3, 1, 4], 7) = 16806
N([4, 5, 3, 1, 5], 7) = 16806
N([4, 5, 3, 1, 6], 7) = 16806
N([4, 5, 3, 1, 7], 7) = 16806
N([4, 5, 3, 2, 1], 7) = 16806
N([4, 5, 3, 2, 2], 7) = 16806
N([4, 5, 3, 2, 3], 7) = 16806
N([4, 5, 3, 2, 4], 7) = 16806
N([4, 5, 3, 2, 5], 7) = 16806
N([4, 5, 3, 2, 6], 7) = 16806
N([4, 5, 3, 2, 7], 7) = 16806
N([4, 5, 3, 3, 1], 7) = 16806
N([4, 5, 3, 3, 2], 7) = 16806
N([4, 5, 3, 3, 3], 7) = 16806
N([4, 5, 3, 3, 4], 7) = 16806
N([4, 5, 3, 3, 5], 7) = 16806
N([4, 5, 3, 3, 6], 7) = 16806
N([4, 5, 3, 3, 7], 7) = 16806
N([4, 5, 3, 4, 1], 7) = 16806
N([4, 5, 3, 4, 2], 7) = 16806
N([4, 5, 3, 4, 3], 7) = 16806
N([4, 5, 3, 4, 4], 7) = 16806
N([4, 5, 3, 4, 5], 7) = 16806
N([4, 5, 3, 4, 6], 7) = 16806
N([4, 5, 3, 4, 7], 7) = 16806
N([4, 5, 3, 5, 1], 7) = 16806
N([4, 5, 3, 5, 2], 7) = 16806
N([4, 5, 3, 5, 3], 7) = 16806
N([4, 5, 3, 5, 4], 7) = 16806
N([4, 5, 3, 5, 5], 7) = 16806
N([4, 5, 3, 5, 6], 7) = 16806
N([4, 5, 3, 5, 7], 7) = 16806
N([4, 5, 3, 6, 1], 7) = 16806
N([4, 5, 3, 6, 2], 7) = 16806
N([4, 5, 3, 6, 3], 7) = 16806
N([4, 5, 3, 6, 4], 7) = 16806
N([4, 5, 3, 6, 5], 7) = 16806
N([4, 5, 3, 6, 6], 7) = 16806
N([4, 5, 3, 6, 7], 7) = 16806
N([4, 5, 3, 7, 1], 7) = 16806
N([4, 5, 3, 7, 2], 7) = 16806
N([4, 5, 3, 7, 3], 7) = 16806
N([4, 5, 3, 7, 4], 7) = 16806
N([4, 5, 3, 7, 5], 7) = 16806
N([4, 5, 3, 7, 6], 7) = 16806
N([4, 5, 3, 7, 7], 7) = 16806
N([4, 5, 4, 1, 1], 7) = 16806
N([4, 5, 4, 1, 2], 7) = 16806
N([4, 5, 4, 1, 3], 7) = 16806
N([4, 5, 4, 1, 4], 7) = 16806
N([4, 5, 4, 1, 5], 7) = 16806
N([4, 5, 4, 1, 6], 7) = 16806
N([4, 5, 4, 1, 7], 7) = 16806
N([4, 5, 4, 2, 1], 7) = 16806
N([4, 5, 4, 2, 2], 7) = 16806
N([4, 5, 4, 2, 3], 7) = 16806
N([4, 5, 4, 2, 4], 7) = 16806
N([4, 5, 4, 2, 5], 7) = 16806
N([4, 5, 4, 2, 6], 7) = 16806
N([4, 5, 4, 2, 7], 7) = 16806
N([4, 5, 4, 3, 1], 7) = 16806
N([4, 5, 4, 3, 2], 7) = 16806
N([4, 5, 4, 3, 3], 7) = 16806
N([4, 5, 4, 3, 4], 7) = 16806
N([4, 5, 4, 3, 5], 7) = 16806
N([4, 5, 4, 3, 6], 7) = 16806
N([4, 5, 4, 3, 7], 7) = 16806
N([4, 5, 4, 4, 1], 7) = 16806
N([4, 5, 4, 4, 2], 7) = 16806
N([4, 5, 4, 4, 3], 7) = 16806
N([4, 5, 4, 4, 4], 7) = 16806
N([4, 5, 4, 4, 5], 7) = 16806
N([4, 5, 4, 4, 6], 7) = 16806
N([4, 5, 4, 4, 7], 7) = 16806
N([4, 5, 4, 5, 1], 7) = 16806
N([4, 5, 4, 5, 2], 7) = 16806
N([4, 5, 4, 5, 3], 7) = 16806
N([4, 5, 4, 5, 4], 7) = 16806
N([4, 5, 4, 5, 5], 7) = 16806
N([4, 5, 4, 5, 6], 7) = 16806
N([4, 5, 4, 5, 7], 7) = 16806
N([4, 5, 4, 6, 1], 7) = 16806
N([4, 5, 4, 6, 2], 7) = 16806
N([4, 5, 4, 6, 3], 7) = 16806
N([4, 5, 4, 6, 4], 7) = 16806
N([4, 5, 4, 6, 5], 7) = 16806
N([4, 5, 4, 6, 6], 7) = 16806
N([4, 5, 4, 6, 7], 7) = 16806
N([4, 5, 4, 7, 1], 7) = 16806
N([4, 5, 4, 7, 2], 7) = 16806
N([4, 5, 4, 7, 3], 7) = 16806
N([4, 5, 4, 7, 4], 7) = 16806
N([4, 5, 4, 7, 5], 7) = 16806
N([4, 5, 4, 7, 6], 7) = 16806
N([4, 5, 4, 7, 7], 7) = 16806
N([4, 5, 5, 1, 1], 7) = 16806
N([4, 5, 5, 1, 2], 7) = 16806
N([4, 5, 5, 1, 3], 7) = 16806
N([4, 5, 5, 1, 4], 7) = 16806
N([4, 5, 5, 1, 5], 7) = 16806
N([4, 5, 5, 1, 6], 7) = 16806
N([4, 5, 5, 1, 7], 7) = 16806
N([4, 5, 5, 2, 1], 7) = 16806
N([4, 5, 5, 2, 2], 7) = 16806
N([4, 5, 5, 2, 3], 7) = 16806
N([4, 5, 5, 2, 4], 7) = 16806
N([4, 5, 5, 2, 5], 7) = 16806
N([4, 5, 5, 2, 6], 7) = 16806
N([4, 5, 5, 2, 7], 7) = 16806
N([4, 5, 5, 3, 1], 7) = 16806
N([4, 5, 5, 3, 2], 7) = 16806
N([4, 5, 5, 3, 3], 7) = 16806
N([4, 5, 5, 3, 4], 7) = 16806
N([4, 5, 5, 3, 5], 7) = 16806
N([4, 5, 5, 3, 6], 7) = 16806
N([4, 5, 5, 3, 7], 7) = 16806
N([4, 5, 5, 4, 1], 7) = 16806
N([4, 5, 5, 4, 2], 7) = 16806
N([4, 5, 5, 4, 3], 7) = 16806
N([4, 5, 5, 4, 4], 7) = 16806
N([4, 5, 5, 4, 5], 7) = 16806
N([4, 5, 5, 4, 6], 7) = 16806
N([4, 5, 5, 4, 7], 7) = 16806
N([4, 5, 5, 5, 1], 7) = 16806
N([4, 5, 5, 5, 2], 7) = 16806
N([4, 5, 5, 5, 3], 7) = 16806
N([4, 5, 5, 5, 4], 7) = 16806
N([4, 5, 5, 5, 5], 7) = 16806
N([4, 5, 5, 5, 6], 7) = 16806
N([4, 5, 5, 5, 7], 7) = 16806
N([4, 5, 5, 6, 1], 7) = 16806
N([4, 5, 5, 6, 2], 7) = 16806
N([4, 5, 5, 6, 3], 7) = 16806
N([4, 5, 5, 6, 4], 7) = 16806
N([4, 5, 5, 6, 5], 7) = 16806
N([4, 5, 5, 6, 6], 7) = 16806
N([4, 5, 5, 6, 7], 7) = 16806
N([4, 5, 5, 7, 1], 7) = 16806
N([4, 5, 5, 7, 2], 7) = 16806
N([4, 5, 5, 7, 3], 7) = 16806
N([4, 5, 5, 7, 4], 7) = 16806
N([4, 5, 5, 7, 5], 7) = 16806
N([4, 5, 5, 7, 6], 7) = 16806
N([4, 5, 5, 7, 7], 7) = 16806
N([4, 5, 6, 1, 1], 7) = 16806
N([4, 5, 6, 1, 2], 7) = 16806
N([4, 5, 6, 1, 3], 7) = 16806
N([4, 5, 6, 1, 4], 7) = 16806
N([4, 5, 6, 1, 5], 7) = 16806
N([4, 5, 6, 1, 6], 7) = 16806
N([4, 5, 6, 1, 7], 7) = 16806
N([4, 5, 6, 2, 1], 7) = 16806
N([4, 5, 6, 2, 2], 7) = 16806
N([4, 5, 6, 2, 3], 7) = 16806
N([4, 5, 6, 2, 4], 7) = 16806
N([4, 5, 6, 2, 5], 7) = 16806
N([4, 5, 6, 2, 6], 7) = 16806
N([4, 5, 6, 2, 7], 7) = 16806
N([4, 5, 6, 3, 1], 7) = 16806
N([4, 5, 6, 3, 2], 7) = 16806
N([4, 5, 6, 3, 3], 7) = 16806
N([4, 5, 6, 3, 4], 7) = 16806
N([4, 5, 6, 3, 5], 7) = 16806
N([4, 5, 6, 3, 6], 7) = 16806
N([4, 5, 6, 3, 7], 7) = 16806
N([4, 5, 6, 4, 1], 7) = 16806
N([4, 5, 6, 4, 2], 7) = 16806
N([4, 5, 6, 4, 3], 7) = 16806
N([4, 5, 6, 4, 4], 7) = 16806
N([4, 5, 6, 4, 5], 7) = 16806
N([4, 5, 6, 4, 6], 7) = 16806
N([4, 5, 6, 4, 7], 7) = 16806
N([4, 5, 6, 5, 1], 7) = 16806
N([4, 5, 6, 5, 2], 7) = 16806
N([4, 5, 6, 5, 3], 7) = 16806
N([4, 5, 6, 5, 4], 7) = 16806
N([4, 5, 6, 5, 5], 7) = 16806
N([4, 5, 6, 5, 6], 7) = 16806
N([4, 5, 6, 5, 7], 7) = 16806
N([4, 5, 6, 6, 1], 7) = 16806
N([4, 5, 6, 6, 2], 7) = 16806
N([4, 5, 6, 6, 3], 7) = 16806
N([4, 5, 6, 6, 4], 7) = 16806
N([4, 5, 6, 6, 5], 7) = 16806
N([4, 5, 6, 6, 6], 7) = 16806
N([4, 5, 6, 6, 7], 7) = 16806
N([4, 5, 6, 7, 1], 7) = 16806
N([4, 5, 6, 7, 2], 7) = 16806
N([4, 5, 6, 7, 3], 7) = 16806
N([4, 5, 6, 7, 4], 7) = 16806
N([4, 5, 6, 7, 5], 7) = 16806
N([4, 5, 6, 7, 6], 7) = 16806
N([4, 5, 6, 7, 7], 7) = 16806
N([4, 5, 7, 1, 1], 7) = 16806
N([4, 5, 7, 1, 2], 7) = 16806
N([4, 5, 7, 1, 3], 7) = 16806
N([4, 5, 7, 1, 4], 7) = 16806
N([4, 5, 7, 1, 5], 7) = 16806
N([4, 5, 7, 1, 6], 7) = 16806
N([4, 5, 7, 1, 7], 7) = 16806
N([4, 5, 7, 2, 1], 7) = 16806
N([4, 5, 7, 2, 2], 7) = 16806
N([4, 5, 7, 2, 3], 7) = 16806
N([4, 5, 7, 2, 4], 7) = 16806
N([4, 5, 7, 2, 5], 7) = 16806
N([4, 5, 7, 2, 6], 7) = 16806
N([4, 5, 7, 2, 7], 7) = 16806
N([4, 5, 7, 3, 1], 7) = 16806
N([4, 5, 7, 3, 2], 7) = 16806
N([4, 5, 7, 3, 3], 7) = 16806
N([4, 5, 7, 3, 4], 7) = 16806
N([4, 5, 7, 3, 5], 7) = 16806
N([4, 5, 7, 3, 6], 7) = 16806
N([4, 5, 7, 3, 7], 7) = 16806
N([4, 5, 7, 4, 1], 7) = 16806
N([4, 5, 7, 4, 2], 7) = 16806
N([4, 5, 7, 4, 3], 7) = 16806
N([4, 5, 7, 4, 4], 7) = 16806
N([4, 5, 7, 4, 5], 7) = 16806
N([4, 5, 7, 4, 6], 7) = 16806
N([4, 5, 7, 4, 7], 7) = 16806
N([4, 5, 7, 5, 1], 7) = 16806
N([4, 5, 7, 5, 2], 7) = 16806
N([4, 5, 7, 5, 3], 7) = 16806
N([4, 5, 7, 5, 4], 7) = 16806
N([4, 5, 7, 5, 5], 7) = 16806
N([4, 5, 7, 5, 6], 7) = 16806
N([4, 5, 7, 5, 7], 7) = 16806
N([4, 5, 7, 6, 1], 7) = 16806
N([4, 5, 7, 6, 2], 7) = 16806
N([4, 5, 7, 6, 3], 7) = 16806
N([4, 5, 7, 6, 4], 7) = 16806
N([4, 5, 7, 6, 5], 7) = 16806
N([4, 5, 7, 6, 6], 7) = 16806
N([4, 5, 7, 6, 7], 7) = 16806
N([4, 5, 7, 7, 1], 7) = 16806
N([4, 5, 7, 7, 2], 7) = 16806
N([4, 5, 7, 7, 3], 7) = 16806
N([4, 5, 7, 7, 4], 7) = 16806
N([4, 5, 7, 7, 5], 7) = 16806
N([4, 5, 7, 7, 6], 7) = 16806
N([4, 5, 7, 7, 7], 7) = 16806
N([4, 6, 1, 1, 1], 7) = 16806
N([4, 6, 1, 1, 2], 7) = 16806
N([4, 6, 1, 1, 3], 7) = 16806
N([4, 6, 1, 1, 4], 7) = 16806
N([4, 6, 1, 1, 5], 7) = 16806
N([4, 6, 1, 1, 6], 7) = 16806
N([4, 6, 1, 1, 7], 7) = 16806
N([4, 6, 1, 2, 1], 7) = 16806
N([4, 6, 1, 2, 2], 7) = 16806
N([4, 6, 1, 2, 3], 7) = 16806
N([4, 6, 1, 2, 4], 7) = 16806
N([4, 6, 1, 2, 5], 7) = 16806
N([4, 6, 1, 2, 6], 7) = 16806
N([4, 6, 1, 2, 7], 7) = 16806
N([4, 6, 1, 3, 1], 7) = 16806
N([4, 6, 1, 3, 2], 7) = 16806
N([4, 6, 1, 3, 3], 7) = 16806
N([4, 6, 1, 3, 4], 7) = 16806
N([4, 6, 1, 3, 5], 7) = 16806
N([4, 6, 1, 3, 6], 7) = 16806
N([4, 6, 1, 3, 7], 7) = 16806
N([4, 6, 1, 4, 1], 7) = 16806
N([4, 6, 1, 4, 2], 7) = 16806
N([4, 6, 1, 4, 3], 7) = 16806
N([4, 6, 1, 4, 4], 7) = 16806
N([4, 6, 1, 4, 5], 7) = 16806
N([4, 6, 1, 4, 6], 7) = 16806
N([4, 6, 1, 4, 7], 7) = 16806
N([4, 6, 1, 5, 1], 7) = 16806
N([4, 6, 1, 5, 2], 7) = 16806
N([4, 6, 1, 5, 3], 7) = 16806
N([4, 6, 1, 5, 4], 7) = 16806
N([4, 6, 1, 5, 5], 7) = 16806
N([4, 6, 1, 5, 6], 7) = 16806
N([4, 6, 1, 5, 7], 7) = 16806
N([4, 6, 1, 6, 1], 7) = 16806
N([4, 6, 1, 6, 2], 7) = 16806
N([4, 6, 1, 6, 3], 7) = 16806
N([4, 6, 1, 6, 4], 7) = 16806
N([4, 6, 1, 6, 5], 7) = 16806
N([4, 6, 1, 6, 6], 7) = 16806
N([4, 6, 1, 6, 7], 7) = 16806
N([4, 6, 1, 7, 1], 7) = 16806
N([4, 6, 1, 7, 2], 7) = 16806
N([4, 6, 1, 7, 3], 7) = 16806
N([4, 6, 1, 7, 4], 7) = 16806
N([4, 6, 1, 7, 5], 7) = 16806
N([4, 6, 1, 7, 6], 7) = 16806
N([4, 6, 1, 7, 7], 7) = 16806
N([4, 6, 2, 1, 1], 7) = 16806
N([4, 6, 2, 1, 2], 7) = 16806
N([4, 6, 2, 1, 3], 7) = 16806
N([4, 6, 2, 1, 4], 7) = 16806
N([4, 6, 2, 1, 5], 7) = 16806
N([4, 6, 2, 1, 6], 7) = 16806
N([4, 6, 2, 1, 7], 7) = 16806
N([4, 6, 2, 2, 1], 7) = 16806
N([4, 6, 2, 2, 2], 7) = 16806
N([4, 6, 2, 2, 3], 7) = 16806
N([4, 6, 2, 2, 4], 7) = 16806
N([4, 6, 2, 2, 5], 7) = 16806
N([4, 6, 2, 2, 6], 7) = 16806
N([4, 6, 2, 2, 7], 7) = 16806
N([4, 6, 2, 3, 1], 7) = 16806
N([4, 6, 2, 3, 2], 7) = 16806
N([4, 6, 2, 3, 3], 7) = 16806
N([4, 6, 2, 3, 4], 7) = 16806
N([4, 6, 2, 3, 5], 7) = 16806
N([4, 6, 2, 3, 6], 7) = 16806
N([4, 6, 2, 3, 7], 7) = 16806
N([4, 6, 2, 4, 1], 7) = 16806
N([4, 6, 2, 4, 2], 7) = 16806
N([4, 6, 2, 4, 3], 7) = 16806
N([4, 6, 2, 4, 4], 7) = 16806
N([4, 6, 2, 4, 5], 7) = 16806
N([4, 6, 2, 4, 6], 7) = 16806
N([4, 6, 2, 4, 7], 7) = 16806
N([4, 6, 2, 5, 1], 7) = 16806
N([4, 6, 2, 5, 2], 7) = 16806
N([4, 6, 2, 5, 3], 7) = 16806
N([4, 6, 2, 5, 4], 7) = 16806
N([4, 6, 2, 5, 5], 7) = 16806
N([4, 6, 2, 5, 6], 7) = 16806
N([4, 6, 2, 5, 7], 7) = 16806
N([4, 6, 2, 6, 1], 7) = 16806
N([4, 6, 2, 6, 2], 7) = 16806
N([4, 6, 2, 6, 3], 7) = 16806
N([4, 6, 2, 6, 4], 7) = 16806
N([4, 6, 2, 6, 5], 7) = 16806
N([4, 6, 2, 6, 6], 7) = 16806
N([4, 6, 2, 6, 7], 7) = 16806
N([4, 6, 2, 7, 1], 7) = 16806
N([4, 6, 2, 7, 2], 7) = 16806
N([4, 6, 2, 7, 3], 7) = 16806
N([4, 6, 2, 7, 4], 7) = 16806
N([4, 6, 2, 7, 5], 7) = 16806
N([4, 6, 2, 7, 6], 7) = 16806
N([4, 6, 2, 7, 7], 7) = 16806
N([4, 6, 3, 1, 1], 7) = 16806
N([4, 6, 3, 1, 2], 7) = 16806
N([4, 6, 3, 1, 3], 7) = 16806
N([4, 6, 3, 1, 4], 7) = 16806
N([4, 6, 3, 1, 5], 7) = 16806
N([4, 6, 3, 1, 6], 7) = 16806
N([4, 6, 3, 1, 7], 7) = 16806
N([4, 6, 3, 2, 1], 7) = 16806
N([4, 6, 3, 2, 2], 7) = 16806
N([4, 6, 3, 2, 3], 7) = 16806
N([4, 6, 3, 2, 4], 7) = 16806
N([4, 6, 3, 2, 5], 7) = 16806
N([4, 6, 3, 2, 6], 7) = 16806
N([4, 6, 3, 2, 7], 7) = 16806
N([4, 6, 3, 3, 1], 7) = 16806
N([4, 6, 3, 3, 2], 7) = 16806
N([4, 6, 3, 3, 3], 7) = 16806
N([4, 6, 3, 3, 4], 7) = 16806
N([4, 6, 3, 3, 5], 7) = 16806
N([4, 6, 3, 3, 6], 7) = 16806
N([4, 6, 3, 3, 7], 7) = 16806
N([4, 6, 3, 4, 1], 7) = 16806
N([4, 6, 3, 4, 2], 7) = 16806
N([4, 6, 3, 4, 3], 7) = 16806
N([4, 6, 3, 4, 4], 7) = 16806
N([4, 6, 3, 4, 5], 7) = 16806
N([4, 6, 3, 4, 6], 7) = 16806
N([4, 6, 3, 4, 7], 7) = 16806
N([4, 6, 3, 5, 1], 7) = 16806
N([4, 6, 3, 5, 2], 7) = 16806
N([4, 6, 3, 5, 3], 7) = 16806
N([4, 6, 3, 5, 4], 7) = 16806
N([4, 6, 3, 5, 5], 7) = 16806
N([4, 6, 3, 5, 6], 7) = 16806
N([4, 6, 3, 5, 7], 7) = 16806
N([4, 6, 3, 6, 1], 7) = 16806
N([4, 6, 3, 6, 2], 7) = 16806
N([4, 6, 3, 6, 3], 7) = 16806
N([4, 6, 3, 6, 4], 7) = 16806
N([4, 6, 3, 6, 5], 7) = 16806
N([4, 6, 3, 6, 6], 7) = 16806
N([4, 6, 3, 6, 7], 7) = 16806
N([4, 6, 3, 7, 1], 7) = 16806
N([4, 6, 3, 7, 2], 7) = 16806
N([4, 6, 3, 7, 3], 7) = 16806
N([4, 6, 3, 7, 4], 7) = 16806
N([4, 6, 3, 7, 5], 7) = 16806
N([4, 6, 3, 7, 6], 7) = 16806
N([4, 6, 3, 7, 7], 7) = 16806
N([4, 6, 4, 1, 1], 7) = 16806
N([4, 6, 4, 1, 2], 7) = 16806
N([4, 6, 4, 1, 3], 7) = 16806
N([4, 6, 4, 1, 4], 7) = 16806
N([4, 6, 4, 1, 5], 7) = 16806
N([4, 6, 4, 1, 6], 7) = 16806
N([4, 6, 4, 1, 7], 7) = 16806
N([4, 6, 4, 2, 1], 7) = 16806
N([4, 6, 4, 2, 2], 7) = 16806
N([4, 6, 4, 2, 3], 7) = 16806
N([4, 6, 4, 2, 4], 7) = 16806
N([4, 6, 4, 2, 5], 7) = 16806
N([4, 6, 4, 2, 6], 7) = 16806
N([4, 6, 4, 2, 7], 7) = 16806
N([4, 6, 4, 3, 1], 7) = 16806
N([4, 6, 4, 3, 2], 7) = 16806
N([4, 6, 4, 3, 3], 7) = 16806
N([4, 6, 4, 3, 4], 7) = 16806
N([4, 6, 4, 3, 5], 7) = 16806
N([4, 6, 4, 3, 6], 7) = 16806
N([4, 6, 4, 3, 7], 7) = 16806
N([4, 6, 4, 4, 1], 7) = 16806
N([4, 6, 4, 4, 2], 7) = 16806
N([4, 6, 4, 4, 3], 7) = 16806
N([4, 6, 4, 4, 4], 7) = 16806
N([4, 6, 4, 4, 5], 7) = 16806
N([4, 6, 4, 4, 6], 7) = 16806
N([4, 6, 4, 4, 7], 7) = 16806
N([4, 6, 4, 5, 1], 7) = 16806
N([4, 6, 4, 5, 2], 7) = 16806
N([4, 6, 4, 5, 3], 7) = 16806
N([4, 6, 4, 5, 4], 7) = 16806
N([4, 6, 4, 5, 5], 7) = 16806
N([4, 6, 4, 5, 6], 7) = 16806
N([4, 6, 4, 5, 7], 7) = 16806
N([4, 6, 4, 6, 1], 7) = 16806
N([4, 6, 4, 6, 2], 7) = 16806
N([4, 6, 4, 6, 3], 7) = 16806
N([4, 6, 4, 6, 4], 7) = 16806
N([4, 6, 4, 6, 5], 7) = 16806
N([4, 6, 4, 6, 6], 7) = 16806
N([4, 6, 4, 6, 7], 7) = 16806
N([4, 6, 4, 7, 1], 7) = 16806
N([4, 6, 4, 7, 2], 7) = 16806
N([4, 6, 4, 7, 3], 7) = 16806
N([4, 6, 4, 7, 4], 7) = 16806
N([4, 6, 4, 7, 5], 7) = 16806
N([4, 6, 4, 7, 6], 7) = 16806
N([4, 6, 4, 7, 7], 7) = 16806
N([4, 6, 5, 1, 1], 7) = 16806
N([4, 6, 5, 1, 2], 7) = 16806
N([4, 6, 5, 1, 3], 7) = 16806
N([4, 6, 5, 1, 4], 7) = 16806
N([4, 6, 5, 1, 5], 7) = 16806
N([4, 6, 5, 1, 6], 7) = 16806
N([4, 6, 5, 1, 7], 7) = 16806
N([4, 6, 5, 2, 1], 7) = 16806
N([4, 6, 5, 2, 2], 7) = 16806
N([4, 6, 5, 2, 3], 7) = 16806
N([4, 6, 5, 2, 4], 7) = 16806
N([4, 6, 5, 2, 5], 7) = 16806
N([4, 6, 5, 2, 6], 7) = 16806
N([4, 6, 5, 2, 7], 7) = 16806
N([4, 6, 5, 3, 1], 7) = 16806
N([4, 6, 5, 3, 2], 7) = 16806
N([4, 6, 5, 3, 3], 7) = 16806
N([4, 6, 5, 3, 4], 7) = 16806
N([4, 6, 5, 3, 5], 7) = 16806
N([4, 6, 5, 3, 6], 7) = 16806
N([4, 6, 5, 3, 7], 7) = 16806
N([4, 6, 5, 4, 1], 7) = 16806
N([4, 6, 5, 4, 2], 7) = 16806
N([4, 6, 5, 4, 3], 7) = 16806
N([4, 6, 5, 4, 4], 7) = 16806
N([4, 6, 5, 4, 5], 7) = 16806
N([4, 6, 5, 4, 6], 7) = 16806
N([4, 6, 5, 4, 7], 7) = 16806
N([4, 6, 5, 5, 1], 7) = 16806
N([4, 6, 5, 5, 2], 7) = 16806
N([4, 6, 5, 5, 3], 7) = 16806
N([4, 6, 5, 5, 4], 7) = 16806
N([4, 6, 5, 5, 5], 7) = 16806
N([4, 6, 5, 5, 6], 7) = 16806
N([4, 6, 5, 5, 7], 7) = 16806
N([4, 6, 5, 6, 1], 7) = 16806
N([4, 6, 5, 6, 2], 7) = 16806
N([4, 6, 5, 6, 3], 7) = 16806
N([4, 6, 5, 6, 4], 7) = 16806
N([4, 6, 5, 6, 5], 7) = 16806
N([4, 6, 5, 6, 6], 7) = 16806
N([4, 6, 5, 6, 7], 7) = 16806
N([4, 6, 5, 7, 1], 7) = 16806
N([4, 6, 5, 7, 2], 7) = 16806
N([4, 6, 5, 7, 3], 7) = 16806
N([4, 6, 5, 7, 4], 7) = 16806
N([4, 6, 5, 7, 5], 7) = 16806
N([4, 6, 5, 7, 6], 7) = 16806
N([4, 6, 5, 7, 7], 7) = 16806
N([4, 6, 6, 1, 1], 7) = 16806
N([4, 6, 6, 1, 2], 7) = 16806
N([4, 6, 6, 1, 3], 7) = 16806
N([4, 6, 6, 1, 4], 7) = 16806
N([4, 6, 6, 1, 5], 7) = 16806
N([4, 6, 6, 1, 6], 7) = 16806
N([4, 6, 6, 1, 7], 7) = 16806
N([4, 6, 6, 2, 1], 7) = 16806
N([4, 6, 6, 2, 2], 7) = 16806
N([4, 6, 6, 2, 3], 7) = 16806
N([4, 6, 6, 2, 4], 7) = 16806
N([4, 6, 6, 2, 5], 7) = 16806
N([4, 6, 6, 2, 6], 7) = 16806
N([4, 6, 6, 2, 7], 7) = 16806
N([4, 6, 6, 3, 1], 7) = 16806
N([4, 6, 6, 3, 2], 7) = 16806
N([4, 6, 6, 3, 3], 7) = 16806
N([4, 6, 6, 3, 4], 7) = 16806
N([4, 6, 6, 3, 5], 7) = 16806
N([4, 6, 6, 3, 6], 7) = 16806
N([4, 6, 6, 3, 7], 7) = 16806
N([4, 6, 6, 4, 1], 7) = 16806
N([4, 6, 6, 4, 2], 7) = 16806
N([4, 6, 6, 4, 3], 7) = 16806
N([4, 6, 6, 4, 4], 7) = 16806
N([4, 6, 6, 4, 5], 7) = 16806
N([4, 6, 6, 4, 6], 7) = 16806
N([4, 6, 6, 4, 7], 7) = 16806
N([4, 6, 6, 5, 1], 7) = 16806
N([4, 6, 6, 5, 2], 7) = 16806
N([4, 6, 6, 5, 3], 7) = 16806
N([4, 6, 6, 5, 4], 7) = 16806
N([4, 6, 6, 5, 5], 7) = 16806
N([4, 6, 6, 5, 6], 7) = 16806
N([4, 6, 6, 5, 7], 7) = 16806
N([4, 6, 6, 6, 1], 7) = 16806
N([4, 6, 6, 6, 2], 7) = 16806
N([4, 6, 6, 6, 3], 7) = 16806
N([4, 6, 6, 6, 4], 7) = 16806
N([4, 6, 6, 6, 5], 7) = 16806
N([4, 6, 6, 6, 6], 7) = 16806
N([4, 6, 6, 6, 7], 7) = 16806
N([4, 6, 6, 7, 1], 7) = 16806
N([4, 6, 6, 7, 2], 7) = 16806
N([4, 6, 6, 7, 3], 7) = 16806
N([4, 6, 6, 7, 4], 7) = 16806
N([4, 6, 6, 7, 5], 7) = 16806
N([4, 6, 6, 7, 6], 7) = 16806
N([4, 6, 6, 7, 7], 7) = 16806
N([4, 6, 7, 1, 1], 7) = 16806
N([4, 6, 7, 1, 2], 7) = 16806
N([4, 6, 7, 1, 3], 7) = 16806
N([4, 6, 7, 1, 4], 7) = 16806
N([4, 6, 7, 1, 5], 7) = 16806
N([4, 6, 7, 1, 6], 7) = 16806
N([4, 6, 7, 1, 7], 7) = 16806
N([4, 6, 7, 2, 1], 7) = 16806
N([4, 6, 7, 2, 2], 7) = 16806
N([4, 6, 7, 2, 3], 7) = 16806
N([4, 6, 7, 2, 4], 7) = 16806
N([4, 6, 7, 2, 5], 7) = 16806
N([4, 6, 7, 2, 6], 7) = 16806
N([4, 6, 7, 2, 7], 7) = 16806
N([4, 6, 7, 3, 1], 7) = 16806
N([4, 6, 7, 3, 2], 7) = 16806
N([4, 6, 7, 3, 3], 7) = 16806
N([4, 6, 7, 3, 4], 7) = 16806
N([4, 6, 7, 3, 5], 7) = 16806
N([4, 6, 7, 3, 6], 7) = 16806
N([4, 6, 7, 3, 7], 7) = 16806
N([4, 6, 7, 4, 1], 7) = 16806
N([4, 6, 7, 4, 2], 7) = 16806
N([4, 6, 7, 4, 3], 7) = 16806
N([4, 6, 7, 4, 4], 7) = 16806
N([4, 6, 7, 4, 5], 7) = 16806
N([4, 6, 7, 4, 6], 7) = 16806
N([4, 6, 7, 4, 7], 7) = 16806
N([4, 6, 7, 5, 1], 7) = 16806
N([4, 6, 7, 5, 2], 7) = 16806
N([4, 6, 7, 5, 3], 7) = 16806
N([4, 6, 7, 5, 4], 7) = 16806
N([4, 6, 7, 5, 5], 7) = 16806
N([4, 6, 7, 5, 6], 7) = 16806
N([4, 6, 7, 5, 7], 7) = 16806
N([4, 6, 7, 6, 1], 7) = 16806
N([4, 6, 7, 6, 2], 7) = 16806
N([4, 6, 7, 6, 3], 7) = 16806
N([4, 6, 7, 6, 4], 7) = 16806
N([4, 6, 7, 6, 5], 7) = 16806
N([4, 6, 7, 6, 6], 7) = 16806
N([4, 6, 7, 6, 7], 7) = 16806
N([4, 6, 7, 7, 1], 7) = 16806
N([4, 6, 7, 7, 2], 7) = 16806
N([4, 6, 7, 7, 3], 7) = 16806
N([4, 6, 7, 7, 4], 7) = 16806
N([4, 6, 7, 7, 5], 7) = 16806
N([4, 6, 7, 7, 6], 7) = 16806
N([4, 6, 7, 7, 7], 7) = 16806
N([4, 7, 1, 1, 1], 7) = 16806
N([4, 7, 1, 1, 2], 7) = 16806
N([4, 7, 1, 1, 3], 7) = 16806
N([4, 7, 1, 1, 4], 7) = 16806
N([4, 7, 1, 1, 5], 7) = 16806
N([4, 7, 1, 1, 6], 7) = 16806
N([4, 7, 1, 1, 7], 7) = 16806
N([4, 7, 1, 2, 1], 7) = 16806
N([4, 7, 1, 2, 2], 7) = 16806
N([4, 7, 1, 2, 3], 7) = 16806
N([4, 7, 1, 2, 4], 7) = 16806
N([4, 7, 1, 2, 5], 7) = 16806
N([4, 7, 1, 2, 6], 7) = 16806
N([4, 7, 1, 2, 7], 7) = 16806
N([4, 7, 1, 3, 1], 7) = 16806
N([4, 7, 1, 3, 2], 7) = 16806
N([4, 7, 1, 3, 3], 7) = 16806
N([4, 7, 1, 3, 4], 7) = 16806
N([4, 7, 1, 3, 5], 7) = 16806
N([4, 7, 1, 3, 6], 7) = 16806
N([4, 7, 1, 3, 7], 7) = 16806
N([4, 7, 1, 4, 1], 7) = 16806
N([4, 7, 1, 4, 2], 7) = 16806
N([4, 7, 1, 4, 3], 7) = 16806
N([4, 7, 1, 4, 4], 7) = 16806
N([4, 7, 1, 4, 5], 7) = 16806
N([4, 7, 1, 4, 6], 7) = 16806
N([4, 7, 1, 4, 7], 7) = 16806
N([4, 7, 1, 5, 1], 7) = 16806
N([4, 7, 1, 5, 2], 7) = 16806
N([4, 7, 1, 5, 3], 7) = 16806
N([4, 7, 1, 5, 4], 7) = 16806
N([4, 7, 1, 5, 5], 7) = 16806
N([4, 7, 1, 5, 6], 7) = 16806
N([4, 7, 1, 5, 7], 7) = 16806
N([4, 7, 1, 6, 1], 7) = 16806
N([4, 7, 1, 6, 2], 7) = 16806
N([4, 7, 1, 6, 3], 7) = 16806
N([4, 7, 1, 6, 4], 7) = 16806
N([4, 7, 1, 6, 5], 7) = 16806
N([4, 7, 1, 6, 6], 7) = 16806
N([4, 7, 1, 6, 7], 7) = 16806
N([4, 7, 1, 7, 1], 7) = 16806
N([4, 7, 1, 7, 2], 7) = 16806
N([4, 7, 1, 7, 3], 7) = 16806
N([4, 7, 1, 7, 4], 7) = 16806
N([4, 7, 1, 7, 5], 7) = 16806
N([4, 7, 1, 7, 6], 7) = 16806
N([4, 7, 1, 7, 7], 7) = 16806
N([4, 7, 2, 1, 1], 7) = 16806
N([4, 7, 2, 1, 2], 7) = 16806
N([4, 7, 2, 1, 3], 7) = 16806
N([4, 7, 2, 1, 4], 7) = 16806
N([4, 7, 2, 1, 5], 7) = 16806
N([4, 7, 2, 1, 6], 7) = 16806
N([4, 7, 2, 1, 7], 7) = 16806
N([4, 7, 2, 2, 1], 7) = 16806
N([4, 7, 2, 2, 2], 7) = 16806
N([4, 7, 2, 2, 3], 7) = 16806
N([4, 7, 2, 2, 4], 7) = 16806
N([4, 7, 2, 2, 5], 7) = 16806
N([4, 7, 2, 2, 6], 7) = 16806
N([4, 7, 2, 2, 7], 7) = 16806
N([4, 7, 2, 3, 1], 7) = 16806
N([4, 7, 2, 3, 2], 7) = 16806
N([4, 7, 2, 3, 3], 7) = 16806
N([4, 7, 2, 3, 4], 7) = 16806
N([4, 7, 2, 3, 5], 7) = 16806
N([4, 7, 2, 3, 6], 7) = 16806
N([4, 7, 2, 3, 7], 7) = 16806
N([4, 7, 2, 4, 1], 7) = 16806
N([4, 7, 2, 4, 2], 7) = 16806
N([4, 7, 2, 4, 3], 7) = 16806
N([4, 7, 2, 4, 4], 7) = 16806
N([4, 7, 2, 4, 5], 7) = 16806
N([4, 7, 2, 4, 6], 7) = 16806
N([4, 7, 2, 4, 7], 7) = 16806
N([4, 7, 2, 5, 1], 7) = 16806
N([4, 7, 2, 5, 2], 7) = 16806
N([4, 7, 2, 5, 3], 7) = 16806
N([4, 7, 2, 5, 4], 7) = 16806
N([4, 7, 2, 5, 5], 7) = 16806
N([4, 7, 2, 5, 6], 7) = 16806
N([4, 7, 2, 5, 7], 7) = 16806
N([4, 7, 2, 6, 1], 7) = 16806
N([4, 7, 2, 6, 2], 7) = 16806
N([4, 7, 2, 6, 3], 7) = 16806
N([4, 7, 2, 6, 4], 7) = 16806
N([4, 7, 2, 6, 5], 7) = 16806
N([4, 7, 2, 6, 6], 7) = 16806
N([4, 7, 2, 6, 7], 7) = 16806
N([4, 7, 2, 7, 1], 7) = 16806
N([4, 7, 2, 7, 2], 7) = 16806
N([4, 7, 2, 7, 3], 7) = 16806
N([4, 7, 2, 7, 4], 7) = 16806
N([4, 7, 2, 7, 5], 7) = 16806
N([4, 7, 2, 7, 6], 7) = 16806
N([4, 7, 2, 7, 7], 7) = 16806
N([4, 7, 3, 1, 1], 7) = 16806
N([4, 7, 3, 1, 2], 7) = 16806
N([4, 7, 3, 1, 3], 7) = 16806
N([4, 7, 3, 1, 4], 7) = 16806
N([4, 7, 3, 1, 5], 7) = 16806
N([4, 7, 3, 1, 6], 7) = 16806
N([4, 7, 3, 1, 7], 7) = 16806
N([4, 7, 3, 2, 1], 7) = 16806
N([4, 7, 3, 2, 2], 7) = 16806
N([4, 7, 3, 2, 3], 7) = 16806
N([4, 7, 3, 2, 4], 7) = 16806
N([4, 7, 3, 2, 5], 7) = 16806
N([4, 7, 3, 2, 6], 7) = 16806
N([4, 7, 3, 2, 7], 7) = 16806
N([4, 7, 3, 3, 1], 7) = 16806
N([4, 7, 3, 3, 2], 7) = 16806
N([4, 7, 3, 3, 3], 7) = 16806
N([4, 7, 3, 3, 4], 7) = 16806
N([4, 7, 3, 3, 5], 7) = 16806
N([4, 7, 3, 3, 6], 7) = 16806
N([4, 7, 3, 3, 7], 7) = 16806
N([4, 7, 3, 4, 1], 7) = 16806
N([4, 7, 3, 4, 2], 7) = 16806
N([4, 7, 3, 4, 3], 7) = 16806
N([4, 7, 3, 4, 4], 7) = 16806
N([4, 7, 3, 4, 5], 7) = 16806
N([4, 7, 3, 4, 6], 7) = 16806
N([4, 7, 3, 4, 7], 7) = 16806
N([4, 7, 3, 5, 1], 7) = 16806
N([4, 7, 3, 5, 2], 7) = 16806
N([4, 7, 3, 5, 3], 7) = 16806
N([4, 7, 3, 5, 4], 7) = 16806
N([4, 7, 3, 5, 5], 7) = 16806
N([4, 7, 3, 5, 6], 7) = 16806
N([4, 7, 3, 5, 7], 7) = 16806
N([4, 7, 3, 6, 1], 7) = 16806
N([4, 7, 3, 6, 2], 7) = 16806
N([4, 7, 3, 6, 3], 7) = 16806
N([4, 7, 3, 6, 4], 7) = 16806
N([4, 7, 3, 6, 5], 7) = 16806
N([4, 7, 3, 6, 6], 7) = 16806
N([4, 7, 3, 6, 7], 7) = 16806
N([4, 7, 3, 7, 1], 7) = 16806
N([4, 7, 3, 7, 2], 7) = 16806
N([4, 7, 3, 7, 3], 7) = 16806
N([4, 7, 3, 7, 4], 7) = 16806
N([4, 7, 3, 7, 5], 7) = 16806
N([4, 7, 3, 7, 6], 7) = 16806
N([4, 7, 3, 7, 7], 7) = 16806
N([4, 7, 4, 1, 1], 7) = 16806
N([4, 7, 4, 1, 2], 7) = 16806
N([4, 7, 4, 1, 3], 7) = 16806
N([4, 7, 4, 1, 4], 7) = 16806
N([4, 7, 4, 1, 5], 7) = 16806
N([4, 7, 4, 1, 6], 7) = 16806
N([4, 7, 4, 1, 7], 7) = 16806
N([4, 7, 4, 2, 1], 7) = 16806
N([4, 7, 4, 2, 2], 7) = 16806
N([4, 7, 4, 2, 3], 7) = 16806
N([4, 7, 4, 2, 4], 7) = 16806
N([4, 7, 4, 2, 5], 7) = 16806
N([4, 7, 4, 2, 6], 7) = 16806
N([4, 7, 4, 2, 7], 7) = 16806
N([4, 7, 4, 3, 1], 7) = 16806
N([4, 7, 4, 3, 2], 7) = 16806
N([4, 7, 4, 3, 3], 7) = 16806
N([4, 7, 4, 3, 4], 7) = 16806
N([4, 7, 4, 3, 5], 7) = 16806
N([4, 7, 4, 3, 6], 7) = 16806
N([4, 7, 4, 3, 7], 7) = 16806
N([4, 7, 4, 4, 1], 7) = 16806
N([4, 7, 4, 4, 2], 7) = 16806
N([4, 7, 4, 4, 3], 7) = 16806
N([4, 7, 4, 4, 4], 7) = 16806
N([4, 7, 4, 4, 5], 7) = 16806
N([4, 7, 4, 4, 6], 7) = 16806
N([4, 7, 4, 4, 7], 7) = 16806
N([4, 7, 4, 5, 1], 7) = 16806
N([4, 7, 4, 5, 2], 7) = 16806
N([4, 7, 4, 5, 3], 7) = 16806
N([4, 7, 4, 5, 4], 7) = 16806
N([4, 7, 4, 5, 5], 7) = 16806
N([4, 7, 4, 5, 6], 7) = 16806
N([4, 7, 4, 5, 7], 7) = 16806
N([4, 7, 4, 6, 1], 7) = 16806
N([4, 7, 4, 6, 2], 7) = 16806
N([4, 7, 4, 6, 3], 7) = 16806
N([4, 7, 4, 6, 4], 7) = 16806
N([4, 7, 4, 6, 5], 7) = 16806
N([4, 7, 4, 6, 6], 7) = 16806
N([4, 7, 4, 6, 7], 7) = 16806
N([4, 7, 4, 7, 1], 7) = 16806
N([4, 7, 4, 7, 2], 7) = 16806
N([4, 7, 4, 7, 3], 7) = 16806
N([4, 7, 4, 7, 4], 7) = 16806
N([4, 7, 4, 7, 5], 7) = 16806
N([4, 7, 4, 7, 6], 7) = 16806
N([4, 7, 4, 7, 7], 7) = 16806
N([4, 7, 5, 1, 1], 7) = 16806
N([4, 7, 5, 1, 2], 7) = 16806
N([4, 7, 5, 1, 3], 7) = 16806
N([4, 7, 5, 1, 4], 7) = 16806
N([4, 7, 5, 1, 5], 7) = 16806
N([4, 7, 5, 1, 6], 7) = 16806
N([4, 7, 5, 1, 7], 7) = 16806
N([4, 7, 5, 2, 1], 7) = 16806
N([4, 7, 5, 2, 2], 7) = 16806
N([4, 7, 5, 2, 3], 7) = 16806
N([4, 7, 5, 2, 4], 7) = 16806
N([4, 7, 5, 2, 5], 7) = 16806
N([4, 7, 5, 2, 6], 7) = 16806
N([4, 7, 5, 2, 7], 7) = 16806
N([4, 7, 5, 3, 1], 7) = 16806
N([4, 7, 5, 3, 2], 7) = 16806
N([4, 7, 5, 3, 3], 7) = 16806
N([4, 7, 5, 3, 4], 7) = 16806
N([4, 7, 5, 3, 5], 7) = 16806
N([4, 7, 5, 3, 6], 7) = 16806
N([4, 7, 5, 3, 7], 7) = 16806
N([4, 7, 5, 4, 1], 7) = 16806
N([4, 7, 5, 4, 2], 7) = 16806
N([4, 7, 5, 4, 3], 7) = 16806
N([4, 7, 5, 4, 4], 7) = 16806
N([4, 7, 5, 4, 5], 7) = 16806
N([4, 7, 5, 4, 6], 7) = 16806
N([4, 7, 5, 4, 7], 7) = 16806
N([4, 7, 5, 5, 1], 7) = 16806
N([4, 7, 5, 5, 2], 7) = 16806
N([4, 7, 5, 5, 3], 7) = 16806
N([4, 7, 5, 5, 4], 7) = 16806
N([4, 7, 5, 5, 5], 7) = 16806
N([4, 7, 5, 5, 6], 7) = 16806
N([4, 7, 5, 5, 7], 7) = 16806
N([4, 7, 5, 6, 1], 7) = 16806
N([4, 7, 5, 6, 2], 7) = 16806
N([4, 7, 5, 6, 3], 7) = 16806
N([4, 7, 5, 6, 4], 7) = 16806
N([4, 7, 5, 6, 5], 7) = 16806
N([4, 7, 5, 6, 6], 7) = 16806
N([4, 7, 5, 6, 7], 7) = 16806
N([4, 7, 5, 7, 1], 7) = 16806
N([4, 7, 5, 7, 2], 7) = 16806
N([4, 7, 5, 7, 3], 7) = 16806
N([4, 7, 5, 7, 4], 7) = 16806
N([4, 7, 5, 7, 5], 7) = 16806
N([4, 7, 5, 7, 6], 7) = 16806
N([4, 7, 5, 7, 7], 7) = 16806
N([4, 7, 6, 1, 1], 7) = 16806
N([4, 7, 6, 1, 2], 7) = 16806
N([4, 7, 6, 1, 3], 7) = 16806
N([4, 7, 6, 1, 4], 7) = 16806
N([4, 7, 6, 1, 5], 7) = 16806
N([4, 7, 6, 1, 6], 7) = 16806
N([4, 7, 6, 1, 7], 7) = 16806
N([4, 7, 6, 2, 1], 7) = 16806
N([4, 7, 6, 2, 2], 7) = 16806
N([4, 7, 6, 2, 3], 7) = 16806
N([4, 7, 6, 2, 4], 7) = 16806
N([4, 7, 6, 2, 5], 7) = 16806
N([4, 7, 6, 2, 6], 7) = 16806
N([4, 7, 6, 2, 7], 7) = 16806
N([4, 7, 6, 3, 1], 7) = 16806
N([4, 7, 6, 3, 2], 7) = 16806
N([4, 7, 6, 3, 3], 7) = 16806
N([4, 7, 6, 3, 4], 7) = 16806
N([4, 7, 6, 3, 5], 7) = 16806
N([4, 7, 6, 3, 6], 7) = 16806
N([4, 7, 6, 3, 7], 7) = 16806
N([4, 7, 6, 4, 1], 7) = 16806
N([4, 7, 6, 4, 2], 7) = 16806
N([4, 7, 6, 4, 3], 7) = 16806
N([4, 7, 6, 4, 4], 7) = 16806
N([4, 7, 6, 4, 5], 7) = 16806
N([4, 7, 6, 4, 6], 7) = 16806
N([4, 7, 6, 4, 7], 7) = 16806
N([4, 7, 6, 5, 1], 7) = 16806
N([4, 7, 6, 5, 2], 7) = 16806
N([4, 7, 6, 5, 3], 7) = 16806
N([4, 7, 6, 5, 4], 7) = 16806
N([4, 7, 6, 5, 5], 7) = 16806
N([4, 7, 6, 5, 6], 7) = 16806
N([4, 7, 6, 5, 7], 7) = 16806
N([4, 7, 6, 6, 1], 7) = 16806
N([4, 7, 6, 6, 2], 7) = 16806
N([4, 7, 6, 6, 3], 7) = 16806
N([4, 7, 6, 6, 4], 7) = 16806
N([4, 7, 6, 6, 5], 7) = 16806
N([4, 7, 6, 6, 6], 7) = 16806
N([4, 7, 6, 6, 7], 7) = 16806
N([4, 7, 6, 7, 1], 7) = 16806
N([4, 7, 6, 7, 2], 7) = 16806
N([4, 7, 6, 7, 3], 7) = 16806
N([4, 7, 6, 7, 4], 7) = 16806
N([4, 7, 6, 7, 5], 7) = 16806
N([4, 7, 6, 7, 6], 7) = 16806
N([4, 7, 6, 7, 7], 7) = 16806
N([4, 7, 7, 1, 1], 7) = 16806
N([4, 7, 7, 1, 2], 7) = 16806
N([4, 7, 7, 1, 3], 7) = 16806
N([4, 7, 7, 1, 4], 7) = 16806
N([4, 7, 7, 1, 5], 7) = 16806
N([4, 7, 7, 1, 6], 7) = 16806
N([4, 7, 7, 1, 7], 7) = 16806
N([4, 7, 7, 2, 1], 7) = 16806
N([4, 7, 7, 2, 2], 7) = 16806
N([4, 7, 7, 2, 3], 7) = 16806
N([4, 7, 7, 2, 4], 7) = 16806
N([4, 7, 7, 2, 5], 7) = 16806
N([4, 7, 7, 2, 6], 7) = 16806
N([4, 7, 7, 2, 7], 7) = 16806
N([4, 7, 7, 3, 1], 7) = 16806
N([4, 7, 7, 3, 2], 7) = 16806
N([4, 7, 7, 3, 3], 7) = 16806
N([4, 7, 7, 3, 4], 7) = 16806
N([4, 7, 7, 3, 5], 7) = 16806
N([4, 7, 7, 3, 6], 7) = 16806
N([4, 7, 7, 3, 7], 7) = 16806
N([4, 7, 7, 4, 1], 7) = 16806
N([4, 7, 7, 4, 2], 7) = 16806
N([4, 7, 7, 4, 3], 7) = 16806
N([4, 7, 7, 4, 4], 7) = 16806
N([4, 7, 7, 4, 5], 7) = 16806
N([4, 7, 7, 4, 6], 7) = 16806
N([4, 7, 7, 4, 7], 7) = 16806
N([4, 7, 7, 5, 1], 7) = 16806
N([4, 7, 7, 5, 2], 7) = 16806
N([4, 7, 7, 5, 3], 7) = 16806
N([4, 7, 7, 5, 4], 7) = 16806
N([4, 7, 7, 5, 5], 7) = 16806
N([4, 7, 7, 5, 6], 7) = 16806
N([4, 7, 7, 5, 7], 7) = 16806
N([4, 7, 7, 6, 1], 7) = 16806
N([4, 7, 7, 6, 2], 7) = 16806
N([4, 7, 7, 6, 3], 7) = 16806
N([4, 7, 7, 6, 4], 7) = 16806
N([4, 7, 7, 6, 5], 7) = 16806
N([4, 7, 7, 6, 6], 7) = 16806
N([4, 7, 7, 6, 7], 7) = 16806
N([4, 7, 7, 7, 1], 7) = 16806
N([4, 7, 7, 7, 2], 7) = 16806
N([4, 7, 7, 7, 3], 7) = 16806
N([4, 7, 7, 7, 4], 7) = 16806
N([4, 7, 7, 7, 5], 7) = 16806
N([4, 7, 7, 7, 6], 7) = 16806
N([4, 7, 7, 7, 7], 7) = 16806
N([5, 1, 1, 1, 1], 7) = 16806
N([5, 1, 1, 1, 2], 7) = 16806
N([5, 1, 1, 1, 3], 7) = 16806
N([5, 1, 1, 1, 4], 7) = 16806
N([5, 1, 1, 1, 5], 7) = 16806
N([5, 1, 1, 1, 6], 7) = 16806
N([5, 1, 1, 1, 7], 7) = 16806
N([5, 1, 1, 2, 1], 7) = 16806
N([5, 1, 1, 2, 2], 7) = 16806
N([5, 1, 1, 2, 3], 7) = 16806
N([5, 1, 1, 2, 4], 7) = 16806
N([5, 1, 1, 2, 5], 7) = 16806
N([5, 1, 1, 2, 6], 7) = 16806
N([5, 1, 1, 2, 7], 7) = 16806
N([5, 1, 1, 3, 1], 7) = 16806
N([5, 1, 1, 3, 2], 7) = 16806
N([5, 1, 1, 3, 3], 7) = 16806
N([5, 1, 1, 3, 4], 7) = 16806
N([5, 1, 1, 3, 5], 7) = 16806
N([5, 1, 1, 3, 6], 7) = 16806
N([5, 1, 1, 3, 7], 7) = 16806
N([5, 1, 1, 4, 1], 7) = 16806
N([5, 1, 1, 4, 2], 7) = 16806
N([5, 1, 1, 4, 3], 7) = 16806
N([5, 1, 1, 4, 4], 7) = 16806
N([5, 1, 1, 4, 5], 7) = 16806
N([5, 1, 1, 4, 6], 7) = 16806
N([5, 1, 1, 4, 7], 7) = 16806
N([5, 1, 1, 5, 1], 7) = 16806
N([5, 1, 1, 5, 2], 7) = 16806
N([5, 1, 1, 5, 3], 7) = 16806
N([5, 1, 1, 5, 4], 7) = 16806
N([5, 1, 1, 5, 5], 7) = 16806
N([5, 1, 1, 5, 6], 7) = 16806
N([5, 1, 1, 5, 7], 7) = 16806
N([5, 1, 1, 6, 1], 7) = 16806
N([5, 1, 1, 6, 2], 7) = 16806
N([5, 1, 1, 6, 3], 7) = 16806
N([5, 1, 1, 6, 4], 7) = 16806
N([5, 1, 1, 6, 5], 7) = 16806
N([5, 1, 1, 6, 6], 7) = 16806
N([5, 1, 1, 6, 7], 7) = 16806
N([5, 1, 1, 7, 1], 7) = 16806
N([5, 1, 1, 7, 2], 7) = 16806
N([5, 1, 1, 7, 3], 7) = 16806
N([5, 1, 1, 7, 4], 7) = 16806
N([5, 1, 1, 7, 5], 7) = 16806
N([5, 1, 1, 7, 6], 7) = 16806
N([5, 1, 1, 7, 7], 7) = 16806
N([5, 1, 2, 1, 1], 7) = 16806
N([5, 1, 2, 1, 2], 7) = 16806
N([5, 1, 2, 1, 3], 7) = 16806
N([5, 1, 2, 1, 4], 7) = 16806
N([5, 1, 2, 1, 5], 7) = 16806
N([5, 1, 2, 1, 6], 7) = 16806
N([5, 1, 2, 1, 7], 7) = 16806
N([5, 1, 2, 2, 1], 7) = 16806
N([5, 1, 2, 2, 2], 7) = 16806
N([5, 1, 2, 2, 3], 7) = 16806
N([5, 1, 2, 2, 4], 7) = 16806
N([5, 1, 2, 2, 5], 7) = 16806
N([5, 1, 2, 2, 6], 7) = 16806
N([5, 1, 2, 2, 7], 7) = 16806
N([5, 1, 2, 3, 1], 7) = 16806
N([5, 1, 2, 3, 2], 7) = 16806
N([5, 1, 2, 3, 3], 7) = 16806
N([5, 1, 2, 3, 4], 7) = 16806
N([5, 1, 2, 3, 5], 7) = 16806
N([5, 1, 2, 3, 6], 7) = 16806
N([5, 1, 2, 3, 7], 7) = 16806
N([5, 1, 2, 4, 1], 7) = 16806
N([5, 1, 2, 4, 2], 7) = 16806
N([5, 1, 2, 4, 3], 7) = 16806
N([5, 1, 2, 4, 4], 7) = 16806
N([5, 1, 2, 4, 5], 7) = 16806
N([5, 1, 2, 4, 6], 7) = 16806
N([5, 1, 2, 4, 7], 7) = 16806
N([5, 1, 2, 5, 1], 7) = 16806
N([5, 1, 2, 5, 2], 7) = 16806
N([5, 1, 2, 5, 3], 7) = 16806
N([5, 1, 2, 5, 4], 7) = 16806
N([5, 1, 2, 5, 5], 7) = 16806
N([5, 1, 2, 5, 6], 7) = 16806
N([5, 1, 2, 5, 7], 7) = 16806
N([5, 1, 2, 6, 1], 7) = 16806
N([5, 1, 2, 6, 2], 7) = 16806
N([5, 1, 2, 6, 3], 7) = 16806
N([5, 1, 2, 6, 4], 7) = 16806
N([5, 1, 2, 6, 5], 7) = 16806
N([5, 1, 2, 6, 6], 7) = 16806
N([5, 1, 2, 6, 7], 7) = 16806
N([5, 1, 2, 7, 1], 7) = 16806
N([5, 1, 2, 7, 2], 7) = 16806
N([5, 1, 2, 7, 3], 7) = 16806
N([5, 1, 2, 7, 4], 7) = 16806
N([5, 1, 2, 7, 5], 7) = 16806
N([5, 1, 2, 7, 6], 7) = 16806
N([5, 1, 2, 7, 7], 7) = 16806
N([5, 1, 3, 1, 1], 7) = 16806
N([5, 1, 3, 1, 2], 7) = 16806
N([5, 1, 3, 1, 3], 7) = 16806
N([5, 1, 3, 1, 4], 7) = 16806
N([5, 1, 3, 1, 5], 7) = 16806
N([5, 1, 3, 1, 6], 7) = 16806
N([5, 1, 3, 1, 7], 7) = 16806
N([5, 1, 3, 2, 1], 7) = 16806
N([5, 1, 3, 2, 2], 7) = 16806
N([5, 1, 3, 2, 3], 7) = 16806
N([5, 1, 3, 2, 4], 7) = 16806
N([5, 1, 3, 2, 5], 7) = 16806
N([5, 1, 3, 2, 6], 7) = 16806
N([5, 1, 3, 2, 7], 7) = 16806
N([5, 1, 3, 3, 1], 7) = 16806
N([5, 1, 3, 3, 2], 7) = 16806
N([5, 1, 3, 3, 3], 7) = 16806
N([5, 1, 3, 3, 4], 7) = 16806
N([5, 1, 3, 3, 5], 7) = 16806
N([5, 1, 3, 3, 6], 7) = 16806
N([5, 1, 3, 3, 7], 7) = 16806
N([5, 1, 3, 4, 1], 7) = 16806
N([5, 1, 3, 4, 2], 7) = 16806
N([5, 1, 3, 4, 3], 7) = 16806
N([5, 1, 3, 4, 4], 7) = 16806
N([5, 1, 3, 4, 5], 7) = 16806
N([5, 1, 3, 4, 6], 7) = 16806
N([5, 1, 3, 4, 7], 7) = 16806
N([5, 1, 3, 5, 1], 7) = 16806
N([5, 1, 3, 5, 2], 7) = 16806
N([5, 1, 3, 5, 3], 7) = 16806
N([5, 1, 3, 5, 4], 7) = 16806
N([5, 1, 3, 5, 5], 7) = 16806
N([5, 1, 3, 5, 6], 7) = 16806
N([5, 1, 3, 5, 7], 7) = 16806
N([5, 1, 3, 6, 1], 7) = 16806
N([5, 1, 3, 6, 2], 7) = 16806
N([5, 1, 3, 6, 3], 7) = 16806
N([5, 1, 3, 6, 4], 7) = 16806
N([5, 1, 3, 6, 5], 7) = 16806
N([5, 1, 3, 6, 6], 7) = 16806
N([5, 1, 3, 6, 7], 7) = 16806
N([5, 1, 3, 7, 1], 7) = 16806
N([5, 1, 3, 7, 2], 7) = 16806
N([5, 1, 3, 7, 3], 7) = 16806
N([5, 1, 3, 7, 4], 7) = 16806
N([5, 1, 3, 7, 5], 7) = 16806
N([5, 1, 3, 7, 6], 7) = 16806
N([5, 1, 3, 7, 7], 7) = 16806
N([5, 1, 4, 1, 1], 7) = 16806
N([5, 1, 4, 1, 2], 7) = 16806
N([5, 1, 4, 1, 3], 7) = 16806
N([5, 1, 4, 1, 4], 7) = 16806
N([5, 1, 4, 1, 5], 7) = 16806
N([5, 1, 4, 1, 6], 7) = 16806
N([5, 1, 4, 1, 7], 7) = 16806
N([5, 1, 4, 2, 1], 7) = 16806
N([5, 1, 4, 2, 2], 7) = 16806
N([5, 1, 4, 2, 3], 7) = 16806
N([5, 1, 4, 2, 4], 7) = 16806
N([5, 1, 4, 2, 5], 7) = 16806
N([5, 1, 4, 2, 6], 7) = 16806
N([5, 1, 4, 2, 7], 7) = 16806
N([5, 1, 4, 3, 1], 7) = 16806
N([5, 1, 4, 3, 2], 7) = 16806
N([5, 1, 4, 3, 3], 7) = 16806
N([5, 1, 4, 3, 4], 7) = 16806
N([5, 1, 4, 3, 5], 7) = 16806
N([5, 1, 4, 3, 6], 7) = 16806
N([5, 1, 4, 3, 7], 7) = 16806
N([5, 1, 4, 4, 1], 7) = 16806
N([5, 1, 4, 4, 2], 7) = 16806
N([5, 1, 4, 4, 3], 7) = 16806
N([5, 1, 4, 4, 4], 7) = 16806
N([5, 1, 4, 4, 5], 7) = 16806
N([5, 1, 4, 4, 6], 7) = 16806
N([5, 1, 4, 4, 7], 7) = 16806
N([5, 1, 4, 5, 1], 7) = 16806
N([5, 1, 4, 5, 2], 7) = 16806
N([5, 1, 4, 5, 3], 7) = 16806
N([5, 1, 4, 5, 4], 7) = 16806
N([5, 1, 4, 5, 5], 7) = 16806
N([5, 1, 4, 5, 6], 7) = 16806
N([5, 1, 4, 5, 7], 7) = 16806
N([5, 1, 4, 6, 1], 7) = 16806
N([5, 1, 4, 6, 2], 7) = 16806
N([5, 1, 4, 6, 3], 7) = 16806
N([5, 1, 4, 6, 4], 7) = 16806
N([5, 1, 4, 6, 5], 7) = 16806
N([5, 1, 4, 6, 6], 7) = 16806
N([5, 1, 4, 6, 7], 7) = 16806
N([5, 1, 4, 7, 1], 7) = 16806
N([5, 1, 4, 7, 2], 7) = 16806
N([5, 1, 4, 7, 3], 7) = 16806
N([5, 1, 4, 7, 4], 7) = 16806
N([5, 1, 4, 7, 5], 7) = 16806
N([5, 1, 4, 7, 6], 7) = 16806
N([5, 1, 4, 7, 7], 7) = 16806
N([5, 1, 5, 1, 1], 7) = 16806
N([5, 1, 5, 1, 2], 7) = 16806
N([5, 1, 5, 1, 3], 7) = 16806
N([5, 1, 5, 1, 4], 7) = 16806
N([5, 1, 5, 1, 5], 7) = 16806
N([5, 1, 5, 1, 6], 7) = 16806
N([5, 1, 5, 1, 7], 7) = 16806
N([5, 1, 5, 2, 1], 7) = 16806
N([5, 1, 5, 2, 2], 7) = 16806
N([5, 1, 5, 2, 3], 7) = 16806
N([5, 1, 5, 2, 4], 7) = 16806
N([5, 1, 5, 2, 5], 7) = 16806
N([5, 1, 5, 2, 6], 7) = 16806
N([5, 1, 5, 2, 7], 7) = 16806
N([5, 1, 5, 3, 1], 7) = 16806
N([5, 1, 5, 3, 2], 7) = 16806
N([5, 1, 5, 3, 3], 7) = 16806
N([5, 1, 5, 3, 4], 7) = 16806
N([5, 1, 5, 3, 5], 7) = 16806
N([5, 1, 5, 3, 6], 7) = 16806
N([5, 1, 5, 3, 7], 7) = 16806
N([5, 1, 5, 4, 1], 7) = 16806
N([5, 1, 5, 4, 2], 7) = 16806
N([5, 1, 5, 4, 3], 7) = 16806
N([5, 1, 5, 4, 4], 7) = 16806
N([5, 1, 5, 4, 5], 7) = 16806
N([5, 1, 5, 4, 6], 7) = 16806
N([5, 1, 5, 4, 7], 7) = 16806
N([5, 1, 5, 5, 1], 7) = 16806
N([5, 1, 5, 5, 2], 7) = 16806
N([5, 1, 5, 5, 3], 7) = 16806
N([5, 1, 5, 5, 4], 7) = 16806
N([5, 1, 5, 5, 5], 7) = 16806
N([5, 1, 5, 5, 6], 7) = 16806
N([5, 1, 5, 5, 7], 7) = 16806
N([5, 1, 5, 6, 1], 7) = 16806
N([5, 1, 5, 6, 2], 7) = 16806
N([5, 1, 5, 6, 3], 7) = 16806
N([5, 1, 5, 6, 4], 7) = 16806
N([5, 1, 5, 6, 5], 7) = 16806
N([5, 1, 5, 6, 6], 7) = 16806
N([5, 1, 5, 6, 7], 7) = 16806
N([5, 1, 5, 7, 1], 7) = 16806
N([5, 1, 5, 7, 2], 7) = 16806
N([5, 1, 5, 7, 3], 7) = 16806
N([5, 1, 5, 7, 4], 7) = 16806
N([5, 1, 5, 7, 5], 7) = 16806
N([5, 1, 5, 7, 6], 7) = 16806
N([5, 1, 5, 7, 7], 7) = 16806
N([5, 1, 6, 1, 1], 7) = 16806
N([5, 1, 6, 1, 2], 7) = 16806
N([5, 1, 6, 1, 3], 7) = 16806
N([5, 1, 6, 1, 4], 7) = 16806
N([5, 1, 6, 1, 5], 7) = 16806
N([5, 1, 6, 1, 6], 7) = 16806
N([5, 1, 6, 1, 7], 7) = 16806
N([5, 1, 6, 2, 1], 7) = 16806
N([5, 1, 6, 2, 2], 7) = 16806
N([5, 1, 6, 2, 3], 7) = 16806
N([5, 1, 6, 2, 4], 7) = 16806
N([5, 1, 6, 2, 5], 7) = 16806
N([5, 1, 6, 2, 6], 7) = 16806
N([5, 1, 6, 2, 7], 7) = 16806
N([5, 1, 6, 3, 1], 7) = 16806
N([5, 1, 6, 3, 2], 7) = 16806
N([5, 1, 6, 3, 3], 7) = 16806
N([5, 1, 6, 3, 4], 7) = 16806
N([5, 1, 6, 3, 5], 7) = 16806
N([5, 1, 6, 3, 6], 7) = 16806
N([5, 1, 6, 3, 7], 7) = 16806
N([5, 1, 6, 4, 1], 7) = 16806
N([5, 1, 6, 4, 2], 7) = 16806
N([5, 1, 6, 4, 3], 7) = 16806
N([5, 1, 6, 4, 4], 7) = 16806
N([5, 1, 6, 4, 5], 7) = 16806
N([5, 1, 6, 4, 6], 7) = 16806
N([5, 1, 6, 4, 7], 7) = 16806
N([5, 1, 6, 5, 1], 7) = 16806
N([5, 1, 6, 5, 2], 7) = 16806
N([5, 1, 6, 5, 3], 7) = 16806
N([5, 1, 6, 5, 4], 7) = 16806
N([5, 1, 6, 5, 5], 7) = 16806
N([5, 1, 6, 5, 6], 7) = 16806
N([5, 1, 6, 5, 7], 7) = 16806
N([5, 1, 6, 6, 1], 7) = 16806
N([5, 1, 6, 6, 2], 7) = 16806
N([5, 1, 6, 6, 3], 7) = 16806
N([5, 1, 6, 6, 4], 7) = 16806
N([5, 1, 6, 6, 5], 7) = 16806
N([5, 1, 6, 6, 6], 7) = 16806
N([5, 1, 6, 6, 7], 7) = 16806
N([5, 1, 6, 7, 1], 7) = 16806
N([5, 1, 6, 7, 2], 7) = 16806
N([5, 1, 6, 7, 3], 7) = 16806
N([5, 1, 6, 7, 4], 7) = 16806
N([5, 1, 6, 7, 5], 7) = 16806
N([5, 1, 6, 7, 6], 7) = 16806
N([5, 1, 6, 7, 7], 7) = 16806
N([5, 1, 7, 1, 1], 7) = 16806
N([5, 1, 7, 1, 2], 7) = 16806
N([5, 1, 7, 1, 3], 7) = 16806
N([5, 1, 7, 1, 4], 7) = 16806
N([5, 1, 7, 1, 5], 7) = 16806
N([5, 1, 7, 1, 6], 7) = 16806
N([5, 1, 7, 1, 7], 7) = 16806
N([5, 1, 7, 2, 1], 7) = 16806
N([5, 1, 7, 2, 2], 7) = 16806
N([5, 1, 7, 2, 3], 7) = 16806
N([5, 1, 7, 2, 4], 7) = 16806
N([5, 1, 7, 2, 5], 7) = 16806
N([5, 1, 7, 2, 6], 7) = 16806
N([5, 1, 7, 2, 7], 7) = 16806
N([5, 1, 7, 3, 1], 7) = 16806
N([5, 1, 7, 3, 2], 7) = 16806
N([5, 1, 7, 3, 3], 7) = 16806
N([5, 1, 7, 3, 4], 7) = 16806
N([5, 1, 7, 3, 5], 7) = 16806
N([5, 1, 7, 3, 6], 7) = 16806
N([5, 1, 7, 3, 7], 7) = 16806
N([5, 1, 7, 4, 1], 7) = 16806
N([5, 1, 7, 4, 2], 7) = 16806
N([5, 1, 7, 4, 3], 7) = 16806
N([5, 1, 7, 4, 4], 7) = 16806
N([5, 1, 7, 4, 5], 7) = 16806
N([5, 1, 7, 4, 6], 7) = 16806
N([5, 1, 7, 4, 7], 7) = 16806
N([5, 1, 7, 5, 1], 7) = 16806
N([5, 1, 7, 5, 2], 7) = 16806
N([5, 1, 7, 5, 3], 7) = 16806
N([5, 1, 7, 5, 4], 7) = 16806
N([5, 1, 7, 5, 5], 7) = 16806
N([5, 1, 7, 5, 6], 7) = 16806
N([5, 1, 7, 5, 7], 7) = 16806
N([5, 1, 7, 6, 1], 7) = 16806
N([5, 1, 7, 6, 2], 7) = 16806
N([5, 1, 7, 6, 3], 7) = 16806
N([5, 1, 7, 6, 4], 7) = 16806
N([5, 1, 7, 6, 5], 7) = 16806
N([5, 1, 7, 6, 6], 7) = 16806
N([5, 1, 7, 6, 7], 7) = 16806
N([5, 1, 7, 7, 1], 7) = 16806
N([5, 1, 7, 7, 2], 7) = 16806
N([5, 1, 7, 7, 3], 7) = 16806
N([5, 1, 7, 7, 4], 7) = 16806
N([5, 1, 7, 7, 5], 7) = 16806
N([5, 1, 7, 7, 6], 7) = 16806
N([5, 1, 7, 7, 7], 7) = 16806
N([5, 2, 1, 1, 1], 7) = 16806
N([5, 2, 1, 1, 2], 7) = 16806
N([5, 2, 1, 1, 3], 7) = 16806
N([5, 2, 1, 1, 4], 7) = 16806
N([5, 2, 1, 1, 5], 7) = 16806
N([5, 2, 1, 1, 6], 7) = 16806
N([5, 2, 1, 1, 7], 7) = 16806
N([5, 2, 1, 2, 1], 7) = 16806
N([5, 2, 1, 2, 2], 7) = 16806
N([5, 2, 1, 2, 3], 7) = 16806
N([5, 2, 1, 2, 4], 7) = 16806
N([5, 2, 1, 2, 5], 7) = 16806
N([5, 2, 1, 2, 6], 7) = 16806
N([5, 2, 1, 2, 7], 7) = 16806
N([5, 2, 1, 3, 1], 7) = 16806
N([5, 2, 1, 3, 2], 7) = 16806
N([5, 2, 1, 3, 3], 7) = 16806
N([5, 2, 1, 3, 4], 7) = 16806
N([5, 2, 1, 3, 5], 7) = 16806
N([5, 2, 1, 3, 6], 7) = 16806
N([5, 2, 1, 3, 7], 7) = 16806
N([5, 2, 1, 4, 1], 7) = 16806
N([5, 2, 1, 4, 2], 7) = 16806
N([5, 2, 1, 4, 3], 7) = 16806
N([5, 2, 1, 4, 4], 7) = 16806
N([5, 2, 1, 4, 5], 7) = 16806
N([5, 2, 1, 4, 6], 7) = 16806
N([5, 2, 1, 4, 7], 7) = 16806
N([5, 2, 1, 5, 1], 7) = 16806
N([5, 2, 1, 5, 2], 7) = 16806
N([5, 2, 1, 5, 3], 7) = 16806
N([5, 2, 1, 5, 4], 7) = 16806
N([5, 2, 1, 5, 5], 7) = 16806
N([5, 2, 1, 5, 6], 7) = 16806
N([5, 2, 1, 5, 7], 7) = 16806
N([5, 2, 1, 6, 1], 7) = 16806
N([5, 2, 1, 6, 2], 7) = 16806
N([5, 2, 1, 6, 3], 7) = 16806
N([5, 2, 1, 6, 4], 7) = 16806
N([5, 2, 1, 6, 5], 7) = 16806
N([5, 2, 1, 6, 6], 7) = 16806
N([5, 2, 1, 6, 7], 7) = 16806
N([5, 2, 1, 7, 1], 7) = 16806
N([5, 2, 1, 7, 2], 7) = 16806
N([5, 2, 1, 7, 3], 7) = 16806
N([5, 2, 1, 7, 4], 7) = 16806
N([5, 2, 1, 7, 5], 7) = 16806
N([5, 2, 1, 7, 6], 7) = 16806
N([5, 2, 1, 7, 7], 7) = 16806
N([5, 2, 2, 1, 1], 7) = 16806
N([5, 2, 2, 1, 2], 7) = 16806
N([5, 2, 2, 1, 3], 7) = 16806
N([5, 2, 2, 1, 4], 7) = 16806
N([5, 2, 2, 1, 5], 7) = 16806
N([5, 2, 2, 1, 6], 7) = 16806
N([5, 2, 2, 1, 7], 7) = 16806
N([5, 2, 2, 2, 1], 7) = 16806
N([5, 2, 2, 2, 2], 7) = 16806
N([5, 2, 2, 2, 3], 7) = 16806
N([5, 2, 2, 2, 4], 7) = 16806
N([5, 2, 2, 2, 5], 7) = 16806
N([5, 2, 2, 2, 6], 7) = 16806
N([5, 2, 2, 2, 7], 7) = 16806
N([5, 2, 2, 3, 1], 7) = 16806
N([5, 2, 2, 3, 2], 7) = 16806
N([5, 2, 2, 3, 3], 7) = 16806
N([5, 2, 2, 3, 4], 7) = 16806
N([5, 2, 2, 3, 5], 7) = 16806
N([5, 2, 2, 3, 6], 7) = 16806
N([5, 2, 2, 3, 7], 7) = 16806
N([5, 2, 2, 4, 1], 7) = 16806
N([5, 2, 2, 4, 2], 7) = 16806
N([5, 2, 2, 4, 3], 7) = 16806
N([5, 2, 2, 4, 4], 7) = 16806
N([5, 2, 2, 4, 5], 7) = 16806
N([5, 2, 2, 4, 6], 7) = 16806
N([5, 2, 2, 4, 7], 7) = 16806
N([5, 2, 2, 5, 1], 7) = 16806
N([5, 2, 2, 5, 2], 7) = 16806
N([5, 2, 2, 5, 3], 7) = 16806
N([5, 2, 2, 5, 4], 7) = 16806
N([5, 2, 2, 5, 5], 7) = 16806
N([5, 2, 2, 5, 6], 7) = 16806
N([5, 2, 2, 5, 7], 7) = 16806
N([5, 2, 2, 6, 1], 7) = 16806
N([5, 2, 2, 6, 2], 7) = 16806
N([5, 2, 2, 6, 3], 7) = 16806
N([5, 2, 2, 6, 4], 7) = 16806
N([5, 2, 2, 6, 5], 7) = 16806
N([5, 2, 2, 6, 6], 7) = 16806
N([5, 2, 2, 6, 7], 7) = 16806
N([5, 2, 2, 7, 1], 7) = 16806
N([5, 2, 2, 7, 2], 7) = 16806
N([5, 2, 2, 7, 3], 7) = 16806
N([5, 2, 2, 7, 4], 7) = 16806
N([5, 2, 2, 7, 5], 7) = 16806
N([5, 2, 2, 7, 6], 7) = 16806
N([5, 2, 2, 7, 7], 7) = 16806
N([5, 2, 3, 1, 1], 7) = 16806
N([5, 2, 3, 1, 2], 7) = 16806
N([5, 2, 3, 1, 3], 7) = 16806
N([5, 2, 3, 1, 4], 7) = 16806
N([5, 2, 3, 1, 5], 7) = 16806
N([5, 2, 3, 1, 6], 7) = 16806
N([5, 2, 3, 1, 7], 7) = 16806
N([5, 2, 3, 2, 1], 7) = 16806
N([5, 2, 3, 2, 2], 7) = 16806
N([5, 2, 3, 2, 3], 7) = 16806
N([5, 2, 3, 2, 4], 7) = 16806
N([5, 2, 3, 2, 5], 7) = 16806
N([5, 2, 3, 2, 6], 7) = 16806
N([5, 2, 3, 2, 7], 7) = 16806
N([5, 2, 3, 3, 1], 7) = 16806
N([5, 2, 3, 3, 2], 7) = 16806
N([5, 2, 3, 3, 3], 7) = 16806
N([5, 2, 3, 3, 4], 7) = 16806
N([5, 2, 3, 3, 5], 7) = 16806
N([5, 2, 3, 3, 6], 7) = 16806
N([5, 2, 3, 3, 7], 7) = 16806
N([5, 2, 3, 4, 1], 7) = 16806
N([5, 2, 3, 4, 2], 7) = 16806
N([5, 2, 3, 4, 3], 7) = 16806
N([5, 2, 3, 4, 4], 7) = 16806
N([5, 2, 3, 4, 5], 7) = 16806
N([5, 2, 3, 4, 6], 7) = 16806
N([5, 2, 3, 4, 7], 7) = 16806
N([5, 2, 3, 5, 1], 7) = 16806
N([5, 2, 3, 5, 2], 7) = 16806
N([5, 2, 3, 5, 3], 7) = 16806
N([5, 2, 3, 5, 4], 7) = 16806
N([5, 2, 3, 5, 5], 7) = 16806
N([5, 2, 3, 5, 6], 7) = 16806
N([5, 2, 3, 5, 7], 7) = 16806
N([5, 2, 3, 6, 1], 7) = 16806
N([5, 2, 3, 6, 2], 7) = 16806
N([5, 2, 3, 6, 3], 7) = 16806
N([5, 2, 3, 6, 4], 7) = 16806
N([5, 2, 3, 6, 5], 7) = 16806
N([5, 2, 3, 6, 6], 7) = 16806
N([5, 2, 3, 6, 7], 7) = 16806
N([5, 2, 3, 7, 1], 7) = 16806
N([5, 2, 3, 7, 2], 7) = 16806
N([5, 2, 3, 7, 3], 7) = 16806
N([5, 2, 3, 7, 4], 7) = 16806
N([5, 2, 3, 7, 5], 7) = 16806
N([5, 2, 3, 7, 6], 7) = 16806
N([5, 2, 3, 7, 7], 7) = 16806
N([5, 2, 4, 1, 1], 7) = 16806
N([5, 2, 4, 1, 2], 7) = 16806
N([5, 2, 4, 1, 3], 7) = 16806
N([5, 2, 4, 1, 4], 7) = 16806
N([5, 2, 4, 1, 5], 7) = 16806
N([5, 2, 4, 1, 6], 7) = 16806
N([5, 2, 4, 1, 7], 7) = 16806
N([5, 2, 4, 2, 1], 7) = 16806
N([5, 2, 4, 2, 2], 7) = 16806
N([5, 2, 4, 2, 3], 7) = 16806
N([5, 2, 4, 2, 4], 7) = 16806
N([5, 2, 4, 2, 5], 7) = 16806
N([5, 2, 4, 2, 6], 7) = 16806
N([5, 2, 4, 2, 7], 7) = 16806
N([5, 2, 4, 3, 1], 7) = 16806
N([5, 2, 4, 3, 2], 7) = 16806
N([5, 2, 4, 3, 3], 7) = 16806
N([5, 2, 4, 3, 4], 7) = 16806
N([5, 2, 4, 3, 5], 7) = 16806
N([5, 2, 4, 3, 6], 7) = 16806
N([5, 2, 4, 3, 7], 7) = 16806
N([5, 2, 4, 4, 1], 7) = 16806
N([5, 2, 4, 4, 2], 7) = 16806
N([5, 2, 4, 4, 3], 7) = 16806
N([5, 2, 4, 4, 4], 7) = 16806
N([5, 2, 4, 4, 5], 7) = 16806
N([5, 2, 4, 4, 6], 7) = 16806
N([5, 2, 4, 4, 7], 7) = 16806
N([5, 2, 4, 5, 1], 7) = 16806
N([5, 2, 4, 5, 2], 7) = 16806
N([5, 2, 4, 5, 3], 7) = 16806
N([5, 2, 4, 5, 4], 7) = 16806
N([5, 2, 4, 5, 5], 7) = 16806
N([5, 2, 4, 5, 6], 7) = 16806
N([5, 2, 4, 5, 7], 7) = 16806
N([5, 2, 4, 6, 1], 7) = 16806
N([5, 2, 4, 6, 2], 7) = 16806
N([5, 2, 4, 6, 3], 7) = 16806
N([5, 2, 4, 6, 4], 7) = 16806
N([5, 2, 4, 6, 5], 7) = 16806
N([5, 2, 4, 6, 6], 7) = 16806
N([5, 2, 4, 6, 7], 7) = 16806
N([5, 2, 4, 7, 1], 7) = 16806
N([5, 2, 4, 7, 2], 7) = 16806
N([5, 2, 4, 7, 3], 7) = 16806
N([5, 2, 4, 7, 4], 7) = 16806
N([5, 2, 4, 7, 5], 7) = 16806
N([5, 2, 4, 7, 6], 7) = 16806
N([5, 2, 4, 7, 7], 7) = 16806
N([5, 2, 5, 1, 1], 7) = 16806
N([5, 2, 5, 1, 2], 7) = 16806
N([5, 2, 5, 1, 3], 7) = 16806
N([5, 2, 5, 1, 4], 7) = 16806
N([5, 2, 5, 1, 5], 7) = 16806
N([5, 2, 5, 1, 6], 7) = 16806
N([5, 2, 5, 1, 7], 7) = 16806
N([5, 2, 5, 2, 1], 7) = 16806
N([5, 2, 5, 2, 2], 7) = 16806
N([5, 2, 5, 2, 3], 7) = 16806
N([5, 2, 5, 2, 4], 7) = 16806
N([5, 2, 5, 2, 5], 7) = 16806
N([5, 2, 5, 2, 6], 7) = 16806
N([5, 2, 5, 2, 7], 7) = 16806
N([5, 2, 5, 3, 1], 7) = 16806
N([5, 2, 5, 3, 2], 7) = 16806
N([5, 2, 5, 3, 3], 7) = 16806
N([5, 2, 5, 3, 4], 7) = 16806
N([5, 2, 5, 3, 5], 7) = 16806
N([5, 2, 5, 3, 6], 7) = 16806
N([5, 2, 5, 3, 7], 7) = 16806
N([5, 2, 5, 4, 1], 7) = 16806
N([5, 2, 5, 4, 2], 7) = 16806
N([5, 2, 5, 4, 3], 7) = 16806
N([5, 2, 5, 4, 4], 7) = 16806
N([5, 2, 5, 4, 5], 7) = 16806
N([5, 2, 5, 4, 6], 7) = 16806
N([5, 2, 5, 4, 7], 7) = 16806
N([5, 2, 5, 5, 1], 7) = 16806
N([5, 2, 5, 5, 2], 7) = 16806
N([5, 2, 5, 5, 3], 7) = 16806
N([5, 2, 5, 5, 4], 7) = 16806
N([5, 2, 5, 5, 5], 7) = 16806
N([5, 2, 5, 5, 6], 7) = 16806
N([5, 2, 5, 5, 7], 7) = 16806
N([5, 2, 5, 6, 1], 7) = 16806
N([5, 2, 5, 6, 2], 7) = 16806
N([5, 2, 5, 6, 3], 7) = 16806
N([5, 2, 5, 6, 4], 7) = 16806
N([5, 2, 5, 6, 5], 7) = 16806
N([5, 2, 5, 6, 6], 7) = 16806
N([5, 2, 5, 6, 7], 7) = 16806
N([5, 2, 5, 7, 1], 7) = 16806
N([5, 2, 5, 7, 2], 7) = 16806
N([5, 2, 5, 7, 3], 7) = 16806
N([5, 2, 5, 7, 4], 7) = 16806
N([5, 2, 5, 7, 5], 7) = 16806
N([5, 2, 5, 7, 6], 7) = 16806
N([5, 2, 5, 7, 7], 7) = 16806
N([5, 2, 6, 1, 1], 7) = 16806
N([5, 2, 6, 1, 2], 7) = 16806
N([5, 2, 6, 1, 3], 7) = 16806
N([5, 2, 6, 1, 4], 7) = 16806
N([5, 2, 6, 1, 5], 7) = 16806
N([5, 2, 6, 1, 6], 7) = 16806
N([5, 2, 6, 1, 7], 7) = 16806
N([5, 2, 6, 2, 1], 7) = 16806
N([5, 2, 6, 2, 2], 7) = 16806
N([5, 2, 6, 2, 3], 7) = 16806
N([5, 2, 6, 2, 4], 7) = 16806
N([5, 2, 6, 2, 5], 7) = 16806
N([5, 2, 6, 2, 6], 7) = 16806
N([5, 2, 6, 2, 7], 7) = 16806
N([5, 2, 6, 3, 1], 7) = 16806
N([5, 2, 6, 3, 2], 7) = 16806
N([5, 2, 6, 3, 3], 7) = 16806
N([5, 2, 6, 3, 4], 7) = 16806
N([5, 2, 6, 3, 5], 7) = 16806
N([5, 2, 6, 3, 6], 7) = 16806
N([5, 2, 6, 3, 7], 7) = 16806
N([5, 2, 6, 4, 1], 7) = 16806
N([5, 2, 6, 4, 2], 7) = 16806
N([5, 2, 6, 4, 3], 7) = 16806
N([5, 2, 6, 4, 4], 7) = 16806
N([5, 2, 6, 4, 5], 7) = 16806
N([5, 2, 6, 4, 6], 7) = 16806
N([5, 2, 6, 4, 7], 7) = 16806
N([5, 2, 6, 5, 1], 7) = 16806
N([5, 2, 6, 5, 2], 7) = 16806
N([5, 2, 6, 5, 3], 7) = 16806
N([5, 2, 6, 5, 4], 7) = 16806
N([5, 2, 6, 5, 5], 7) = 16806
N([5, 2, 6, 5, 6], 7) = 16806
N([5, 2, 6, 5, 7], 7) = 16806
N([5, 2, 6, 6, 1], 7) = 16806
N([5, 2, 6, 6, 2], 7) = 16806
N([5, 2, 6, 6, 3], 7) = 16806
N([5, 2, 6, 6, 4], 7) = 16806
N([5, 2, 6, 6, 5], 7) = 16806
N([5, 2, 6, 6, 6], 7) = 16806
N([5, 2, 6, 6, 7], 7) = 16806
N([5, 2, 6, 7, 1], 7) = 16806
N([5, 2, 6, 7, 2], 7) = 16806
N([5, 2, 6, 7, 3], 7) = 16806
N([5, 2, 6, 7, 4], 7) = 16806
N([5, 2, 6, 7, 5], 7) = 16806
N([5, 2, 6, 7, 6], 7) = 16806
N([5, 2, 6, 7, 7], 7) = 16806
N([5, 2, 7, 1, 1], 7) = 16806
N([5, 2, 7, 1, 2], 7) = 16806
N([5, 2, 7, 1, 3], 7) = 16806
N([5, 2, 7, 1, 4], 7) = 16806
N([5, 2, 7, 1, 5], 7) = 16806
N([5, 2, 7, 1, 6], 7) = 16806
N([5, 2, 7, 1, 7], 7) = 16806
N([5, 2, 7, 2, 1], 7) = 16806
N([5, 2, 7, 2, 2], 7) = 16806
N([5, 2, 7, 2, 3], 7) = 16806
N([5, 2, 7, 2, 4], 7) = 16806
N([5, 2, 7, 2, 5], 7) = 16806
N([5, 2, 7, 2, 6], 7) = 16806
N([5, 2, 7, 2, 7], 7) = 16806
N([5, 2, 7, 3, 1], 7) = 16806
N([5, 2, 7, 3, 2], 7) = 16806
N([5, 2, 7, 3, 3], 7) = 16806
N([5, 2, 7, 3, 4], 7) = 16806
N([5, 2, 7, 3, 5], 7) = 16806
N([5, 2, 7, 3, 6], 7) = 16806
N([5, 2, 7, 3, 7], 7) = 16806
N([5, 2, 7, 4, 1], 7) = 16806
N([5, 2, 7, 4, 2], 7) = 16806
N([5, 2, 7, 4, 3], 7) = 16806
N([5, 2, 7, 4, 4], 7) = 16806
N([5, 2, 7, 4, 5], 7) = 16806
N([5, 2, 7, 4, 6], 7) = 16806
N([5, 2, 7, 4, 7], 7) = 16806
N([5, 2, 7, 5, 1], 7) = 16806
N([5, 2, 7, 5, 2], 7) = 16806
N([5, 2, 7, 5, 3], 7) = 16806
N([5, 2, 7, 5, 4], 7) = 16806
N([5, 2, 7, 5, 5], 7) = 16806
N([5, 2, 7, 5, 6], 7) = 16806
N([5, 2, 7, 5, 7], 7) = 16806
N([5, 2, 7, 6, 1], 7) = 16806
N([5, 2, 7, 6, 2], 7) = 16806
N([5, 2, 7, 6, 3], 7) = 16806
N([5, 2, 7, 6, 4], 7) = 16806
N([5, 2, 7, 6, 5], 7) = 16806
N([5, 2, 7, 6, 6], 7) = 16806
N([5, 2, 7, 6, 7], 7) = 16806
N([5, 2, 7, 7, 1], 7) = 16806
N([5, 2, 7, 7, 2], 7) = 16806
N([5, 2, 7, 7, 3], 7) = 16806
N([5, 2, 7, 7, 4], 7) = 16806
N([5, 2, 7, 7, 5], 7) = 16806
N([5, 2, 7, 7, 6], 7) = 16806
N([5, 2, 7, 7, 7], 7) = 16806
N([5, 3, 1, 1, 1], 7) = 16806
N([5, 3, 1, 1, 2], 7) = 16806
N([5, 3, 1, 1, 3], 7) = 16806
N([5, 3, 1, 1, 4], 7) = 16806
N([5, 3, 1, 1, 5], 7) = 16806
N([5, 3, 1, 1, 6], 7) = 16806
N([5, 3, 1, 1, 7], 7) = 16806
N([5, 3, 1, 2, 1], 7) = 16806
N([5, 3, 1, 2, 2], 7) = 16806
N([5, 3, 1, 2, 3], 7) = 16806
N([5, 3, 1, 2, 4], 7) = 16806
N([5, 3, 1, 2, 5], 7) = 16806
N([5, 3, 1, 2, 6], 7) = 16806
N([5, 3, 1, 2, 7], 7) = 16806
N([5, 3, 1, 3, 1], 7) = 16806
N([5, 3, 1, 3, 2], 7) = 16806
N([5, 3, 1, 3, 3], 7) = 16806
N([5, 3, 1, 3, 4], 7) = 16806
N([5, 3, 1, 3, 5], 7) = 16806
N([5, 3, 1, 3, 6], 7) = 16806
N([5, 3, 1, 3, 7], 7) = 16806
N([5, 3, 1, 4, 1], 7) = 16806
N([5, 3, 1, 4, 2], 7) = 16806
N([5, 3, 1, 4, 3], 7) = 16806
N([5, 3, 1, 4, 4], 7) = 16806
N([5, 3, 1, 4, 5], 7) = 16806
N([5, 3, 1, 4, 6], 7) = 16806
N([5, 3, 1, 4, 7], 7) = 16806
N([5, 3, 1, 5, 1], 7) = 16806
N([5, 3, 1, 5, 2], 7) = 16806
N([5, 3, 1, 5, 3], 7) = 16806
N([5, 3, 1, 5, 4], 7) = 16806
N([5, 3, 1, 5, 5], 7) = 16806
N([5, 3, 1, 5, 6], 7) = 16806
N([5, 3, 1, 5, 7], 7) = 16806
N([5, 3, 1, 6, 1], 7) = 16806
N([5, 3, 1, 6, 2], 7) = 16806
N([5, 3, 1, 6, 3], 7) = 16806
N([5, 3, 1, 6, 4], 7) = 16806
N([5, 3, 1, 6, 5], 7) = 16806
N([5, 3, 1, 6, 6], 7) = 16806
N([5, 3, 1, 6, 7], 7) = 16806
N([5, 3, 1, 7, 1], 7) = 16806
N([5, 3, 1, 7, 2], 7) = 16806
N([5, 3, 1, 7, 3], 7) = 16806
N([5, 3, 1, 7, 4], 7) = 16806
N([5, 3, 1, 7, 5], 7) = 16806
N([5, 3, 1, 7, 6], 7) = 16806
N([5, 3, 1, 7, 7], 7) = 16806
N([5, 3, 2, 1, 1], 7) = 16806
N([5, 3, 2, 1, 2], 7) = 16806
N([5, 3, 2, 1, 3], 7) = 16806
N([5, 3, 2, 1, 4], 7) = 16806
N([5, 3, 2, 1, 5], 7) = 16806
N([5, 3, 2, 1, 6], 7) = 16806
N([5, 3, 2, 1, 7], 7) = 16806
N([5, 3, 2, 2, 1], 7) = 16806
N([5, 3, 2, 2, 2], 7) = 16806
N([5, 3, 2, 2, 3], 7) = 16806
N([5, 3, 2, 2, 4], 7) = 16806
N([5, 3, 2, 2, 5], 7) = 16806
N([5, 3, 2, 2, 6], 7) = 16806
N([5, 3, 2, 2, 7], 7) = 16806
N([5, 3, 2, 3, 1], 7) = 16806
N([5, 3, 2, 3, 2], 7) = 16806
N([5, 3, 2, 3, 3], 7) = 16806
N([5, 3, 2, 3, 4], 7) = 16806
N([5, 3, 2, 3, 5], 7) = 16806
N([5, 3, 2, 3, 6], 7) = 16806
N([5, 3, 2, 3, 7], 7) = 16806
N([5, 3, 2, 4, 1], 7) = 16806
N([5, 3, 2, 4, 2], 7) = 16806
N([5, 3, 2, 4, 3], 7) = 16806
N([5, 3, 2, 4, 4], 7) = 16806
N([5, 3, 2, 4, 5], 7) = 16806
N([5, 3, 2, 4, 6], 7) = 16806
N([5, 3, 2, 4, 7], 7) = 16806
N([5, 3, 2, 5, 1], 7) = 16806
N([5, 3, 2, 5, 2], 7) = 16806
N([5, 3, 2, 5, 3], 7) = 16806
N([5, 3, 2, 5, 4], 7) = 16806
N([5, 3, 2, 5, 5], 7) = 16806
N([5, 3, 2, 5, 6], 7) = 16806
N([5, 3, 2, 5, 7], 7) = 16806
N([5, 3, 2, 6, 1], 7) = 16806
N([5, 3, 2, 6, 2], 7) = 16806
N([5, 3, 2, 6, 3], 7) = 16806
N([5, 3, 2, 6, 4], 7) = 16806
N([5, 3, 2, 6, 5], 7) = 16806
N([5, 3, 2, 6, 6], 7) = 16806
N([5, 3, 2, 6, 7], 7) = 16806
N([5, 3, 2, 7, 1], 7) = 16806
N([5, 3, 2, 7, 2], 7) = 16806
N([5, 3, 2, 7, 3], 7) = 16806
N([5, 3, 2, 7, 4], 7) = 16806
N([5, 3, 2, 7, 5], 7) = 16806
N([5, 3, 2, 7, 6], 7) = 16806
N([5, 3, 2, 7, 7], 7) = 16806
N([5, 3, 3, 1, 1], 7) = 16806
N([5, 3, 3, 1, 2], 7) = 16806
N([5, 3, 3, 1, 3], 7) = 16806
N([5, 3, 3, 1, 4], 7) = 16806
N([5, 3, 3, 1, 5], 7) = 16806
N([5, 3, 3, 1, 6], 7) = 16806
N([5, 3, 3, 1, 7], 7) = 16806
N([5, 3, 3, 2, 1], 7) = 16806
N([5, 3, 3, 2, 2], 7) = 16806
N([5, 3, 3, 2, 3], 7) = 16806
N([5, 3, 3, 2, 4], 7) = 16806
N([5, 3, 3, 2, 5], 7) = 16806
N([5, 3, 3, 2, 6], 7) = 16806
N([5, 3, 3, 2, 7], 7) = 16806
N([5, 3, 3, 3, 1], 7) = 16806
N([5, 3, 3, 3, 2], 7) = 16806
N([5, 3, 3, 3, 3], 7) = 16806
N([5, 3, 3, 3, 4], 7) = 16806
N([5, 3, 3, 3, 5], 7) = 16806
N([5, 3, 3, 3, 6], 7) = 16806
N([5, 3, 3, 3, 7], 7) = 16806
N([5, 3, 3, 4, 1], 7) = 16806
N([5, 3, 3, 4, 2], 7) = 16806
N([5, 3, 3, 4, 3], 7) = 16806
N([5, 3, 3, 4, 4], 7) = 16806
N([5, 3, 3, 4, 5], 7) = 16806
N([5, 3, 3, 4, 6], 7) = 16806
N([5, 3, 3, 4, 7], 7) = 16806
N([5, 3, 3, 5, 1], 7) = 16806
N([5, 3, 3, 5, 2], 7) = 16806
N([5, 3, 3, 5, 3], 7) = 16806
N([5, 3, 3, 5, 4], 7) = 16806
N([5, 3, 3, 5, 5], 7) = 16806
N([5, 3, 3, 5, 6], 7) = 16806
N([5, 3, 3, 5, 7], 7) = 16806
N([5, 3, 3, 6, 1], 7) = 16806
N([5, 3, 3, 6, 2], 7) = 16806
N([5, 3, 3, 6, 3], 7) = 16806
N([5, 3, 3, 6, 4], 7) = 16806
N([5, 3, 3, 6, 5], 7) = 16806
N([5, 3, 3, 6, 6], 7) = 16806
N([5, 3, 3, 6, 7], 7) = 16806
N([5, 3, 3, 7, 1], 7) = 16806
N([5, 3, 3, 7, 2], 7) = 16806
N([5, 3, 3, 7, 3], 7) = 16806
N([5, 3, 3, 7, 4], 7) = 16806
N([5, 3, 3, 7, 5], 7) = 16806
N([5, 3, 3, 7, 6], 7) = 16806
N([5, 3, 3, 7, 7], 7) = 16806
N([5, 3, 4, 1, 1], 7) = 16806
N([5, 3, 4, 1, 2], 7) = 16806
N([5, 3, 4, 1, 3], 7) = 16806
N([5, 3, 4, 1, 4], 7) = 16806
N([5, 3, 4, 1, 5], 7) = 16806
N([5, 3, 4, 1, 6], 7) = 16806
N([5, 3, 4, 1, 7], 7) = 16806
N([5, 3, 4, 2, 1], 7) = 16806
N([5, 3, 4, 2, 2], 7) = 16806
N([5, 3, 4, 2, 3], 7) = 16806
N([5, 3, 4, 2, 4], 7) = 16806
N([5, 3, 4, 2, 5], 7) = 16806
N([5, 3, 4, 2, 6], 7) = 16806
N([5, 3, 4, 2, 7], 7) = 16806
N([5, 3, 4, 3, 1], 7) = 16806
N([5, 3, 4, 3, 2], 7) = 16806
N([5, 3, 4, 3, 3], 7) = 16806
N([5, 3, 4, 3, 4], 7) = 16806
N([5, 3, 4, 3, 5], 7) = 16806
N([5, 3, 4, 3, 6], 7) = 16806
N([5, 3, 4, 3, 7], 7) = 16806
N([5, 3, 4, 4, 1], 7) = 16806
N([5, 3, 4, 4, 2], 7) = 16806
N([5, 3, 4, 4, 3], 7) = 16806
N([5, 3, 4, 4, 4], 7) = 16806
N([5, 3, 4, 4, 5], 7) = 16806
N([5, 3, 4, 4, 6], 7) = 16806
N([5, 3, 4, 4, 7], 7) = 16806
N([5, 3, 4, 5, 1], 7) = 16806
N([5, 3, 4, 5, 2], 7) = 16806
N([5, 3, 4, 5, 3], 7) = 16806
N([5, 3, 4, 5, 4], 7) = 16806
N([5, 3, 4, 5, 5], 7) = 16806
N([5, 3, 4, 5, 6], 7) = 16806
N([5, 3, 4, 5, 7], 7) = 16806
N([5, 3, 4, 6, 1], 7) = 16806
N([5, 3, 4, 6, 2], 7) = 16806
N([5, 3, 4, 6, 3], 7) = 16806
N([5, 3, 4, 6, 4], 7) = 16806
N([5, 3, 4, 6, 5], 7) = 16806
N([5, 3, 4, 6, 6], 7) = 16806
N([5, 3, 4, 6, 7], 7) = 16806
N([5, 3, 4, 7, 1], 7) = 16806
N([5, 3, 4, 7, 2], 7) = 16806
N([5, 3, 4, 7, 3], 7) = 16806
N([5, 3, 4, 7, 4], 7) = 16806
N([5, 3, 4, 7, 5], 7) = 16806
N([5, 3, 4, 7, 6], 7) = 16806
N([5, 3, 4, 7, 7], 7) = 16806
N([5, 3, 5, 1, 1], 7) = 16806
N([5, 3, 5, 1, 2], 7) = 16806
N([5, 3, 5, 1, 3], 7) = 16806
N([5, 3, 5, 1, 4], 7) = 16806
N([5, 3, 5, 1, 5], 7) = 16806
N([5, 3, 5, 1, 6], 7) = 16806
N([5, 3, 5, 1, 7], 7) = 16806
N([5, 3, 5, 2, 1], 7) = 16806
N([5, 3, 5, 2, 2], 7) = 16806
N([5, 3, 5, 2, 3], 7) = 16806
N([5, 3, 5, 2, 4], 7) = 16806
N([5, 3, 5, 2, 5], 7) = 16806
N([5, 3, 5, 2, 6], 7) = 16806
N([5, 3, 5, 2, 7], 7) = 16806
N([5, 3, 5, 3, 1], 7) = 16806
N([5, 3, 5, 3, 2], 7) = 16806
N([5, 3, 5, 3, 3], 7) = 16806
N([5, 3, 5, 3, 4], 7) = 16806
N([5, 3, 5, 3, 5], 7) = 16806
N([5, 3, 5, 3, 6], 7) = 16806
N([5, 3, 5, 3, 7], 7) = 16806
N([5, 3, 5, 4, 1], 7) = 16806
N([5, 3, 5, 4, 2], 7) = 16806
N([5, 3, 5, 4, 3], 7) = 16806
N([5, 3, 5, 4, 4], 7) = 16806
N([5, 3, 5, 4, 5], 7) = 16806
N([5, 3, 5, 4, 6], 7) = 16806
N([5, 3, 5, 4, 7], 7) = 16806
N([5, 3, 5, 5, 1], 7) = 16806
N([5, 3, 5, 5, 2], 7) = 16806
N([5, 3, 5, 5, 3], 7) = 16806
N([5, 3, 5, 5, 4], 7) = 16806
N([5, 3, 5, 5, 5], 7) = 16806
N([5, 3, 5, 5, 6], 7) = 16806
N([5, 3, 5, 5, 7], 7) = 16806
N([5, 3, 5, 6, 1], 7) = 16806
N([5, 3, 5, 6, 2], 7) = 16806
N([5, 3, 5, 6, 3], 7) = 16806
N([5, 3, 5, 6, 4], 7) = 16806
N([5, 3, 5, 6, 5], 7) = 16806
N([5, 3, 5, 6, 6], 7) = 16806
N([5, 3, 5, 6, 7], 7) = 16806
N([5, 3, 5, 7, 1], 7) = 16806
N([5, 3, 5, 7, 2], 7) = 16806
N([5, 3, 5, 7, 3], 7) = 16806
N([5, 3, 5, 7, 4], 7) = 16806
N([5, 3, 5, 7, 5], 7) = 16806
N([5, 3, 5, 7, 6], 7) = 16806
N([5, 3, 5, 7, 7], 7) = 16806
N([5, 3, 6, 1, 1], 7) = 16806
N([5, 3, 6, 1, 2], 7) = 16806
N([5, 3, 6, 1, 3], 7) = 16806
N([5, 3, 6, 1, 4], 7) = 16806
N([5, 3, 6, 1, 5], 7) = 16806
N([5, 3, 6, 1, 6], 7) = 16806
N([5, 3, 6, 1, 7], 7) = 16806
N([5, 3, 6, 2, 1], 7) = 16806
N([5, 3, 6, 2, 2], 7) = 16806
N([5, 3, 6, 2, 3], 7) = 16806
N([5, 3, 6, 2, 4], 7) = 16806
N([5, 3, 6, 2, 5], 7) = 16806
N([5, 3, 6, 2, 6], 7) = 16806
N([5, 3, 6, 2, 7], 7) = 16806
N([5, 3, 6, 3, 1], 7) = 16806
N([5, 3, 6, 3, 2], 7) = 16806
N([5, 3, 6, 3, 3], 7) = 16806
N([5, 3, 6, 3, 4], 7) = 16806
N([5, 3, 6, 3, 5], 7) = 16806
N([5, 3, 6, 3, 6], 7) = 16806
N([5, 3, 6, 3, 7], 7) = 16806
N([5, 3, 6, 4, 1], 7) = 16806
N([5, 3, 6, 4, 2], 7) = 16806
N([5, 3, 6, 4, 3], 7) = 16806
N([5, 3, 6, 4, 4], 7) = 16806
N([5, 3, 6, 4, 5], 7) = 16806
N([5, 3, 6, 4, 6], 7) = 16806
N([5, 3, 6, 4, 7], 7) = 16806
N([5, 3, 6, 5, 1], 7) = 16806
N([5, 3, 6, 5, 2], 7) = 16806
N([5, 3, 6, 5, 3], 7) = 16806
N([5, 3, 6, 5, 4], 7) = 16806
N([5, 3, 6, 5, 5], 7) = 16806
N([5, 3, 6, 5, 6], 7) = 16806
N([5, 3, 6, 5, 7], 7) = 16806
N([5, 3, 6, 6, 1], 7) = 16806
N([5, 3, 6, 6, 2], 7) = 16806
N([5, 3, 6, 6, 3], 7) = 16806
N([5, 3, 6, 6, 4], 7) = 16806
N([5, 3, 6, 6, 5], 7) = 16806
N([5, 3, 6, 6, 6], 7) = 16806
N([5, 3, 6, 6, 7], 7) = 16806
N([5, 3, 6, 7, 1], 7) = 16806
N([5, 3, 6, 7, 2], 7) = 16806
N([5, 3, 6, 7, 3], 7) = 16806
N([5, 3, 6, 7, 4], 7) = 16806
N([5, 3, 6, 7, 5], 7) = 16806
N([5, 3, 6, 7, 6], 7) = 16806
N([5, 3, 6, 7, 7], 7) = 16806
N([5, 3, 7, 1, 1], 7) = 16806
N([5, 3, 7, 1, 2], 7) = 16806
N([5, 3, 7, 1, 3], 7) = 16806
N([5, 3, 7, 1, 4], 7) = 16806
N([5, 3, 7, 1, 5], 7) = 16806
N([5, 3, 7, 1, 6], 7) = 16806
N([5, 3, 7, 1, 7], 7) = 16806
N([5, 3, 7, 2, 1], 7) = 16806
N([5, 3, 7, 2, 2], 7) = 16806
N([5, 3, 7, 2, 3], 7) = 16806
N([5, 3, 7, 2, 4], 7) = 16806
N([5, 3, 7, 2, 5], 7) = 16806
N([5, 3, 7, 2, 6], 7) = 16806
N([5, 3, 7, 2, 7], 7) = 16806
N([5, 3, 7, 3, 1], 7) = 16806
N([5, 3, 7, 3, 2], 7) = 16806
N([5, 3, 7, 3, 3], 7) = 16806
N([5, 3, 7, 3, 4], 7) = 16806
N([5, 3, 7, 3, 5], 7) = 16806
N([5, 3, 7, 3, 6], 7) = 16806
N([5, 3, 7, 3, 7], 7) = 16806
N([5, 3, 7, 4, 1], 7) = 16806
N([5, 3, 7, 4, 2], 7) = 16806
N([5, 3, 7, 4, 3], 7) = 16806
N([5, 3, 7, 4, 4], 7) = 16806
N([5, 3, 7, 4, 5], 7) = 16806
N([5, 3, 7, 4, 6], 7) = 16806
N([5, 3, 7, 4, 7], 7) = 16806
N([5, 3, 7, 5, 1], 7) = 16806
N([5, 3, 7, 5, 2], 7) = 16806
N([5, 3, 7, 5, 3], 7) = 16806
N([5, 3, 7, 5, 4], 7) = 16806
N([5, 3, 7, 5, 5], 7) = 16806
N([5, 3, 7, 5, 6], 7) = 16806
N([5, 3, 7, 5, 7], 7) = 16806
N([5, 3, 7, 6, 1], 7) = 16806
N([5, 3, 7, 6, 2], 7) = 16806
N([5, 3, 7, 6, 3], 7) = 16806
N([5, 3, 7, 6, 4], 7) = 16806
N([5, 3, 7, 6, 5], 7) = 16806
N([5, 3, 7, 6, 6], 7) = 16806
N([5, 3, 7, 6, 7], 7) = 16806
N([5, 3, 7, 7, 1], 7) = 16806
N([5, 3, 7, 7, 2], 7) = 16806
N([5, 3, 7, 7, 3], 7) = 16806
N([5, 3, 7, 7, 4], 7) = 16806
N([5, 3, 7, 7, 5], 7) = 16806
N([5, 3, 7, 7, 6], 7) = 16806
N([5, 3, 7, 7, 7], 7) = 16806
N([5, 4, 1, 1, 1], 7) = 16806
N([5, 4, 1, 1, 2], 7) = 16806
N([5, 4, 1, 1, 3], 7) = 16806
N([5, 4, 1, 1, 4], 7) = 16806
N([5, 4, 1, 1, 5], 7) = 16806
N([5, 4, 1, 1, 6], 7) = 16806
N([5, 4, 1, 1, 7], 7) = 16806
N([5, 4, 1, 2, 1], 7) = 16806
N([5, 4, 1, 2, 2], 7) = 16806
N([5, 4, 1, 2, 3], 7) = 16806
N([5, 4, 1, 2, 4], 7) = 16806
N([5, 4, 1, 2, 5], 7) = 16806
N([5, 4, 1, 2, 6], 7) = 16806
N([5, 4, 1, 2, 7], 7) = 16806
N([5, 4, 1, 3, 1], 7) = 16806
N([5, 4, 1, 3, 2], 7) = 16806
N([5, 4, 1, 3, 3], 7) = 16806
N([5, 4, 1, 3, 4], 7) = 16806
N([5, 4, 1, 3, 5], 7) = 16806
N([5, 4, 1, 3, 6], 7) = 16806
N([5, 4, 1, 3, 7], 7) = 16806
N([5, 4, 1, 4, 1], 7) = 16806
N([5, 4, 1, 4, 2], 7) = 16806
N([5, 4, 1, 4, 3], 7) = 16806
N([5, 4, 1, 4, 4], 7) = 16806
N([5, 4, 1, 4, 5], 7) = 16806
N([5, 4, 1, 4, 6], 7) = 16806
N([5, 4, 1, 4, 7], 7) = 16806
N([5, 4, 1, 5, 1], 7) = 16806
N([5, 4, 1, 5, 2], 7) = 16806
N([5, 4, 1, 5, 3], 7) = 16806
N([5, 4, 1, 5, 4], 7) = 16806
N([5, 4, 1, 5, 5], 7) = 16806
N([5, 4, 1, 5, 6], 7) = 16806
N([5, 4, 1, 5, 7], 7) = 16806
N([5, 4, 1, 6, 1], 7) = 16806
N([5, 4, 1, 6, 2], 7) = 16806
N([5, 4, 1, 6, 3], 7) = 16806
N([5, 4, 1, 6, 4], 7) = 16806
N([5, 4, 1, 6, 5], 7) = 16806
N([5, 4, 1, 6, 6], 7) = 16806
N([5, 4, 1, 6, 7], 7) = 16806
N([5, 4, 1, 7, 1], 7) = 16806
N([5, 4, 1, 7, 2], 7) = 16806
N([5, 4, 1, 7, 3], 7) = 16806
N([5, 4, 1, 7, 4], 7) = 16806
N([5, 4, 1, 7, 5], 7) = 16806
N([5, 4, 1, 7, 6], 7) = 16806
N([5, 4, 1, 7, 7], 7) = 16806
N([5, 4, 2, 1, 1], 7) = 16806
N([5, 4, 2, 1, 2], 7) = 16806
N([5, 4, 2, 1, 3], 7) = 16806
N([5, 4, 2, 1, 4], 7) = 16806
N([5, 4, 2, 1, 5], 7) = 16806
N([5, 4, 2, 1, 6], 7) = 16806
N([5, 4, 2, 1, 7], 7) = 16806
N([5, 4, 2, 2, 1], 7) = 16806
N([5, 4, 2, 2, 2], 7) = 16806
N([5, 4, 2, 2, 3], 7) = 16806
N([5, 4, 2, 2, 4], 7) = 16806
N([5, 4, 2, 2, 5], 7) = 16806
N([5, 4, 2, 2, 6], 7) = 16806
N([5, 4, 2, 2, 7], 7) = 16806
N([5, 4, 2, 3, 1], 7) = 16806
N([5, 4, 2, 3, 2], 7) = 16806
N([5, 4, 2, 3, 3], 7) = 16806
N([5, 4, 2, 3, 4], 7) = 16806
N([5, 4, 2, 3, 5], 7) = 16806
N([5, 4, 2, 3, 6], 7) = 16806
N([5, 4, 2, 3, 7], 7) = 16806
N([5, 4, 2, 4, 1], 7) = 16806
N([5, 4, 2, 4, 2], 7) = 16806
N([5, 4, 2, 4, 3], 7) = 16806
N([5, 4, 2, 4, 4], 7) = 16806
N([5, 4, 2, 4, 5], 7) = 16806
N([5, 4, 2, 4, 6], 7) = 16806
N([5, 4, 2, 4, 7], 7) = 16806
N([5, 4, 2, 5, 1], 7) = 16806
N([5, 4, 2, 5, 2], 7) = 16806
N([5, 4, 2, 5, 3], 7) = 16806
N([5, 4, 2, 5, 4], 7) = 16806
N([5, 4, 2, 5, 5], 7) = 16806
N([5, 4, 2, 5, 6], 7) = 16806
N([5, 4, 2, 5, 7], 7) = 16806
N([5, 4, 2, 6, 1], 7) = 16806
N([5, 4, 2, 6, 2], 7) = 16806
N([5, 4, 2, 6, 3], 7) = 16806
N([5, 4, 2, 6, 4], 7) = 16806
N([5, 4, 2, 6, 5], 7) = 16806
N([5, 4, 2, 6, 6], 7) = 16806
N([5, 4, 2, 6, 7], 7) = 16806
N([5, 4, 2, 7, 1], 7) = 16806
N([5, 4, 2, 7, 2], 7) = 16806
N([5, 4, 2, 7, 3], 7) = 16806
N([5, 4, 2, 7, 4], 7) = 16806
N([5, 4, 2, 7, 5], 7) = 16806
N([5, 4, 2, 7, 6], 7) = 16806
N([5, 4, 2, 7, 7], 7) = 16806
N([5, 4, 3, 1, 1], 7) = 16806
N([5, 4, 3, 1, 2], 7) = 16806
N([5, 4, 3, 1, 3], 7) = 16806
N([5, 4, 3, 1, 4], 7) = 16806
N([5, 4, 3, 1, 5], 7) = 16806
N([5, 4, 3, 1, 6], 7) = 16806
N([5, 4, 3, 1, 7], 7) = 16806
N([5, 4, 3, 2, 1], 7) = 16806
N([5, 4, 3, 2, 2], 7) = 16806
N([5, 4, 3, 2, 3], 7) = 16806
N([5, 4, 3, 2, 4], 7) = 16806
N([5, 4, 3, 2, 5], 7) = 16806
N([5, 4, 3, 2, 6], 7) = 16806
N([5, 4, 3, 2, 7], 7) = 16806
N([5, 4, 3, 3, 1], 7) = 16806
N([5, 4, 3, 3, 2], 7) = 16806
N([5, 4, 3, 3, 3], 7) = 16806
N([5, 4, 3, 3, 4], 7) = 16806
N([5, 4, 3, 3, 5], 7) = 16806
N([5, 4, 3, 3, 6], 7) = 16806
N([5, 4, 3, 3, 7], 7) = 16806
N([5, 4, 3, 4, 1], 7) = 16806
N([5, 4, 3, 4, 2], 7) = 16806
N([5, 4, 3, 4, 3], 7) = 16806
N([5, 4, 3, 4, 4], 7) = 16806
N([5, 4, 3, 4, 5], 7) = 16806
N([5, 4, 3, 4, 6], 7) = 16806
N([5, 4, 3, 4, 7], 7) = 16806
N([5, 4, 3, 5, 1], 7) = 16806
N([5, 4, 3, 5, 2], 7) = 16806
N([5, 4, 3, 5, 3], 7) = 16806
N([5, 4, 3, 5, 4], 7) = 16806
N([5, 4, 3, 5, 5], 7) = 16806
N([5, 4, 3, 5, 6], 7) = 16806
N([5, 4, 3, 5, 7], 7) = 16806
N([5, 4, 3, 6, 1], 7) = 16806
N([5, 4, 3, 6, 2], 7) = 16806
N([5, 4, 3, 6, 3], 7) = 16806
N([5, 4, 3, 6, 4], 7) = 16806
N([5, 4, 3, 6, 5], 7) = 16806
N([5, 4, 3, 6, 6], 7) = 16806
N([5, 4, 3, 6, 7], 7) = 16806
N([5, 4, 3, 7, 1], 7) = 16806
N([5, 4, 3, 7, 2], 7) = 16806
N([5, 4, 3, 7, 3], 7) = 16806
N([5, 4, 3, 7, 4], 7) = 16806
N([5, 4, 3, 7, 5], 7) = 16806
N([5, 4, 3, 7, 6], 7) = 16806
N([5, 4, 3, 7, 7], 7) = 16806
N([5, 4, 4, 1, 1], 7) = 16806
N([5, 4, 4, 1, 2], 7) = 16806
N([5, 4, 4, 1, 3], 7) = 16806
N([5, 4, 4, 1, 4], 7) = 16806
N([5, 4, 4, 1, 5], 7) = 16806
N([5, 4, 4, 1, 6], 7) = 16806
N([5, 4, 4, 1, 7], 7) = 16806
N([5, 4, 4, 2, 1], 7) = 16806
N([5, 4, 4, 2, 2], 7) = 16806
N([5, 4, 4, 2, 3], 7) = 16806
N([5, 4, 4, 2, 4], 7) = 16806
N([5, 4, 4, 2, 5], 7) = 16806
N([5, 4, 4, 2, 6], 7) = 16806
N([5, 4, 4, 2, 7], 7) = 16806
N([5, 4, 4, 3, 1], 7) = 16806
N([5, 4, 4, 3, 2], 7) = 16806
N([5, 4, 4, 3, 3], 7) = 16806
N([5, 4, 4, 3, 4], 7) = 16806
N([5, 4, 4, 3, 5], 7) = 16806
N([5, 4, 4, 3, 6], 7) = 16806
N([5, 4, 4, 3, 7], 7) = 16806
N([5, 4, 4, 4, 1], 7) = 16806
N([5, 4, 4, 4, 2], 7) = 16806
N([5, 4, 4, 4, 3], 7) = 16806
N([5, 4, 4, 4, 4], 7) = 16806
N([5, 4, 4, 4, 5], 7) = 16806
N([5, 4, 4, 4, 6], 7) = 16806
N([5, 4, 4, 4, 7], 7) = 16806
N([5, 4, 4, 5, 1], 7) = 16806
N([5, 4, 4, 5, 2], 7) = 16806
N([5, 4, 4, 5, 3], 7) = 16806
N([5, 4, 4, 5, 4], 7) = 16806
N([5, 4, 4, 5, 5], 7) = 16806
N([5, 4, 4, 5, 6], 7) = 16806
N([5, 4, 4, 5, 7], 7) = 16806
N([5, 4, 4, 6, 1], 7) = 16806
N([5, 4, 4, 6, 2], 7) = 16806
N([5, 4, 4, 6, 3], 7) = 16806
N([5, 4, 4, 6, 4], 7) = 16806
N([5, 4, 4, 6, 5], 7) = 16806
N([5, 4, 4, 6, 6], 7) = 16806
N([5, 4, 4, 6, 7], 7) = 16806
N([5, 4, 4, 7, 1], 7) = 16806
N([5, 4, 4, 7, 2], 7) = 16806
N([5, 4, 4, 7, 3], 7) = 16806
N([5, 4, 4, 7, 4], 7) = 16806
N([5, 4, 4, 7, 5], 7) = 16806
N([5, 4, 4, 7, 6], 7) = 16806
N([5, 4, 4, 7, 7], 7) = 16806
N([5, 4, 5, 1, 1], 7) = 16806
N([5, 4, 5, 1, 2], 7) = 16806
N([5, 4, 5, 1, 3], 7) = 16806
N([5, 4, 5, 1, 4], 7) = 16806
N([5, 4, 5, 1, 5], 7) = 16806
N([5, 4, 5, 1, 6], 7) = 16806
N([5, 4, 5, 1, 7], 7) = 16806
N([5, 4, 5, 2, 1], 7) = 16806
N([5, 4, 5, 2, 2], 7) = 16806
N([5, 4, 5, 2, 3], 7) = 16806
N([5, 4, 5, 2, 4], 7) = 16806
N([5, 4, 5, 2, 5], 7) = 16806
N([5, 4, 5, 2, 6], 7) = 16806
N([5, 4, 5, 2, 7], 7) = 16806
N([5, 4, 5, 3, 1], 7) = 16806
N([5, 4, 5, 3, 2], 7) = 16806
N([5, 4, 5, 3, 3], 7) = 16806
N([5, 4, 5, 3, 4], 7) = 16806
N([5, 4, 5, 3, 5], 7) = 16806
N([5, 4, 5, 3, 6], 7) = 16806
N([5, 4, 5, 3, 7], 7) = 16806
N([5, 4, 5, 4, 1], 7) = 16806
N([5, 4, 5, 4, 2], 7) = 16806
N([5, 4, 5, 4, 3], 7) = 16806
N([5, 4, 5, 4, 4], 7) = 16806
N([5, 4, 5, 4, 5], 7) = 16806
N([5, 4, 5, 4, 6], 7) = 16806
N([5, 4, 5, 4, 7], 7) = 16806
N([5, 4, 5, 5, 1], 7) = 16806
N([5, 4, 5, 5, 2], 7) = 16806
N([5, 4, 5, 5, 3], 7) = 16806
N([5, 4, 5, 5, 4], 7) = 16806
N([5, 4, 5, 5, 5], 7) = 16806
N([5, 4, 5, 5, 6], 7) = 16806
N([5, 4, 5, 5, 7], 7) = 16806
N([5, 4, 5, 6, 1], 7) = 16806
N([5, 4, 5, 6, 2], 7) = 16806
N([5, 4, 5, 6, 3], 7) = 16806
N([5, 4, 5, 6, 4], 7) = 16806
N([5, 4, 5, 6, 5], 7) = 16806
N([5, 4, 5, 6, 6], 7) = 16806
N([5, 4, 5, 6, 7], 7) = 16806
N([5, 4, 5, 7, 1], 7) = 16806
N([5, 4, 5, 7, 2], 7) = 16806
N([5, 4, 5, 7, 3], 7) = 16806
N([5, 4, 5, 7, 4], 7) = 16806
N([5, 4, 5, 7, 5], 7) = 16806
N([5, 4, 5, 7, 6], 7) = 16806
N([5, 4, 5, 7, 7], 7) = 16806
N([5, 4, 6, 1, 1], 7) = 16806
N([5, 4, 6, 1, 2], 7) = 16806
N([5, 4, 6, 1, 3], 7) = 16806
N([5, 4, 6, 1, 4], 7) = 16806
N([5, 4, 6, 1, 5], 7) = 16806
N([5, 4, 6, 1, 6], 7) = 16806
N([5, 4, 6, 1, 7], 7) = 16806
N([5, 4, 6, 2, 1], 7) = 16806
N([5, 4, 6, 2, 2], 7) = 16806
N([5, 4, 6, 2, 3], 7) = 16806
N([5, 4, 6, 2, 4], 7) = 16806
N([5, 4, 6, 2, 5], 7) = 16806
N([5, 4, 6, 2, 6], 7) = 16806
N([5, 4, 6, 2, 7], 7) = 16806
N([5, 4, 6, 3, 1], 7) = 16806
N([5, 4, 6, 3, 2], 7) = 16806
N([5, 4, 6, 3, 3], 7) = 16806
N([5, 4, 6, 3, 4], 7) = 16806
N([5, 4, 6, 3, 5], 7) = 16806
N([5, 4, 6, 3, 6], 7) = 16806
N([5, 4, 6, 3, 7], 7) = 16806
N([5, 4, 6, 4, 1], 7) = 16806
N([5, 4, 6, 4, 2], 7) = 16806
N([5, 4, 6, 4, 3], 7) = 16806
N([5, 4, 6, 4, 4], 7) = 16806
N([5, 4, 6, 4, 5], 7) = 16806
N([5, 4, 6, 4, 6], 7) = 16806
N([5, 4, 6, 4, 7], 7) = 16806
N([5, 4, 6, 5, 1], 7) = 16806
N([5, 4, 6, 5, 2], 7) = 16806
N([5, 4, 6, 5, 3], 7) = 16806
N([5, 4, 6, 5, 4], 7) = 16806
N([5, 4, 6, 5, 5], 7) = 16806
N([5, 4, 6, 5, 6], 7) = 16806
N([5, 4, 6, 5, 7], 7) = 16806
N([5, 4, 6, 6, 1], 7) = 16806
N([5, 4, 6, 6, 2], 7) = 16806
N([5, 4, 6, 6, 3], 7) = 16806
N([5, 4, 6, 6, 4], 7) = 16806
N([5, 4, 6, 6, 5], 7) = 16806
N([5, 4, 6, 6, 6], 7) = 16806
N([5, 4, 6, 6, 7], 7) = 16806
N([5, 4, 6, 7, 1], 7) = 16806
N([5, 4, 6, 7, 2], 7) = 16806
N([5, 4, 6, 7, 3], 7) = 16806
N([5, 4, 6, 7, 4], 7) = 16806
N([5, 4, 6, 7, 5], 7) = 16806
N([5, 4, 6, 7, 6], 7) = 16806
N([5, 4, 6, 7, 7], 7) = 16806
N([5, 4, 7, 1, 1], 7) = 16806
N([5, 4, 7, 1, 2], 7) = 16806
N([5, 4, 7, 1, 3], 7) = 16806
N([5, 4, 7, 1, 4], 7) = 16806
N([5, 4, 7, 1, 5], 7) = 16806
N([5, 4, 7, 1, 6], 7) = 16806
N([5, 4, 7, 1, 7], 7) = 16806
N([5, 4, 7, 2, 1], 7) = 16806
N([5, 4, 7, 2, 2], 7) = 16806
N([5, 4, 7, 2, 3], 7) = 16806
N([5, 4, 7, 2, 4], 7) = 16806
N([5, 4, 7, 2, 5], 7) = 16806
N([5, 4, 7, 2, 6], 7) = 16806
N([5, 4, 7, 2, 7], 7) = 16806
N([5, 4, 7, 3, 1], 7) = 16806
N([5, 4, 7, 3, 2], 7) = 16806
N([5, 4, 7, 3, 3], 7) = 16806
N([5, 4, 7, 3, 4], 7) = 16806
N([5, 4, 7, 3, 5], 7) = 16806
N([5, 4, 7, 3, 6], 7) = 16806
N([5, 4, 7, 3, 7], 7) = 16806
N([5, 4, 7, 4, 1], 7) = 16806
N([5, 4, 7, 4, 2], 7) = 16806
N([5, 4, 7, 4, 3], 7) = 16806
N([5, 4, 7, 4, 4], 7) = 16806
N([5, 4, 7, 4, 5], 7) = 16806
N([5, 4, 7, 4, 6], 7) = 16806
N([5, 4, 7, 4, 7], 7) = 16806
N([5, 4, 7, 5, 1], 7) = 16806
N([5, 4, 7, 5, 2], 7) = 16806
N([5, 4, 7, 5, 3], 7) = 16806
N([5, 4, 7, 5, 4], 7) = 16806
N([5, 4, 7, 5, 5], 7) = 16806
N([5, 4, 7, 5, 6], 7) = 16806
N([5, 4, 7, 5, 7], 7) = 16806
N([5, 4, 7, 6, 1], 7) = 16806
N([5, 4, 7, 6, 2], 7) = 16806
N([5, 4, 7, 6, 3], 7) = 16806
N([5, 4, 7, 6, 4], 7) = 16806
N([5, 4, 7, 6, 5], 7) = 16806
N([5, 4, 7, 6, 6], 7) = 16806
N([5, 4, 7, 6, 7], 7) = 16806
N([5, 4, 7, 7, 1], 7) = 16806
N([5, 4, 7, 7, 2], 7) = 16806
N([5, 4, 7, 7, 3], 7) = 16806
N([5, 4, 7, 7, 4], 7) = 16806
N([5, 4, 7, 7, 5], 7) = 16806
N([5, 4, 7, 7, 6], 7) = 16806
N([5, 4, 7, 7, 7], 7) = 16806
N([5, 5, 1, 1, 1], 7) = 16806
N([5, 5, 1, 1, 2], 7) = 16806
N([5, 5, 1, 1, 3], 7) = 16806
N([5, 5, 1, 1, 4], 7) = 16806
N([5, 5, 1, 1, 5], 7) = 16806
N([5, 5, 1, 1, 6], 7) = 16806
N([5, 5, 1, 1, 7], 7) = 16806
N([5, 5, 1, 2, 1], 7) = 16806
N([5, 5, 1, 2, 2], 7) = 16806
N([5, 5, 1, 2, 3], 7) = 16806
N([5, 5, 1, 2, 4], 7) = 16806
N([5, 5, 1, 2, 5], 7) = 16806
N([5, 5, 1, 2, 6], 7) = 16806
N([5, 5, 1, 2, 7], 7) = 16806
N([5, 5, 1, 3, 1], 7) = 16806
N([5, 5, 1, 3, 2], 7) = 16806
N([5, 5, 1, 3, 3], 7) = 16806
N([5, 5, 1, 3, 4], 7) = 16806
N([5, 5, 1, 3, 5], 7) = 16806
N([5, 5, 1, 3, 6], 7) = 16806
N([5, 5, 1, 3, 7], 7) = 16806
N([5, 5, 1, 4, 1], 7) = 16806
N([5, 5, 1, 4, 2], 7) = 16806
N([5, 5, 1, 4, 3], 7) = 16806
N([5, 5, 1, 4, 4], 7) = 16806
N([5, 5, 1, 4, 5], 7) = 16806
N([5, 5, 1, 4, 6], 7) = 16806
N([5, 5, 1, 4, 7], 7) = 16806
N([5, 5, 1, 5, 1], 7) = 16806
N([5, 5, 1, 5, 2], 7) = 16806
N([5, 5, 1, 5, 3], 7) = 16806
N([5, 5, 1, 5, 4], 7) = 16806
N([5, 5, 1, 5, 5], 7) = 16806
N([5, 5, 1, 5, 6], 7) = 16806
N([5, 5, 1, 5, 7], 7) = 16806
N([5, 5, 1, 6, 1], 7) = 16806
N([5, 5, 1, 6, 2], 7) = 16806
N([5, 5, 1, 6, 3], 7) = 16806
N([5, 5, 1, 6, 4], 7) = 16806
N([5, 5, 1, 6, 5], 7) = 16806
N([5, 5, 1, 6, 6], 7) = 16806
N([5, 5, 1, 6, 7], 7) = 16806
N([5, 5, 1, 7, 1], 7) = 16806
N([5, 5, 1, 7, 2], 7) = 16806
N([5, 5, 1, 7, 3], 7) = 16806
N([5, 5, 1, 7, 4], 7) = 16806
N([5, 5, 1, 7, 5], 7) = 16806
N([5, 5, 1, 7, 6], 7) = 16806
N([5, 5, 1, 7, 7], 7) = 16806
N([5, 5, 2, 1, 1], 7) = 16806
N([5, 5, 2, 1, 2], 7) = 16806
N([5, 5, 2, 1, 3], 7) = 16806
N([5, 5, 2, 1, 4], 7) = 16806
N([5, 5, 2, 1, 5], 7) = 16806
N([5, 5, 2, 1, 6], 7) = 16806
N([5, 5, 2, 1, 7], 7) = 16806
N([5, 5, 2, 2, 1], 7) = 16806
N([5, 5, 2, 2, 2], 7) = 16806
N([5, 5, 2, 2, 3], 7) = 16806
N([5, 5, 2, 2, 4], 7) = 16806
N([5, 5, 2, 2, 5], 7) = 16806
N([5, 5, 2, 2, 6], 7) = 16806
N([5, 5, 2, 2, 7], 7) = 16806
N([5, 5, 2, 3, 1], 7) = 16806
N([5, 5, 2, 3, 2], 7) = 16806
N([5, 5, 2, 3, 3], 7) = 16806
N([5, 5, 2, 3, 4], 7) = 16806
N([5, 5, 2, 3, 5], 7) = 16806
N([5, 5, 2, 3, 6], 7) = 16806
N([5, 5, 2, 3, 7], 7) = 16806
N([5, 5, 2, 4, 1], 7) = 16806
N([5, 5, 2, 4, 2], 7) = 16806
N([5, 5, 2, 4, 3], 7) = 16806
N([5, 5, 2, 4, 4], 7) = 16806
N([5, 5, 2, 4, 5], 7) = 16806
N([5, 5, 2, 4, 6], 7) = 16806
N([5, 5, 2, 4, 7], 7) = 16806
N([5, 5, 2, 5, 1], 7) = 16806
N([5, 5, 2, 5, 2], 7) = 16806
N([5, 5, 2, 5, 3], 7) = 16806
N([5, 5, 2, 5, 4], 7) = 16806
N([5, 5, 2, 5, 5], 7) = 16806
N([5, 5, 2, 5, 6], 7) = 16806
N([5, 5, 2, 5, 7], 7) = 16806
N([5, 5, 2, 6, 1], 7) = 16806
N([5, 5, 2, 6, 2], 7) = 16806
N([5, 5, 2, 6, 3], 7) = 16806
N([5, 5, 2, 6, 4], 7) = 16806
N([5, 5, 2, 6, 5], 7) = 16806
N([5, 5, 2, 6, 6], 7) = 16806
N([5, 5, 2, 6, 7], 7) = 16806
N([5, 5, 2, 7, 1], 7) = 16806
N([5, 5, 2, 7, 2], 7) = 16806
N([5, 5, 2, 7, 3], 7) = 16806
N([5, 5, 2, 7, 4], 7) = 16806
N([5, 5, 2, 7, 5], 7) = 16806
N([5, 5, 2, 7, 6], 7) = 16806
N([5, 5, 2, 7, 7], 7) = 16806
N([5, 5, 3, 1, 1], 7) = 16806
N([5, 5, 3, 1, 2], 7) = 16806
N([5, 5, 3, 1, 3], 7) = 16806
N([5, 5, 3, 1, 4], 7) = 16806
N([5, 5, 3, 1, 5], 7) = 16806
N([5, 5, 3, 1, 6], 7) = 16806
N([5, 5, 3, 1, 7], 7) = 16806
N([5, 5, 3, 2, 1], 7) = 16806
N([5, 5, 3, 2, 2], 7) = 16806
N([5, 5, 3, 2, 3], 7) = 16806
N([5, 5, 3, 2, 4], 7) = 16806
N([5, 5, 3, 2, 5], 7) = 16806
N([5, 5, 3, 2, 6], 7) = 16806
N([5, 5, 3, 2, 7], 7) = 16806
N([5, 5, 3, 3, 1], 7) = 16806
N([5, 5, 3, 3, 2], 7) = 16806
N([5, 5, 3, 3, 3], 7) = 16806
N([5, 5, 3, 3, 4], 7) = 16806
N([5, 5, 3, 3, 5], 7) = 16806
N([5, 5, 3, 3, 6], 7) = 16806
N([5, 5, 3, 3, 7], 7) = 16806
N([5, 5, 3, 4, 1], 7) = 16806
N([5, 5, 3, 4, 2], 7) = 16806
N([5, 5, 3, 4, 3], 7) = 16806
N([5, 5, 3, 4, 4], 7) = 16806
N([5, 5, 3, 4, 5], 7) = 16806
N([5, 5, 3, 4, 6], 7) = 16806
N([5, 5, 3, 4, 7], 7) = 16806
N([5, 5, 3, 5, 1], 7) = 16806
N([5, 5, 3, 5, 2], 7) = 16806
N([5, 5, 3, 5, 3], 7) = 16806
N([5, 5, 3, 5, 4], 7) = 16806
N([5, 5, 3, 5, 5], 7) = 16806
N([5, 5, 3, 5, 6], 7) = 16806
N([5, 5, 3, 5, 7], 7) = 16806
N([5, 5, 3, 6, 1], 7) = 16806
N([5, 5, 3, 6, 2], 7) = 16806
N([5, 5, 3, 6, 3], 7) = 16806
N([5, 5, 3, 6, 4], 7) = 16806
N([5, 5, 3, 6, 5], 7) = 16806
N([5, 5, 3, 6, 6], 7) = 16806
N([5, 5, 3, 6, 7], 7) = 16806
N([5, 5, 3, 7, 1], 7) = 16806
N([5, 5, 3, 7, 2], 7) = 16806
N([5, 5, 3, 7, 3], 7) = 16806
N([5, 5, 3, 7, 4], 7) = 16806
N([5, 5, 3, 7, 5], 7) = 16806
N([5, 5, 3, 7, 6], 7) = 16806
N([5, 5, 3, 7, 7], 7) = 16806
N([5, 5, 4, 1, 1], 7) = 16806
N([5, 5, 4, 1, 2], 7) = 16806
N([5, 5, 4, 1, 3], 7) = 16806
N([5, 5, 4, 1, 4], 7) = 16806
N([5, 5, 4, 1, 5], 7) = 16806
N([5, 5, 4, 1, 6], 7) = 16806
N([5, 5, 4, 1, 7], 7) = 16806
N([5, 5, 4, 2, 1], 7) = 16806
N([5, 5, 4, 2, 2], 7) = 16806
N([5, 5, 4, 2, 3], 7) = 16806
N([5, 5, 4, 2, 4], 7) = 16806
N([5, 5, 4, 2, 5], 7) = 16806
N([5, 5, 4, 2, 6], 7) = 16806
N([5, 5, 4, 2, 7], 7) = 16806
N([5, 5, 4, 3, 1], 7) = 16806
N([5, 5, 4, 3, 2], 7) = 16806
N([5, 5, 4, 3, 3], 7) = 16806
N([5, 5, 4, 3, 4], 7) = 16806
N([5, 5, 4, 3, 5], 7) = 16806
N([5, 5, 4, 3, 6], 7) = 16806
N([5, 5, 4, 3, 7], 7) = 16806
N([5, 5, 4, 4, 1], 7) = 16806
N([5, 5, 4, 4, 2], 7) = 16806
N([5, 5, 4, 4, 3], 7) = 16806
N([5, 5, 4, 4, 4], 7) = 16806
N([5, 5, 4, 4, 5], 7) = 16806
N([5, 5, 4, 4, 6], 7) = 16806
N([5, 5, 4, 4, 7], 7) = 16806
N([5, 5, 4, 5, 1], 7) = 16806
N([5, 5, 4, 5, 2], 7) = 16806
N([5, 5, 4, 5, 3], 7) = 16806
N([5, 5, 4, 5, 4], 7) = 16806
N([5, 5, 4, 5, 5], 7) = 16806
N([5, 5, 4, 5, 6], 7) = 16806
N([5, 5, 4, 5, 7], 7) = 16806
N([5, 5, 4, 6, 1], 7) = 16806
N([5, 5, 4, 6, 2], 7) = 16806
N([5, 5, 4, 6, 3], 7) = 16806
N([5, 5, 4, 6, 4], 7) = 16806
N([5, 5, 4, 6, 5], 7) = 16806
N([5, 5, 4, 6, 6], 7) = 16806
N([5, 5, 4, 6, 7], 7) = 16806
N([5, 5, 4, 7, 1], 7) = 16806
N([5, 5, 4, 7, 2], 7) = 16806
N([5, 5, 4, 7, 3], 7) = 16806
N([5, 5, 4, 7, 4], 7) = 16806
N([5, 5, 4, 7, 5], 7) = 16806
N([5, 5, 4, 7, 6], 7) = 16806
N([5, 5, 4, 7, 7], 7) = 16806
N([5, 5, 5, 1, 1], 7) = 16806
N([5, 5, 5, 1, 2], 7) = 16806
N([5, 5, 5, 1, 3], 7) = 16806
N([5, 5, 5, 1, 4], 7) = 16806
N([5, 5, 5, 1, 5], 7) = 16806
N([5, 5, 5, 1, 6], 7) = 16806
N([5, 5, 5, 1, 7], 7) = 16806
N([5, 5, 5, 2, 1], 7) = 16806
N([5, 5, 5, 2, 2], 7) = 16806
N([5, 5, 5, 2, 3], 7) = 16806
N([5, 5, 5, 2, 4], 7) = 16806
N([5, 5, 5, 2, 5], 7) = 16806
N([5, 5, 5, 2, 6], 7) = 16806
N([5, 5, 5, 2, 7], 7) = 16806
N([5, 5, 5, 3, 1], 7) = 16806
N([5, 5, 5, 3, 2], 7) = 16806
N([5, 5, 5, 3, 3], 7) = 16806
N([5, 5, 5, 3, 4], 7) = 16806
N([5, 5, 5, 3, 5], 7) = 16806
N([5, 5, 5, 3, 6], 7) = 16806
N([5, 5, 5, 3, 7], 7) = 16806
N([5, 5, 5, 4, 1], 7) = 16806
N([5, 5, 5, 4, 2], 7) = 16806
N([5, 5, 5, 4, 3], 7) = 16806
N([5, 5, 5, 4, 4], 7) = 16806
N([5, 5, 5, 4, 5], 7) = 16806
N([5, 5, 5, 4, 6], 7) = 16806
N([5, 5, 5, 4, 7], 7) = 16806
N([5, 5, 5, 5, 1], 7) = 16806
N([5, 5, 5, 5, 2], 7) = 16806
N([5, 5, 5, 5, 3], 7) = 16806
N([5, 5, 5, 5, 4], 7) = 16806
N([5, 5, 5, 5, 5], 7) = 16806
N([5, 5, 5, 5, 6], 7) = 16806
N([5, 5, 5, 5, 7], 7) = 16806
N([5, 5, 5, 6, 1], 7) = 16806
N([5, 5, 5, 6, 2], 7) = 16806
N([5, 5, 5, 6, 3], 7) = 16806
N([5, 5, 5, 6, 4], 7) = 16806
N([5, 5, 5, 6, 5], 7) = 16806
N([5, 5, 5, 6, 6], 7) = 16806
N([5, 5, 5, 6, 7], 7) = 16806
N([5, 5, 5, 7, 1], 7) = 16806
N([5, 5, 5, 7, 2], 7) = 16806
N([5, 5, 5, 7, 3], 7) = 16806
N([5, 5, 5, 7, 4], 7) = 16806
N([5, 5, 5, 7, 5], 7) = 16806
N([5, 5, 5, 7, 6], 7) = 16806
N([5, 5, 5, 7, 7], 7) = 16806
N([5, 5, 6, 1, 1], 7) = 16806
N([5, 5, 6, 1, 2], 7) = 16806
N([5, 5, 6, 1, 3], 7) = 16806
N([5, 5, 6, 1, 4], 7) = 16806
N([5, 5, 6, 1, 5], 7) = 16806
N([5, 5, 6, 1, 6], 7) = 16806
N([5, 5, 6, 1, 7], 7) = 16806
N([5, 5, 6, 2, 1], 7) = 16806
N([5, 5, 6, 2, 2], 7) = 16806
N([5, 5, 6, 2, 3], 7) = 16806
N([5, 5, 6, 2, 4], 7) = 16806
N([5, 5, 6, 2, 5], 7) = 16806
N([5, 5, 6, 2, 6], 7) = 16806
N([5, 5, 6, 2, 7], 7) = 16806
N([5, 5, 6, 3, 1], 7) = 16806
N([5, 5, 6, 3, 2], 7) = 16806
N([5, 5, 6, 3, 3], 7) = 16806
N([5, 5, 6, 3, 4], 7) = 16806
N([5, 5, 6, 3, 5], 7) = 16806
N([5, 5, 6, 3, 6], 7) = 16806
N([5, 5, 6, 3, 7], 7) = 16806
N([5, 5, 6, 4, 1], 7) = 16806
N([5, 5, 6, 4, 2], 7) = 16806
N([5, 5, 6, 4, 3], 7) = 16806
N([5, 5, 6, 4, 4], 7) = 16806
N([5, 5, 6, 4, 5], 7) = 16806
N([5, 5, 6, 4, 6], 7) = 16806
N([5, 5, 6, 4, 7], 7) = 16806
N([5, 5, 6, 5, 1], 7) = 16806
N([5, 5, 6, 5, 2], 7) = 16806
N([5, 5, 6, 5, 3], 7) = 16806
N([5, 5, 6, 5, 4], 7) = 16806
N([5, 5, 6, 5, 5], 7) = 16806
N([5, 5, 6, 5, 6], 7) = 16806
N([5, 5, 6, 5, 7], 7) = 16806
N([5, 5, 6, 6, 1], 7) = 16806
N([5, 5, 6, 6, 2], 7) = 16806
N([5, 5, 6, 6, 3], 7) = 16806
N([5, 5, 6, 6, 4], 7) = 16806
N([5, 5, 6, 6, 5], 7) = 16806
N([5, 5, 6, 6, 6], 7) = 16806
N([5, 5, 6, 6, 7], 7) = 16806
N([5, 5, 6, 7, 1], 7) = 16806
N([5, 5, 6, 7, 2], 7) = 16806
N([5, 5, 6, 7, 3], 7) = 16806
N([5, 5, 6, 7, 4], 7) = 16806
N([5, 5, 6, 7, 5], 7) = 16806
N([5, 5, 6, 7, 6], 7) = 16806
N([5, 5, 6, 7, 7], 7) = 16806
N([5, 5, 7, 1, 1], 7) = 16806
N([5, 5, 7, 1, 2], 7) = 16806
N([5, 5, 7, 1, 3], 7) = 16806
N([5, 5, 7, 1, 4], 7) = 16806
N([5, 5, 7, 1, 5], 7) = 16806
N([5, 5, 7, 1, 6], 7) = 16806
N([5, 5, 7, 1, 7], 7) = 16806
N([5, 5, 7, 2, 1], 7) = 16806
N([5, 5, 7, 2, 2], 7) = 16806
N([5, 5, 7, 2, 3], 7) = 16806
N([5, 5, 7, 2, 4], 7) = 16806
N([5, 5, 7, 2, 5], 7) = 16806
N([5, 5, 7, 2, 6], 7) = 16806
N([5, 5, 7, 2, 7], 7) = 16806
N([5, 5, 7, 3, 1], 7) = 16806
N([5, 5, 7, 3, 2], 7) = 16806
N([5, 5, 7, 3, 3], 7) = 16806
N([5, 5, 7, 3, 4], 7) = 16806
N([5, 5, 7, 3, 5], 7) = 16806
N([5, 5, 7, 3, 6], 7) = 16806
N([5, 5, 7, 3, 7], 7) = 16806
N([5, 5, 7, 4, 1], 7) = 16806
N([5, 5, 7, 4, 2], 7) = 16806
N([5, 5, 7, 4, 3], 7) = 16806
N([5, 5, 7, 4, 4], 7) = 16806
N([5, 5, 7, 4, 5], 7) = 16806
N([5, 5, 7, 4, 6], 7) = 16806
N([5, 5, 7, 4, 7], 7) = 16806
N([5, 5, 7, 5, 1], 7) = 16806
N([5, 5, 7, 5, 2], 7) = 16806
N([5, 5, 7, 5, 3], 7) = 16806
N([5, 5, 7, 5, 4], 7) = 16806
N([5, 5, 7, 5, 5], 7) = 16806
N([5, 5, 7, 5, 6], 7) = 16806
N([5, 5, 7, 5, 7], 7) = 16806
N([5, 5, 7, 6, 1], 7) = 16806
N([5, 5, 7, 6, 2], 7) = 16806
N([5, 5, 7, 6, 3], 7) = 16806
N([5, 5, 7, 6, 4], 7) = 16806
N([5, 5, 7, 6, 5], 7) = 16806
N([5, 5, 7, 6, 6], 7) = 16806
N([5, 5, 7, 6, 7], 7) = 16806
N([5, 5, 7, 7, 1], 7) = 16806
N([5, 5, 7, 7, 2], 7) = 16806
N([5, 5, 7, 7, 3], 7) = 16806
N([5, 5, 7, 7, 4], 7) = 16806
N([5, 5, 7, 7, 5], 7) = 16806
N([5, 5, 7, 7, 6], 7) = 16806
N([5, 5, 7, 7, 7], 7) = 16806
N([5, 6, 1, 1, 1], 7) = 16806
N([5, 6, 1, 1, 2], 7) = 16806
N([5, 6, 1, 1, 3], 7) = 16806
N([5, 6, 1, 1, 4], 7) = 16806
N([5, 6, 1, 1, 5], 7) = 16806
N([5, 6, 1, 1, 6], 7) = 16806
N([5, 6, 1, 1, 7], 7) = 16806
N([5, 6, 1, 2, 1], 7) = 16806
N([5, 6, 1, 2, 2], 7) = 16806
N([5, 6, 1, 2, 3], 7) = 16806
N([5, 6, 1, 2, 4], 7) = 16806
N([5, 6, 1, 2, 5], 7) = 16806
N([5, 6, 1, 2, 6], 7) = 16806
N([5, 6, 1, 2, 7], 7) = 16806
N([5, 6, 1, 3, 1], 7) = 16806
N([5, 6, 1, 3, 2], 7) = 16806
N([5, 6, 1, 3, 3], 7) = 16806
N([5, 6, 1, 3, 4], 7) = 16806
N([5, 6, 1, 3, 5], 7) = 16806
N([5, 6, 1, 3, 6], 7) = 16806
N([5, 6, 1, 3, 7], 7) = 16806
N([5, 6, 1, 4, 1], 7) = 16806
N([5, 6, 1, 4, 2], 7) = 16806
N([5, 6, 1, 4, 3], 7) = 16806
N([5, 6, 1, 4, 4], 7) = 16806
N([5, 6, 1, 4, 5], 7) = 16806
N([5, 6, 1, 4, 6], 7) = 16806
N([5, 6, 1, 4, 7], 7) = 16806
N([5, 6, 1, 5, 1], 7) = 16806
N([5, 6, 1, 5, 2], 7) = 16806
N([5, 6, 1, 5, 3], 7) = 16806
N([5, 6, 1, 5, 4], 7) = 16806
N([5, 6, 1, 5, 5], 7) = 16806
N([5, 6, 1, 5, 6], 7) = 16806
N([5, 6, 1, 5, 7], 7) = 16806
N([5, 6, 1, 6, 1], 7) = 16806
N([5, 6, 1, 6, 2], 7) = 16806
N([5, 6, 1, 6, 3], 7) = 16806
N([5, 6, 1, 6, 4], 7) = 16806
N([5, 6, 1, 6, 5], 7) = 16806
N([5, 6, 1, 6, 6], 7) = 16806
N([5, 6, 1, 6, 7], 7) = 16806
N([5, 6, 1, 7, 1], 7) = 16806
N([5, 6, 1, 7, 2], 7) = 16806
N([5, 6, 1, 7, 3], 7) = 16806
N([5, 6, 1, 7, 4], 7) = 16806
N([5, 6, 1, 7, 5], 7) = 16806
N([5, 6, 1, 7, 6], 7) = 16806
N([5, 6, 1, 7, 7], 7) = 16806
N([5, 6, 2, 1, 1], 7) = 16806
N([5, 6, 2, 1, 2], 7) = 16806
N([5, 6, 2, 1, 3], 7) = 16806
N([5, 6, 2, 1, 4], 7) = 16806
N([5, 6, 2, 1, 5], 7) = 16806
N([5, 6, 2, 1, 6], 7) = 16806
N([5, 6, 2, 1, 7], 7) = 16806
N([5, 6, 2, 2, 1], 7) = 16806
N([5, 6, 2, 2, 2], 7) = 16806
N([5, 6, 2, 2, 3], 7) = 16806
N([5, 6, 2, 2, 4], 7) = 16806
N([5, 6, 2, 2, 5], 7) = 16806
N([5, 6, 2, 2, 6], 7) = 16806
N([5, 6, 2, 2, 7], 7) = 16806
N([5, 6, 2, 3, 1], 7) = 16806
N([5, 6, 2, 3, 2], 7) = 16806
N([5, 6, 2, 3, 3], 7) = 16806
N([5, 6, 2, 3, 4], 7) = 16806
N([5, 6, 2, 3, 5], 7) = 16806
N([5, 6, 2, 3, 6], 7) = 16806
N([5, 6, 2, 3, 7], 7) = 16806
N([5, 6, 2, 4, 1], 7) = 16806
N([5, 6, 2, 4, 2], 7) = 16806
N([5, 6, 2, 4, 3], 7) = 16806
N([5, 6, 2, 4, 4], 7) = 16806
N([5, 6, 2, 4, 5], 7) = 16806
N([5, 6, 2, 4, 6], 7) = 16806
N([5, 6, 2, 4, 7], 7) = 16806
N([5, 6, 2, 5, 1], 7) = 16806
N([5, 6, 2, 5, 2], 7) = 16806
N([5, 6, 2, 5, 3], 7) = 16806
N([5, 6, 2, 5, 4], 7) = 16806
N([5, 6, 2, 5, 5], 7) = 16806
N([5, 6, 2, 5, 6], 7) = 16806
N([5, 6, 2, 5, 7], 7) = 16806
N([5, 6, 2, 6, 1], 7) = 16806
N([5, 6, 2, 6, 2], 7) = 16806
N([5, 6, 2, 6, 3], 7) = 16806
N([5, 6, 2, 6, 4], 7) = 16806
N([5, 6, 2, 6, 5], 7) = 16806
N([5, 6, 2, 6, 6], 7) = 16806
N([5, 6, 2, 6, 7], 7) = 16806
N([5, 6, 2, 7, 1], 7) = 16806
N([5, 6, 2, 7, 2], 7) = 16806
N([5, 6, 2, 7, 3], 7) = 16806
N([5, 6, 2, 7, 4], 7) = 16806
N([5, 6, 2, 7, 5], 7) = 16806
N([5, 6, 2, 7, 6], 7) = 16806
N([5, 6, 2, 7, 7], 7) = 16806
N([5, 6, 3, 1, 1], 7) = 16806
N([5, 6, 3, 1, 2], 7) = 16806
N([5, 6, 3, 1, 3], 7) = 16806
N([5, 6, 3, 1, 4], 7) = 16806
N([5, 6, 3, 1, 5], 7) = 16806
N([5, 6, 3, 1, 6], 7) = 16806
N([5, 6, 3, 1, 7], 7) = 16806
N([5, 6, 3, 2, 1], 7) = 16806
N([5, 6, 3, 2, 2], 7) = 16806
N([5, 6, 3, 2, 3], 7) = 16806
N([5, 6, 3, 2, 4], 7) = 16806
N([5, 6, 3, 2, 5], 7) = 16806
N([5, 6, 3, 2, 6], 7) = 16806
N([5, 6, 3, 2, 7], 7) = 16806
N([5, 6, 3, 3, 1], 7) = 16806
N([5, 6, 3, 3, 2], 7) = 16806
N([5, 6, 3, 3, 3], 7) = 16806
N([5, 6, 3, 3, 4], 7) = 16806
N([5, 6, 3, 3, 5], 7) = 16806
N([5, 6, 3, 3, 6], 7) = 16806
N([5, 6, 3, 3, 7], 7) = 16806
N([5, 6, 3, 4, 1], 7) = 16806
N([5, 6, 3, 4, 2], 7) = 16806
N([5, 6, 3, 4, 3], 7) = 16806
N([5, 6, 3, 4, 4], 7) = 16806
N([5, 6, 3, 4, 5], 7) = 16806
N([5, 6, 3, 4, 6], 7) = 16806
N([5, 6, 3, 4, 7], 7) = 16806
N([5, 6, 3, 5, 1], 7) = 16806
N([5, 6, 3, 5, 2], 7) = 16806
N([5, 6, 3, 5, 3], 7) = 16806
N([5, 6, 3, 5, 4], 7) = 16806
N([5, 6, 3, 5, 5], 7) = 16806
N([5, 6, 3, 5, 6], 7) = 16806
N([5, 6, 3, 5, 7], 7) = 16806
N([5, 6, 3, 6, 1], 7) = 16806
N([5, 6, 3, 6, 2], 7) = 16806
N([5, 6, 3, 6, 3], 7) = 16806
N([5, 6, 3, 6, 4], 7) = 16806
N([5, 6, 3, 6, 5], 7) = 16806
N([5, 6, 3, 6, 6], 7) = 16806
N([5, 6, 3, 6, 7], 7) = 16806
N([5, 6, 3, 7, 1], 7) = 16806
N([5, 6, 3, 7, 2], 7) = 16806
N([5, 6, 3, 7, 3], 7) = 16806
N([5, 6, 3, 7, 4], 7) = 16806
N([5, 6, 3, 7, 5], 7) = 16806
N([5, 6, 3, 7, 6], 7) = 16806
N([5, 6, 3, 7, 7], 7) = 16806
N([5, 6, 4, 1, 1], 7) = 16806
N([5, 6, 4, 1, 2], 7) = 16806
N([5, 6, 4, 1, 3], 7) = 16806
N([5, 6, 4, 1, 4], 7) = 16806
N([5, 6, 4, 1, 5], 7) = 16806
N([5, 6, 4, 1, 6], 7) = 16806
N([5, 6, 4, 1, 7], 7) = 16806
N([5, 6, 4, 2, 1], 7) = 16806
N([5, 6, 4, 2, 2], 7) = 16806
N([5, 6, 4, 2, 3], 7) = 16806
N([5, 6, 4, 2, 4], 7) = 16806
N([5, 6, 4, 2, 5], 7) = 16806
N([5, 6, 4, 2, 6], 7) = 16806
N([5, 6, 4, 2, 7], 7) = 16806
N([5, 6, 4, 3, 1], 7) = 16806
N([5, 6, 4, 3, 2], 7) = 16806
N([5, 6, 4, 3, 3], 7) = 16806
N([5, 6, 4, 3, 4], 7) = 16806
N([5, 6, 4, 3, 5], 7) = 16806
N([5, 6, 4, 3, 6], 7) = 16806
N([5, 6, 4, 3, 7], 7) = 16806
N([5, 6, 4, 4, 1], 7) = 16806
N([5, 6, 4, 4, 2], 7) = 16806
N([5, 6, 4, 4, 3], 7) = 16806
N([5, 6, 4, 4, 4], 7) = 16806
N([5, 6, 4, 4, 5], 7) = 16806
N([5, 6, 4, 4, 6], 7) = 16806
N([5, 6, 4, 4, 7], 7) = 16806
N([5, 6, 4, 5, 1], 7) = 16806
N([5, 6, 4, 5, 2], 7) = 16806
N([5, 6, 4, 5, 3], 7) = 16806
N([5, 6, 4, 5, 4], 7) = 16806
N([5, 6, 4, 5, 5], 7) = 16806
N([5, 6, 4, 5, 6], 7) = 16806
N([5, 6, 4, 5, 7], 7) = 16806
N([5, 6, 4, 6, 1], 7) = 16806
N([5, 6, 4, 6, 2], 7) = 16806
N([5, 6, 4, 6, 3], 7) = 16806
N([5, 6, 4, 6, 4], 7) = 16806
N([5, 6, 4, 6, 5], 7) = 16806
N([5, 6, 4, 6, 6], 7) = 16806
N([5, 6, 4, 6, 7], 7) = 16806
N([5, 6, 4, 7, 1], 7) = 16806
N([5, 6, 4, 7, 2], 7) = 16806
N([5, 6, 4, 7, 3], 7) = 16806
N([5, 6, 4, 7, 4], 7) = 16806
N([5, 6, 4, 7, 5], 7) = 16806
N([5, 6, 4, 7, 6], 7) = 16806
N([5, 6, 4, 7, 7], 7) = 16806
N([5, 6, 5, 1, 1], 7) = 16806
N([5, 6, 5, 1, 2], 7) = 16806
N([5, 6, 5, 1, 3], 7) = 16806
N([5, 6, 5, 1, 4], 7) = 16806
N([5, 6, 5, 1, 5], 7) = 16806
N([5, 6, 5, 1, 6], 7) = 16806
N([5, 6, 5, 1, 7], 7) = 16806
N([5, 6, 5, 2, 1], 7) = 16806
N([5, 6, 5, 2, 2], 7) = 16806
N([5, 6, 5, 2, 3], 7) = 16806
N([5, 6, 5, 2, 4], 7) = 16806
N([5, 6, 5, 2, 5], 7) = 16806
N([5, 6, 5, 2, 6], 7) = 16806
N([5, 6, 5, 2, 7], 7) = 16806
N([5, 6, 5, 3, 1], 7) = 16806
N([5, 6, 5, 3, 2], 7) = 16806
N([5, 6, 5, 3, 3], 7) = 16806
N([5, 6, 5, 3, 4], 7) = 16806
N([5, 6, 5, 3, 5], 7) = 16806
N([5, 6, 5, 3, 6], 7) = 16806
N([5, 6, 5, 3, 7], 7) = 16806
N([5, 6, 5, 4, 1], 7) = 16806
N([5, 6, 5, 4, 2], 7) = 16806
N([5, 6, 5, 4, 3], 7) = 16806
N([5, 6, 5, 4, 4], 7) = 16806
N([5, 6, 5, 4, 5], 7) = 16806
N([5, 6, 5, 4, 6], 7) = 16806
N([5, 6, 5, 4, 7], 7) = 16806
N([5, 6, 5, 5, 1], 7) = 16806
N([5, 6, 5, 5, 2], 7) = 16806
N([5, 6, 5, 5, 3], 7) = 16806
N([5, 6, 5, 5, 4], 7) = 16806
N([5, 6, 5, 5, 5], 7) = 16806
N([5, 6, 5, 5, 6], 7) = 16806
N([5, 6, 5, 5, 7], 7) = 16806
N([5, 6, 5, 6, 1], 7) = 16806
N([5, 6, 5, 6, 2], 7) = 16806
N([5, 6, 5, 6, 3], 7) = 16806
N([5, 6, 5, 6, 4], 7) = 16806
N([5, 6, 5, 6, 5], 7) = 16806
N([5, 6, 5, 6, 6], 7) = 16806
N([5, 6, 5, 6, 7], 7) = 16806
N([5, 6, 5, 7, 1], 7) = 16806
N([5, 6, 5, 7, 2], 7) = 16806
N([5, 6, 5, 7, 3], 7) = 16806
N([5, 6, 5, 7, 4], 7) = 16806
N([5, 6, 5, 7, 5], 7) = 16806
N([5, 6, 5, 7, 6], 7) = 16806
N([5, 6, 5, 7, 7], 7) = 16806
N([5, 6, 6, 1, 1], 7) = 16806
N([5, 6, 6, 1, 2], 7) = 16806
N([5, 6, 6, 1, 3], 7) = 16806
N([5, 6, 6, 1, 4], 7) = 16806
N([5, 6, 6, 1, 5], 7) = 16806
N([5, 6, 6, 1, 6], 7) = 16806
N([5, 6, 6, 1, 7], 7) = 16806
N([5, 6, 6, 2, 1], 7) = 16806
N([5, 6, 6, 2, 2], 7) = 16806
N([5, 6, 6, 2, 3], 7) = 16806
N([5, 6, 6, 2, 4], 7) = 16806
N([5, 6, 6, 2, 5], 7) = 16806
N([5, 6, 6, 2, 6], 7) = 16806
N([5, 6, 6, 2, 7], 7) = 16806
N([5, 6, 6, 3, 1], 7) = 16806
N([5, 6, 6, 3, 2], 7) = 16806
N([5, 6, 6, 3, 3], 7) = 16806
N([5, 6, 6, 3, 4], 7) = 16806
N([5, 6, 6, 3, 5], 7) = 16806
N([5, 6, 6, 3, 6], 7) = 16806
N([5, 6, 6, 3, 7], 7) = 16806
N([5, 6, 6, 4, 1], 7) = 16806
N([5, 6, 6, 4, 2], 7) = 16806
N([5, 6, 6, 4, 3], 7) = 16806
N([5, 6, 6, 4, 4], 7) = 16806
N([5, 6, 6, 4, 5], 7) = 16806
N([5, 6, 6, 4, 6], 7) = 16806
N([5, 6, 6, 4, 7], 7) = 16806
N([5, 6, 6, 5, 1], 7) = 16806
N([5, 6, 6, 5, 2], 7) = 16806
N([5, 6, 6, 5, 3], 7) = 16806
N([5, 6, 6, 5, 4], 7) = 16806
N([5, 6, 6, 5, 5], 7) = 16806
N([5, 6, 6, 5, 6], 7) = 16806
N([5, 6, 6, 5, 7], 7) = 16806
N([5, 6, 6, 6, 1], 7) = 16806
N([5, 6, 6, 6, 2], 7) = 16806
N([5, 6, 6, 6, 3], 7) = 16806
N([5, 6, 6, 6, 4], 7) = 16806
N([5, 6, 6, 6, 5], 7) = 16806
N([5, 6, 6, 6, 6], 7) = 16806
N([5, 6, 6, 6, 7], 7) = 16806
N([5, 6, 6, 7, 1], 7) = 16806
N([5, 6, 6, 7, 2], 7) = 16806
N([5, 6, 6, 7, 3], 7) = 16806
N([5, 6, 6, 7, 4], 7) = 16806
N([5, 6, 6, 7, 5], 7) = 16806
N([5, 6, 6, 7, 6], 7) = 16806
N([5, 6, 6, 7, 7], 7) = 16806
N([5, 6, 7, 1, 1], 7) = 16806
N([5, 6, 7, 1, 2], 7) = 16806
N([5, 6, 7, 1, 3], 7) = 16806
N([5, 6, 7, 1, 4], 7) = 16806
N([5, 6, 7, 1, 5], 7) = 16806
N([5, 6, 7, 1, 6], 7) = 16806
N([5, 6, 7, 1, 7], 7) = 16806
N([5, 6, 7, 2, 1], 7) = 16806
N([5, 6, 7, 2, 2], 7) = 16806
N([5, 6, 7, 2, 3], 7) = 16806
N([5, 6, 7, 2, 4], 7) = 16806
N([5, 6, 7, 2, 5], 7) = 16806
N([5, 6, 7, 2, 6], 7) = 16806
N([5, 6, 7, 2, 7], 7) = 16806
N([5, 6, 7, 3, 1], 7) = 16806
N([5, 6, 7, 3, 2], 7) = 16806
N([5, 6, 7, 3, 3], 7) = 16806
N([5, 6, 7, 3, 4], 7) = 16806
N([5, 6, 7, 3, 5], 7) = 16806
N([5, 6, 7, 3, 6], 7) = 16806
N([5, 6, 7, 3, 7], 7) = 16806
N([5, 6, 7, 4, 1], 7) = 16806
N([5, 6, 7, 4, 2], 7) = 16806
N([5, 6, 7, 4, 3], 7) = 16806
N([5, 6, 7, 4, 4], 7) = 16806
N([5, 6, 7, 4, 5], 7) = 16806
N([5, 6, 7, 4, 6], 7) = 16806
N([5, 6, 7, 4, 7], 7) = 16806
N([5, 6, 7, 5, 1], 7) = 16806
N([5, 6, 7, 5, 2], 7) = 16806
N([5, 6, 7, 5, 3], 7) = 16806
N([5, 6, 7, 5, 4], 7) = 16806
N([5, 6, 7, 5, 5], 7) = 16806
N([5, 6, 7, 5, 6], 7) = 16806
N([5, 6, 7, 5, 7], 7) = 16806
N([5, 6, 7, 6, 1], 7) = 16806
N([5, 6, 7, 6, 2], 7) = 16806
N([5, 6, 7, 6, 3], 7) = 16806
N([5, 6, 7, 6, 4], 7) = 16806
N([5, 6, 7, 6, 5], 7) = 16806
N([5, 6, 7, 6, 6], 7) = 16806
N([5, 6, 7, 6, 7], 7) = 16806
N([5, 6, 7, 7, 1], 7) = 16806
N([5, 6, 7, 7, 2], 7) = 16806
N([5, 6, 7, 7, 3], 7) = 16806
N([5, 6, 7, 7, 4], 7) = 16806
N([5, 6, 7, 7, 5], 7) = 16806
N([5, 6, 7, 7, 6], 7) = 16806
N([5, 6, 7, 7, 7], 7) = 16806
N([5, 7, 1, 1, 1], 7) = 16806
N([5, 7, 1, 1, 2], 7) = 16806
N([5, 7, 1, 1, 3], 7) = 16806
N([5, 7, 1, 1, 4], 7) = 16806
N([5, 7, 1, 1, 5], 7) = 16806
N([5, 7, 1, 1, 6], 7) = 16806
N([5, 7, 1, 1, 7], 7) = 16806
N([5, 7, 1, 2, 1], 7) = 16806
N([5, 7, 1, 2, 2], 7) = 16806
N([5, 7, 1, 2, 3], 7) = 16806
N([5, 7, 1, 2, 4], 7) = 16806
N([5, 7, 1, 2, 5], 7) = 16806
N([5, 7, 1, 2, 6], 7) = 16806
N([5, 7, 1, 2, 7], 7) = 16806
N([5, 7, 1, 3, 1], 7) = 16806
N([5, 7, 1, 3, 2], 7) = 16806
N([5, 7, 1, 3, 3], 7) = 16806
N([5, 7, 1, 3, 4], 7) = 16806
N([5, 7, 1, 3, 5], 7) = 16806
N([5, 7, 1, 3, 6], 7) = 16806
N([5, 7, 1, 3, 7], 7) = 16806
N([5, 7, 1, 4, 1], 7) = 16806
N([5, 7, 1, 4, 2], 7) = 16806
N([5, 7, 1, 4, 3], 7) = 16806
N([5, 7, 1, 4, 4], 7) = 16806
N([5, 7, 1, 4, 5], 7) = 16806
N([5, 7, 1, 4, 6], 7) = 16806
N([5, 7, 1, 4, 7], 7) = 16806
N([5, 7, 1, 5, 1], 7) = 16806
N([5, 7, 1, 5, 2], 7) = 16806
N([5, 7, 1, 5, 3], 7) = 16806
N([5, 7, 1, 5, 4], 7) = 16806
N([5, 7, 1, 5, 5], 7) = 16806
N([5, 7, 1, 5, 6], 7) = 16806
N([5, 7, 1, 5, 7], 7) = 16806
N([5, 7, 1, 6, 1], 7) = 16806
N([5, 7, 1, 6, 2], 7) = 16806
N([5, 7, 1, 6, 3], 7) = 16806
N([5, 7, 1, 6, 4], 7) = 16806
N([5, 7, 1, 6, 5], 7) = 16806
N([5, 7, 1, 6, 6], 7) = 16806
N([5, 7, 1, 6, 7], 7) = 16806
N([5, 7, 1, 7, 1], 7) = 16806
N([5, 7, 1, 7, 2], 7) = 16806
N([5, 7, 1, 7, 3], 7) = 16806
N([5, 7, 1, 7, 4], 7) = 16806
N([5, 7, 1, 7, 5], 7) = 16806
N([5, 7, 1, 7, 6], 7) = 16806
N([5, 7, 1, 7, 7], 7) = 16806
N([5, 7, 2, 1, 1], 7) = 16806
N([5, 7, 2, 1, 2], 7) = 16806
N([5, 7, 2, 1, 3], 7) = 16806
N([5, 7, 2, 1, 4], 7) = 16806
N([5, 7, 2, 1, 5], 7) = 16806
N([5, 7, 2, 1, 6], 7) = 16806
N([5, 7, 2, 1, 7], 7) = 16806
N([5, 7, 2, 2, 1], 7) = 16806
N([5, 7, 2, 2, 2], 7) = 16806
N([5, 7, 2, 2, 3], 7) = 16806
N([5, 7, 2, 2, 4], 7) = 16806
N([5, 7, 2, 2, 5], 7) = 16806
N([5, 7, 2, 2, 6], 7) = 16806
N([5, 7, 2, 2, 7], 7) = 16806
N([5, 7, 2, 3, 1], 7) = 16806
N([5, 7, 2, 3, 2], 7) = 16806
N([5, 7, 2, 3, 3], 7) = 16806
N([5, 7, 2, 3, 4], 7) = 16806
N([5, 7, 2, 3, 5], 7) = 16806
N([5, 7, 2, 3, 6], 7) = 16806
N([5, 7, 2, 3, 7], 7) = 16806
N([5, 7, 2, 4, 1], 7) = 16806
N([5, 7, 2, 4, 2], 7) = 16806
N([5, 7, 2, 4, 3], 7) = 16806
N([5, 7, 2, 4, 4], 7) = 16806
N([5, 7, 2, 4, 5], 7) = 16806
N([5, 7, 2, 4, 6], 7) = 16806
N([5, 7, 2, 4, 7], 7) = 16806
N([5, 7, 2, 5, 1], 7) = 16806
N([5, 7, 2, 5, 2], 7) = 16806
N([5, 7, 2, 5, 3], 7) = 16806
N([5, 7, 2, 5, 4], 7) = 16806
N([5, 7, 2, 5, 5], 7) = 16806
N([5, 7, 2, 5, 6], 7) = 16806
N([5, 7, 2, 5, 7], 7) = 16806
N([5, 7, 2, 6, 1], 7) = 16806
N([5, 7, 2, 6, 2], 7) = 16806
N([5, 7, 2, 6, 3], 7) = 16806
N([5, 7, 2, 6, 4], 7) = 16806
N([5, 7, 2, 6, 5], 7) = 16806
N([5, 7, 2, 6, 6], 7) = 16806
N([5, 7, 2, 6, 7], 7) = 16806
N([5, 7, 2, 7, 1], 7) = 16806
N([5, 7, 2, 7, 2], 7) = 16806
N([5, 7, 2, 7, 3], 7) = 16806
N([5, 7, 2, 7, 4], 7) = 16806
N([5, 7, 2, 7, 5], 7) = 16806
N([5, 7, 2, 7, 6], 7) = 16806
N([5, 7, 2, 7, 7], 7) = 16806
N([5, 7, 3, 1, 1], 7) = 16806
N([5, 7, 3, 1, 2], 7) = 16806
N([5, 7, 3, 1, 3], 7) = 16806
N([5, 7, 3, 1, 4], 7) = 16806
N([5, 7, 3, 1, 5], 7) = 16806
N([5, 7, 3, 1, 6], 7) = 16806
N([5, 7, 3, 1, 7], 7) = 16806
N([5, 7, 3, 2, 1], 7) = 16806
N([5, 7, 3, 2, 2], 7) = 16806
N([5, 7, 3, 2, 3], 7) = 16806
N([5, 7, 3, 2, 4], 7) = 16806
N([5, 7, 3, 2, 5], 7) = 16806
N([5, 7, 3, 2, 6], 7) = 16806
N([5, 7, 3, 2, 7], 7) = 16806
N([5, 7, 3, 3, 1], 7) = 16806
N([5, 7, 3, 3, 2], 7) = 16806
N([5, 7, 3, 3, 3], 7) = 16806
N([5, 7, 3, 3, 4], 7) = 16806
N([5, 7, 3, 3, 5], 7) = 16806
N([5, 7, 3, 3, 6], 7) = 16806
N([5, 7, 3, 3, 7], 7) = 16806
N([5, 7, 3, 4, 1], 7) = 16806
N([5, 7, 3, 4, 2], 7) = 16806
N([5, 7, 3, 4, 3], 7) = 16806
N([5, 7, 3, 4, 4], 7) = 16806
N([5, 7, 3, 4, 5], 7) = 16806
N([5, 7, 3, 4, 6], 7) = 16806
N([5, 7, 3, 4, 7], 7) = 16806
N([5, 7, 3, 5, 1], 7) = 16806
N([5, 7, 3, 5, 2], 7) = 16806
N([5, 7, 3, 5, 3], 7) = 16806
N([5, 7, 3, 5, 4], 7) = 16806
N([5, 7, 3, 5, 5], 7) = 16806
N([5, 7, 3, 5, 6], 7) = 16806
N([5, 7, 3, 5, 7], 7) = 16806
N([5, 7, 3, 6, 1], 7) = 16806
N([5, 7, 3, 6, 2], 7) = 16806
N([5, 7, 3, 6, 3], 7) = 16806
N([5, 7, 3, 6, 4], 7) = 16806
N([5, 7, 3, 6, 5], 7) = 16806
N([5, 7, 3, 6, 6], 7) = 16806
N([5, 7, 3, 6, 7], 7) = 16806
N([5, 7, 3, 7, 1], 7) = 16806
N([5, 7, 3, 7, 2], 7) = 16806
N([5, 7, 3, 7, 3], 7) = 16806
N([5, 7, 3, 7, 4], 7) = 16806
N([5, 7, 3, 7, 5], 7) = 16806
N([5, 7, 3, 7, 6], 7) = 16806
N([5, 7, 3, 7, 7], 7) = 16806
N([5, 7, 4, 1, 1], 7) = 16806
N([5, 7, 4, 1, 2], 7) = 16806
N([5, 7, 4, 1, 3], 7) = 16806
N([5, 7, 4, 1, 4], 7) = 16806
N([5, 7, 4, 1, 5], 7) = 16806
N([5, 7, 4, 1, 6], 7) = 16806
N([5, 7, 4, 1, 7], 7) = 16806
N([5, 7, 4, 2, 1], 7) = 16806
N([5, 7, 4, 2, 2], 7) = 16806
N([5, 7, 4, 2, 3], 7) = 16806
N([5, 7, 4, 2, 4], 7) = 16806
N([5, 7, 4, 2, 5], 7) = 16806
N([5, 7, 4, 2, 6], 7) = 16806
N([5, 7, 4, 2, 7], 7) = 16806
N([5, 7, 4, 3, 1], 7) = 16806
N([5, 7, 4, 3, 2], 7) = 16806
N([5, 7, 4, 3, 3], 7) = 16806
N([5, 7, 4, 3, 4], 7) = 16806
N([5, 7, 4, 3, 5], 7) = 16806
N([5, 7, 4, 3, 6], 7) = 16806
N([5, 7, 4, 3, 7], 7) = 16806
N([5, 7, 4, 4, 1], 7) = 16806
N([5, 7, 4, 4, 2], 7) = 16806
N([5, 7, 4, 4, 3], 7) = 16806
N([5, 7, 4, 4, 4], 7) = 16806
N([5, 7, 4, 4, 5], 7) = 16806
N([5, 7, 4, 4, 6], 7) = 16806
N([5, 7, 4, 4, 7], 7) = 16806
N([5, 7, 4, 5, 1], 7) = 16806
N([5, 7, 4, 5, 2], 7) = 16806
N([5, 7, 4, 5, 3], 7) = 16806
N([5, 7, 4, 5, 4], 7) = 16806
N([5, 7, 4, 5, 5], 7) = 16806
N([5, 7, 4, 5, 6], 7) = 16806
N([5, 7, 4, 5, 7], 7) = 16806
N([5, 7, 4, 6, 1], 7) = 16806
N([5, 7, 4, 6, 2], 7) = 16806
N([5, 7, 4, 6, 3], 7) = 16806
N([5, 7, 4, 6, 4], 7) = 16806
N([5, 7, 4, 6, 5], 7) = 16806
N([5, 7, 4, 6, 6], 7) = 16806
N([5, 7, 4, 6, 7], 7) = 16806
N([5, 7, 4, 7, 1], 7) = 16806
N([5, 7, 4, 7, 2], 7) = 16806
N([5, 7, 4, 7, 3], 7) = 16806
N([5, 7, 4, 7, 4], 7) = 16806
N([5, 7, 4, 7, 5], 7) = 16806
N([5, 7, 4, 7, 6], 7) = 16806
N([5, 7, 4, 7, 7], 7) = 16806
N([5, 7, 5, 1, 1], 7) = 16806
N([5, 7, 5, 1, 2], 7) = 16806
N([5, 7, 5, 1, 3], 7) = 16806
N([5, 7, 5, 1, 4], 7) = 16806
N([5, 7, 5, 1, 5], 7) = 16806
N([5, 7, 5, 1, 6], 7) = 16806
N([5, 7, 5, 1, 7], 7) = 16806
N([5, 7, 5, 2, 1], 7) = 16806
N([5, 7, 5, 2, 2], 7) = 16806
N([5, 7, 5, 2, 3], 7) = 16806
N([5, 7, 5, 2, 4], 7) = 16806
N([5, 7, 5, 2, 5], 7) = 16806
N([5, 7, 5, 2, 6], 7) = 16806
N([5, 7, 5, 2, 7], 7) = 16806
N([5, 7, 5, 3, 1], 7) = 16806
N([5, 7, 5, 3, 2], 7) = 16806
N([5, 7, 5, 3, 3], 7) = 16806
N([5, 7, 5, 3, 4], 7) = 16806
N([5, 7, 5, 3, 5], 7) = 16806
N([5, 7, 5, 3, 6], 7) = 16806
N([5, 7, 5, 3, 7], 7) = 16806
N([5, 7, 5, 4, 1], 7) = 16806
N([5, 7, 5, 4, 2], 7) = 16806
N([5, 7, 5, 4, 3], 7) = 16806
N([5, 7, 5, 4, 4], 7) = 16806
N([5, 7, 5, 4, 5], 7) = 16806
N([5, 7, 5, 4, 6], 7) = 16806
N([5, 7, 5, 4, 7], 7) = 16806
N([5, 7, 5, 5, 1], 7) = 16806
N([5, 7, 5, 5, 2], 7) = 16806
N([5, 7, 5, 5, 3], 7) = 16806
N([5, 7, 5, 5, 4], 7) = 16806
N([5, 7, 5, 5, 5], 7) = 16806
N([5, 7, 5, 5, 6], 7) = 16806
N([5, 7, 5, 5, 7], 7) = 16806
N([5, 7, 5, 6, 1], 7) = 16806
N([5, 7, 5, 6, 2], 7) = 16806
N([5, 7, 5, 6, 3], 7) = 16806
N([5, 7, 5, 6, 4], 7) = 16806
N([5, 7, 5, 6, 5], 7) = 16806
N([5, 7, 5, 6, 6], 7) = 16806
N([5, 7, 5, 6, 7], 7) = 16806
N([5, 7, 5, 7, 1], 7) = 16806
N([5, 7, 5, 7, 2], 7) = 16806
N([5, 7, 5, 7, 3], 7) = 16806
N([5, 7, 5, 7, 4], 7) = 16806
N([5, 7, 5, 7, 5], 7) = 16806
N([5, 7, 5, 7, 6], 7) = 16806
N([5, 7, 5, 7, 7], 7) = 16806
N([5, 7, 6, 1, 1], 7) = 16806
N([5, 7, 6, 1, 2], 7) = 16806
N([5, 7, 6, 1, 3], 7) = 16806
N([5, 7, 6, 1, 4], 7) = 16806
N([5, 7, 6, 1, 5], 7) = 16806
N([5, 7, 6, 1, 6], 7) = 16806
N([5, 7, 6, 1, 7], 7) = 16806
N([5, 7, 6, 2, 1], 7) = 16806
N([5, 7, 6, 2, 2], 7) = 16806
N([5, 7, 6, 2, 3], 7) = 16806
N([5, 7, 6, 2, 4], 7) = 16806
N([5, 7, 6, 2, 5], 7) = 16806
N([5, 7, 6, 2, 6], 7) = 16806
N([5, 7, 6, 2, 7], 7) = 16806
N([5, 7, 6, 3, 1], 7) = 16806
N([5, 7, 6, 3, 2], 7) = 16806
N([5, 7, 6, 3, 3], 7) = 16806
N([5, 7, 6, 3, 4], 7) = 16806
N([5, 7, 6, 3, 5], 7) = 16806
N([5, 7, 6, 3, 6], 7) = 16806
N([5, 7, 6, 3, 7], 7) = 16806
N([5, 7, 6, 4, 1], 7) = 16806
N([5, 7, 6, 4, 2], 7) = 16806
N([5, 7, 6, 4, 3], 7) = 16806
N([5, 7, 6, 4, 4], 7) = 16806
N([5, 7, 6, 4, 5], 7) = 16806
N([5, 7, 6, 4, 6], 7) = 16806
N([5, 7, 6, 4, 7], 7) = 16806
N([5, 7, 6, 5, 1], 7) = 16806
N([5, 7, 6, 5, 2], 7) = 16806
N([5, 7, 6, 5, 3], 7) = 16806
N([5, 7, 6, 5, 4], 7) = 16806
N([5, 7, 6, 5, 5], 7) = 16806
N([5, 7, 6, 5, 6], 7) = 16806
N([5, 7, 6, 5, 7], 7) = 16806
N([5, 7, 6, 6, 1], 7) = 16806
N([5, 7, 6, 6, 2], 7) = 16806
N([5, 7, 6, 6, 3], 7) = 16806
N([5, 7, 6, 6, 4], 7) = 16806
N([5, 7, 6, 6, 5], 7) = 16806
N([5, 7, 6, 6, 6], 7) = 16806
N([5, 7, 6, 6, 7], 7) = 16806
N([5, 7, 6, 7, 1], 7) = 16806
N([5, 7, 6, 7, 2], 7) = 16806
N([5, 7, 6, 7, 3], 7) = 16806
N([5, 7, 6, 7, 4], 7) = 16806
N([5, 7, 6, 7, 5], 7) = 16806
N([5, 7, 6, 7, 6], 7) = 16806
N([5, 7, 6, 7, 7], 7) = 16806
N([5, 7, 7, 1, 1], 7) = 16806
N([5, 7, 7, 1, 2], 7) = 16806
N([5, 7, 7, 1, 3], 7) = 16806
N([5, 7, 7, 1, 4], 7) = 16806
N([5, 7, 7, 1, 5], 7) = 16806
N([5, 7, 7, 1, 6], 7) = 16806
N([5, 7, 7, 1, 7], 7) = 16806
N([5, 7, 7, 2, 1], 7) = 16806
N([5, 7, 7, 2, 2], 7) = 16806
N([5, 7, 7, 2, 3], 7) = 16806
N([5, 7, 7, 2, 4], 7) = 16806
N([5, 7, 7, 2, 5], 7) = 16806
N([5, 7, 7, 2, 6], 7) = 16806
N([5, 7, 7, 2, 7], 7) = 16806
N([5, 7, 7, 3, 1], 7) = 16806
N([5, 7, 7, 3, 2], 7) = 16806
N([5, 7, 7, 3, 3], 7) = 16806
N([5, 7, 7, 3, 4], 7) = 16806
N([5, 7, 7, 3, 5], 7) = 16806
N([5, 7, 7, 3, 6], 7) = 16806
N([5, 7, 7, 3, 7], 7) = 16806
N([5, 7, 7, 4, 1], 7) = 16806
N([5, 7, 7, 4, 2], 7) = 16806
N([5, 7, 7, 4, 3], 7) = 16806
N([5, 7, 7, 4, 4], 7) = 16806
N([5, 7, 7, 4, 5], 7) = 16806
N([5, 7, 7, 4, 6], 7) = 16806
N([5, 7, 7, 4, 7], 7) = 16806
N([5, 7, 7, 5, 1], 7) = 16806
N([5, 7, 7, 5, 2], 7) = 16806
N([5, 7, 7, 5, 3], 7) = 16806
N([5, 7, 7, 5, 4], 7) = 16806
N([5, 7, 7, 5, 5], 7) = 16806
N([5, 7, 7, 5, 6], 7) = 16806
N([5, 7, 7, 5, 7], 7) = 16806
N([5, 7, 7, 6, 1], 7) = 16806
N([5, 7, 7, 6, 2], 7) = 16806
N([5, 7, 7, 6, 3], 7) = 16806
N([5, 7, 7, 6, 4], 7) = 16806
N([5, 7, 7, 6, 5], 7) = 16806
N([5, 7, 7, 6, 6], 7) = 16806
N([5, 7, 7, 6, 7], 7) = 16806
N([5, 7, 7, 7, 1], 7) = 16806
N([5, 7, 7, 7, 2], 7) = 16806
N([5, 7, 7, 7, 3], 7) = 16806
N([5, 7, 7, 7, 4], 7) = 16806
N([5, 7, 7, 7, 5], 7) = 16806
N([5, 7, 7, 7, 6], 7) = 16806
N([5, 7, 7, 7, 7], 7) = 16806
N([6, 1, 1, 1, 1], 7) = 16806
N([6, 1, 1, 1, 2], 7) = 16806
N([6, 1, 1, 1, 3], 7) = 16806
N([6, 1, 1, 1, 4], 7) = 16806
N([6, 1, 1, 1, 5], 7) = 16806
N([6, 1, 1, 1, 6], 7) = 16806
N([6, 1, 1, 1, 7], 7) = 16806
N([6, 1, 1, 2, 1], 7) = 16806
N([6, 1, 1, 2, 2], 7) = 16806
N([6, 1, 1, 2, 3], 7) = 16806
N([6, 1, 1, 2, 4], 7) = 16806
N([6, 1, 1, 2, 5], 7) = 16806
N([6, 1, 1, 2, 6], 7) = 16806
N([6, 1, 1, 2, 7], 7) = 16806
N([6, 1, 1, 3, 1], 7) = 16806
N([6, 1, 1, 3, 2], 7) = 16806
N([6, 1, 1, 3, 3], 7) = 16806
N([6, 1, 1, 3, 4], 7) = 16806
N([6, 1, 1, 3, 5], 7) = 16806
N([6, 1, 1, 3, 6], 7) = 16806
N([6, 1, 1, 3, 7], 7) = 16806
N([6, 1, 1, 4, 1], 7) = 16806
N([6, 1, 1, 4, 2], 7) = 16806
N([6, 1, 1, 4, 3], 7) = 16806
N([6, 1, 1, 4, 4], 7) = 16806
N([6, 1, 1, 4, 5], 7) = 16806
N([6, 1, 1, 4, 6], 7) = 16806
N([6, 1, 1, 4, 7], 7) = 16806
N([6, 1, 1, 5, 1], 7) = 16806
N([6, 1, 1, 5, 2], 7) = 16806
N([6, 1, 1, 5, 3], 7) = 16806
N([6, 1, 1, 5, 4], 7) = 16806
N([6, 1, 1, 5, 5], 7) = 16806
N([6, 1, 1, 5, 6], 7) = 16806
N([6, 1, 1, 5, 7], 7) = 16806
N([6, 1, 1, 6, 1], 7) = 16806
N([6, 1, 1, 6, 2], 7) = 16806
N([6, 1, 1, 6, 3], 7) = 16806
N([6, 1, 1, 6, 4], 7) = 16806
N([6, 1, 1, 6, 5], 7) = 16806
N([6, 1, 1, 6, 6], 7) = 16806
N([6, 1, 1, 6, 7], 7) = 16806
N([6, 1, 1, 7, 1], 7) = 16806
N([6, 1, 1, 7, 2], 7) = 16806
N([6, 1, 1, 7, 3], 7) = 16806
N([6, 1, 1, 7, 4], 7) = 16806
N([6, 1, 1, 7, 5], 7) = 16806
N([6, 1, 1, 7, 6], 7) = 16806
N([6, 1, 1, 7, 7], 7) = 16806
N([6, 1, 2, 1, 1], 7) = 16806
N([6, 1, 2, 1, 2], 7) = 16806
N([6, 1, 2, 1, 3], 7) = 16806
N([6, 1, 2, 1, 4], 7) = 16806
N([6, 1, 2, 1, 5], 7) = 16806
N([6, 1, 2, 1, 6], 7) = 16806
N([6, 1, 2, 1, 7], 7) = 16806
N([6, 1, 2, 2, 1], 7) = 16806
N([6, 1, 2, 2, 2], 7) = 16806
N([6, 1, 2, 2, 3], 7) = 16806
N([6, 1, 2, 2, 4], 7) = 16806
N([6, 1, 2, 2, 5], 7) = 16806
N([6, 1, 2, 2, 6], 7) = 16806
N([6, 1, 2, 2, 7], 7) = 16806
N([6, 1, 2, 3, 1], 7) = 16806
N([6, 1, 2, 3, 2], 7) = 16806
N([6, 1, 2, 3, 3], 7) = 16806
N([6, 1, 2, 3, 4], 7) = 16806
N([6, 1, 2, 3, 5], 7) = 16806
N([6, 1, 2, 3, 6], 7) = 16806
N([6, 1, 2, 3, 7], 7) = 16806
N([6, 1, 2, 4, 1], 7) = 16806
N([6, 1, 2, 4, 2], 7) = 16806
N([6, 1, 2, 4, 3], 7) = 16806
N([6, 1, 2, 4, 4], 7) = 16806
N([6, 1, 2, 4, 5], 7) = 16806
N([6, 1, 2, 4, 6], 7) = 16806
N([6, 1, 2, 4, 7], 7) = 16806
N([6, 1, 2, 5, 1], 7) = 16806
N([6, 1, 2, 5, 2], 7) = 16806
N([6, 1, 2, 5, 3], 7) = 16806
N([6, 1, 2, 5, 4], 7) = 16806
N([6, 1, 2, 5, 5], 7) = 16806
N([6, 1, 2, 5, 6], 7) = 16806
N([6, 1, 2, 5, 7], 7) = 16806
N([6, 1, 2, 6, 1], 7) = 16806
N([6, 1, 2, 6, 2], 7) = 16806
N([6, 1, 2, 6, 3], 7) = 16806
N([6, 1, 2, 6, 4], 7) = 16806
N([6, 1, 2, 6, 5], 7) = 16806
N([6, 1, 2, 6, 6], 7) = 16806
N([6, 1, 2, 6, 7], 7) = 16806
N([6, 1, 2, 7, 1], 7) = 16806
N([6, 1, 2, 7, 2], 7) = 16806
N([6, 1, 2, 7, 3], 7) = 16806
N([6, 1, 2, 7, 4], 7) = 16806
N([6, 1, 2, 7, 5], 7) = 16806
N([6, 1, 2, 7, 6], 7) = 16806
N([6, 1, 2, 7, 7], 7) = 16806
N([6, 1, 3, 1, 1], 7) = 16806
N([6, 1, 3, 1, 2], 7) = 16806
N([6, 1, 3, 1, 3], 7) = 16806
N([6, 1, 3, 1, 4], 7) = 16806
N([6, 1, 3, 1, 5], 7) = 16806
N([6, 1, 3, 1, 6], 7) = 16806
N([6, 1, 3, 1, 7], 7) = 16806
N([6, 1, 3, 2, 1], 7) = 16806
N([6, 1, 3, 2, 2], 7) = 16806
N([6, 1, 3, 2, 3], 7) = 16806
N([6, 1, 3, 2, 4], 7) = 16806
N([6, 1, 3, 2, 5], 7) = 16806
N([6, 1, 3, 2, 6], 7) = 16806
N([6, 1, 3, 2, 7], 7) = 16806
N([6, 1, 3, 3, 1], 7) = 16806
N([6, 1, 3, 3, 2], 7) = 16806
N([6, 1, 3, 3, 3], 7) = 16806
N([6, 1, 3, 3, 4], 7) = 16806
N([6, 1, 3, 3, 5], 7) = 16806
N([6, 1, 3, 3, 6], 7) = 16806
N([6, 1, 3, 3, 7], 7) = 16806
N([6, 1, 3, 4, 1], 7) = 16806
N([6, 1, 3, 4, 2], 7) = 16806
N([6, 1, 3, 4, 3], 7) = 16806
N([6, 1, 3, 4, 4], 7) = 16806
N([6, 1, 3, 4, 5], 7) = 16806
N([6, 1, 3, 4, 6], 7) = 16806
N([6, 1, 3, 4, 7], 7) = 16806
N([6, 1, 3, 5, 1], 7) = 16806
N([6, 1, 3, 5, 2], 7) = 16806
N([6, 1, 3, 5, 3], 7) = 16806
N([6, 1, 3, 5, 4], 7) = 16806
N([6, 1, 3, 5, 5], 7) = 16806
N([6, 1, 3, 5, 6], 7) = 16806
N([6, 1, 3, 5, 7], 7) = 16806
N([6, 1, 3, 6, 1], 7) = 16806
N([6, 1, 3, 6, 2], 7) = 16806
N([6, 1, 3, 6, 3], 7) = 16806
N([6, 1, 3, 6, 4], 7) = 16806
N([6, 1, 3, 6, 5], 7) = 16806
N([6, 1, 3, 6, 6], 7) = 16806
N([6, 1, 3, 6, 7], 7) = 16806
N([6, 1, 3, 7, 1], 7) = 16806
N([6, 1, 3, 7, 2], 7) = 16806
N([6, 1, 3, 7, 3], 7) = 16806
N([6, 1, 3, 7, 4], 7) = 16806
N([6, 1, 3, 7, 5], 7) = 16806
N([6, 1, 3, 7, 6], 7) = 16806
N([6, 1, 3, 7, 7], 7) = 16806
N([6, 1, 4, 1, 1], 7) = 16806
N([6, 1, 4, 1, 2], 7) = 16806
N([6, 1, 4, 1, 3], 7) = 16806
N([6, 1, 4, 1, 4], 7) = 16806
N([6, 1, 4, 1, 5], 7) = 16806
N([6, 1, 4, 1, 6], 7) = 16806
N([6, 1, 4, 1, 7], 7) = 16806
N([6, 1, 4, 2, 1], 7) = 16806
N([6, 1, 4, 2, 2], 7) = 16806
N([6, 1, 4, 2, 3], 7) = 16806
N([6, 1, 4, 2, 4], 7) = 16806
N([6, 1, 4, 2, 5], 7) = 16806
N([6, 1, 4, 2, 6], 7) = 16806
N([6, 1, 4, 2, 7], 7) = 16806
N([6, 1, 4, 3, 1], 7) = 16806
N([6, 1, 4, 3, 2], 7) = 16806
N([6, 1, 4, 3, 3], 7) = 16806
N([6, 1, 4, 3, 4], 7) = 16806
N([6, 1, 4, 3, 5], 7) = 16806
N([6, 1, 4, 3, 6], 7) = 16806
N([6, 1, 4, 3, 7], 7) = 16806
N([6, 1, 4, 4, 1], 7) = 16806
N([6, 1, 4, 4, 2], 7) = 16806
N([6, 1, 4, 4, 3], 7) = 16806
N([6, 1, 4, 4, 4], 7) = 16806
N([6, 1, 4, 4, 5], 7) = 16806
N([6, 1, 4, 4, 6], 7) = 16806
N([6, 1, 4, 4, 7], 7) = 16806
N([6, 1, 4, 5, 1], 7) = 16806
N([6, 1, 4, 5, 2], 7) = 16806
N([6, 1, 4, 5, 3], 7) = 16806
N([6, 1, 4, 5, 4], 7) = 16806
N([6, 1, 4, 5, 5], 7) = 16806
N([6, 1, 4, 5, 6], 7) = 16806
N([6, 1, 4, 5, 7], 7) = 16806
N([6, 1, 4, 6, 1], 7) = 16806
N([6, 1, 4, 6, 2], 7) = 16806
N([6, 1, 4, 6, 3], 7) = 16806
N([6, 1, 4, 6, 4], 7) = 16806
N([6, 1, 4, 6, 5], 7) = 16806
N([6, 1, 4, 6, 6], 7) = 16806
N([6, 1, 4, 6, 7], 7) = 16806
N([6, 1, 4, 7, 1], 7) = 16806
N([6, 1, 4, 7, 2], 7) = 16806
N([6, 1, 4, 7, 3], 7) = 16806
N([6, 1, 4, 7, 4], 7) = 16806
N([6, 1, 4, 7, 5], 7) = 16806
N([6, 1, 4, 7, 6], 7) = 16806
N([6, 1, 4, 7, 7], 7) = 16806
N([6, 1, 5, 1, 1], 7) = 16806
N([6, 1, 5, 1, 2], 7) = 16806
N([6, 1, 5, 1, 3], 7) = 16806
N([6, 1, 5, 1, 4], 7) = 16806
N([6, 1, 5, 1, 5], 7) = 16806
N([6, 1, 5, 1, 6], 7) = 16806
N([6, 1, 5, 1, 7], 7) = 16806
N([6, 1, 5, 2, 1], 7) = 16806
N([6, 1, 5, 2, 2], 7) = 16806
N([6, 1, 5, 2, 3], 7) = 16806
N([6, 1, 5, 2, 4], 7) = 16806
N([6, 1, 5, 2, 5], 7) = 16806
N([6, 1, 5, 2, 6], 7) = 16806
N([6, 1, 5, 2, 7], 7) = 16806
N([6, 1, 5, 3, 1], 7) = 16806
N([6, 1, 5, 3, 2], 7) = 16806
N([6, 1, 5, 3, 3], 7) = 16806
N([6, 1, 5, 3, 4], 7) = 16806
N([6, 1, 5, 3, 5], 7) = 16806
N([6, 1, 5, 3, 6], 7) = 16806
N([6, 1, 5, 3, 7], 7) = 16806
N([6, 1, 5, 4, 1], 7) = 16806
N([6, 1, 5, 4, 2], 7) = 16806
N([6, 1, 5, 4, 3], 7) = 16806
N([6, 1, 5, 4, 4], 7) = 16806
N([6, 1, 5, 4, 5], 7) = 16806
N([6, 1, 5, 4, 6], 7) = 16806
N([6, 1, 5, 4, 7], 7) = 16806
N([6, 1, 5, 5, 1], 7) = 16806
N([6, 1, 5, 5, 2], 7) = 16806
N([6, 1, 5, 5, 3], 7) = 16806
N([6, 1, 5, 5, 4], 7) = 16806
N([6, 1, 5, 5, 5], 7) = 16806
N([6, 1, 5, 5, 6], 7) = 16806
N([6, 1, 5, 5, 7], 7) = 16806
N([6, 1, 5, 6, 1], 7) = 16806
N([6, 1, 5, 6, 2], 7) = 16806
N([6, 1, 5, 6, 3], 7) = 16806
N([6, 1, 5, 6, 4], 7) = 16806
N([6, 1, 5, 6, 5], 7) = 16806
N([6, 1, 5, 6, 6], 7) = 16806
N([6, 1, 5, 6, 7], 7) = 16806
N([6, 1, 5, 7, 1], 7) = 16806
N([6, 1, 5, 7, 2], 7) = 16806
N([6, 1, 5, 7, 3], 7) = 16806
N([6, 1, 5, 7, 4], 7) = 16806
N([6, 1, 5, 7, 5], 7) = 16806
N([6, 1, 5, 7, 6], 7) = 16806
N([6, 1, 5, 7, 7], 7) = 16806
N([6, 1, 6, 1, 1], 7) = 16806
N([6, 1, 6, 1, 2], 7) = 16806
N([6, 1, 6, 1, 3], 7) = 16806
N([6, 1, 6, 1, 4], 7) = 16806
N([6, 1, 6, 1, 5], 7) = 16806
N([6, 1, 6, 1, 6], 7) = 16806
N([6, 1, 6, 1, 7], 7) = 16806
N([6, 1, 6, 2, 1], 7) = 16806
N([6, 1, 6, 2, 2], 7) = 16806
N([6, 1, 6, 2, 3], 7) = 16806
N([6, 1, 6, 2, 4], 7) = 16806
N([6, 1, 6, 2, 5], 7) = 16806
N([6, 1, 6, 2, 6], 7) = 16806
N([6, 1, 6, 2, 7], 7) = 16806
N([6, 1, 6, 3, 1], 7) = 16806
N([6, 1, 6, 3, 2], 7) = 16806
N([6, 1, 6, 3, 3], 7) = 16806
N([6, 1, 6, 3, 4], 7) = 16806
N([6, 1, 6, 3, 5], 7) = 16806
N([6, 1, 6, 3, 6], 7) = 16806
N([6, 1, 6, 3, 7], 7) = 16806
N([6, 1, 6, 4, 1], 7) = 16806
N([6, 1, 6, 4, 2], 7) = 16806
N([6, 1, 6, 4, 3], 7) = 16806
N([6, 1, 6, 4, 4], 7) = 16806
N([6, 1, 6, 4, 5], 7) = 16806
N([6, 1, 6, 4, 6], 7) = 16806
N([6, 1, 6, 4, 7], 7) = 16806
N([6, 1, 6, 5, 1], 7) = 16806
N([6, 1, 6, 5, 2], 7) = 16806
N([6, 1, 6, 5, 3], 7) = 16806
N([6, 1, 6, 5, 4], 7) = 16806
N([6, 1, 6, 5, 5], 7) = 16806
N([6, 1, 6, 5, 6], 7) = 16806
N([6, 1, 6, 5, 7], 7) = 16806
N([6, 1, 6, 6, 1], 7) = 16806
N([6, 1, 6, 6, 2], 7) = 16806
N([6, 1, 6, 6, 3], 7) = 16806
N([6, 1, 6, 6, 4], 7) = 16806
N([6, 1, 6, 6, 5], 7) = 16806
N([6, 1, 6, 6, 6], 7) = 16806
N([6, 1, 6, 6, 7], 7) = 16806
N([6, 1, 6, 7, 1], 7) = 16806
N([6, 1, 6, 7, 2], 7) = 16806
N([6, 1, 6, 7, 3], 7) = 16806
N([6, 1, 6, 7, 4], 7) = 16806
N([6, 1, 6, 7, 5], 7) = 16806
N([6, 1, 6, 7, 6], 7) = 16806
N([6, 1, 6, 7, 7], 7) = 16806
N([6, 1, 7, 1, 1], 7) = 16806
N([6, 1, 7, 1, 2], 7) = 16806
N([6, 1, 7, 1, 3], 7) = 16806
N([6, 1, 7, 1, 4], 7) = 16806
N([6, 1, 7, 1, 5], 7) = 16806
N([6, 1, 7, 1, 6], 7) = 16806
N([6, 1, 7, 1, 7], 7) = 16806
N([6, 1, 7, 2, 1], 7) = 16806
N([6, 1, 7, 2, 2], 7) = 16806
N([6, 1, 7, 2, 3], 7) = 16806
N([6, 1, 7, 2, 4], 7) = 16806
N([6, 1, 7, 2, 5], 7) = 16806
N([6, 1, 7, 2, 6], 7) = 16806
N([6, 1, 7, 2, 7], 7) = 16806
N([6, 1, 7, 3, 1], 7) = 16806
N([6, 1, 7, 3, 2], 7) = 16806
N([6, 1, 7, 3, 3], 7) = 16806
N([6, 1, 7, 3, 4], 7) = 16806
N([6, 1, 7, 3, 5], 7) = 16806
N([6, 1, 7, 3, 6], 7) = 16806
N([6, 1, 7, 3, 7], 7) = 16806
N([6, 1, 7, 4, 1], 7) = 16806
N([6, 1, 7, 4, 2], 7) = 16806
N([6, 1, 7, 4, 3], 7) = 16806
N([6, 1, 7, 4, 4], 7) = 16806
N([6, 1, 7, 4, 5], 7) = 16806
N([6, 1, 7, 4, 6], 7) = 16806
N([6, 1, 7, 4, 7], 7) = 16806
N([6, 1, 7, 5, 1], 7) = 16806
N([6, 1, 7, 5, 2], 7) = 16806
N([6, 1, 7, 5, 3], 7) = 16806
N([6, 1, 7, 5, 4], 7) = 16806
N([6, 1, 7, 5, 5], 7) = 16806
N([6, 1, 7, 5, 6], 7) = 16806
N([6, 1, 7, 5, 7], 7) = 16806
N([6, 1, 7, 6, 1], 7) = 16806
N([6, 1, 7, 6, 2], 7) = 16806
N([6, 1, 7, 6, 3], 7) = 16806
N([6, 1, 7, 6, 4], 7) = 16806
N([6, 1, 7, 6, 5], 7) = 16806
N([6, 1, 7, 6, 6], 7) = 16806
N([6, 1, 7, 6, 7], 7) = 16806
N([6, 1, 7, 7, 1], 7) = 16806
N([6, 1, 7, 7, 2], 7) = 16806
N([6, 1, 7, 7, 3], 7) = 16806
N([6, 1, 7, 7, 4], 7) = 16806
N([6, 1, 7, 7, 5], 7) = 16806
N([6, 1, 7, 7, 6], 7) = 16806
N([6, 1, 7, 7, 7], 7) = 16806
N([6, 2, 1, 1, 1], 7) = 16806
N([6, 2, 1, 1, 2], 7) = 16806
N([6, 2, 1, 1, 3], 7) = 16806
N([6, 2, 1, 1, 4], 7) = 16806
N([6, 2, 1, 1, 5], 7) = 16806
N([6, 2, 1, 1, 6], 7) = 16806
N([6, 2, 1, 1, 7], 7) = 16806
N([6, 2, 1, 2, 1], 7) = 16806
N([6, 2, 1, 2, 2], 7) = 16806
N([6, 2, 1, 2, 3], 7) = 16806
N([6, 2, 1, 2, 4], 7) = 16806
N([6, 2, 1, 2, 5], 7) = 16806
N([6, 2, 1, 2, 6], 7) = 16806
N([6, 2, 1, 2, 7], 7) = 16806
N([6, 2, 1, 3, 1], 7) = 16806
N([6, 2, 1, 3, 2], 7) = 16806
N([6, 2, 1, 3, 3], 7) = 16806
N([6, 2, 1, 3, 4], 7) = 16806
N([6, 2, 1, 3, 5], 7) = 16806
N([6, 2, 1, 3, 6], 7) = 16806
N([6, 2, 1, 3, 7], 7) = 16806
N([6, 2, 1, 4, 1], 7) = 16806
N([6, 2, 1, 4, 2], 7) = 16806
N([6, 2, 1, 4, 3], 7) = 16806
N([6, 2, 1, 4, 4], 7) = 16806
N([6, 2, 1, 4, 5], 7) = 16806
N([6, 2, 1, 4, 6], 7) = 16806
N([6, 2, 1, 4, 7], 7) = 16806
N([6, 2, 1, 5, 1], 7) = 16806
N([6, 2, 1, 5, 2], 7) = 16806
N([6, 2, 1, 5, 3], 7) = 16806
N([6, 2, 1, 5, 4], 7) = 16806
N([6, 2, 1, 5, 5], 7) = 16806
N([6, 2, 1, 5, 6], 7) = 16806
N([6, 2, 1, 5, 7], 7) = 16806
N([6, 2, 1, 6, 1], 7) = 16806
N([6, 2, 1, 6, 2], 7) = 16806
N([6, 2, 1, 6, 3], 7) = 16806
N([6, 2, 1, 6, 4], 7) = 16806
N([6, 2, 1, 6, 5], 7) = 16806
N([6, 2, 1, 6, 6], 7) = 16806
N([6, 2, 1, 6, 7], 7) = 16806
N([6, 2, 1, 7, 1], 7) = 16806
N([6, 2, 1, 7, 2], 7) = 16806
N([6, 2, 1, 7, 3], 7) = 16806
N([6, 2, 1, 7, 4], 7) = 16806
N([6, 2, 1, 7, 5], 7) = 16806
N([6, 2, 1, 7, 6], 7) = 16806
N([6, 2, 1, 7, 7], 7) = 16806
N([6, 2, 2, 1, 1], 7) = 16806
N([6, 2, 2, 1, 2], 7) = 16806
N([6, 2, 2, 1, 3], 7) = 16806
N([6, 2, 2, 1, 4], 7) = 16806
N([6, 2, 2, 1, 5], 7) = 16806
N([6, 2, 2, 1, 6], 7) = 16806
N([6, 2, 2, 1, 7], 7) = 16806
N([6, 2, 2, 2, 1], 7) = 16806
N([6, 2, 2, 2, 2], 7) = 16806
N([6, 2, 2, 2, 3], 7) = 16806
N([6, 2, 2, 2, 4], 7) = 16806
N([6, 2, 2, 2, 5], 7) = 16806
N([6, 2, 2, 2, 6], 7) = 16806
N([6, 2, 2, 2, 7], 7) = 16806
N([6, 2, 2, 3, 1], 7) = 16806
N([6, 2, 2, 3, 2], 7) = 16806
N([6, 2, 2, 3, 3], 7) = 16806
N([6, 2, 2, 3, 4], 7) = 16806
N([6, 2, 2, 3, 5], 7) = 16806
N([6, 2, 2, 3, 6], 7) = 16806
N([6, 2, 2, 3, 7], 7) = 16806
N([6, 2, 2, 4, 1], 7) = 16806
N([6, 2, 2, 4, 2], 7) = 16806
N([6, 2, 2, 4, 3], 7) = 16806
N([6, 2, 2, 4, 4], 7) = 16806
N([6, 2, 2, 4, 5], 7) = 16806
N([6, 2, 2, 4, 6], 7) = 16806
N([6, 2, 2, 4, 7], 7) = 16806
N([6, 2, 2, 5, 1], 7) = 16806
N([6, 2, 2, 5, 2], 7) = 16806
N([6, 2, 2, 5, 3], 7) = 16806
N([6, 2, 2, 5, 4], 7) = 16806
N([6, 2, 2, 5, 5], 7) = 16806
N([6, 2, 2, 5, 6], 7) = 16806
N([6, 2, 2, 5, 7], 7) = 16806
N([6, 2, 2, 6, 1], 7) = 16806
N([6, 2, 2, 6, 2], 7) = 16806
N([6, 2, 2, 6, 3], 7) = 16806
N([6, 2, 2, 6, 4], 7) = 16806
N([6, 2, 2, 6, 5], 7) = 16806
N([6, 2, 2, 6, 6], 7) = 16806
N([6, 2, 2, 6, 7], 7) = 16806
N([6, 2, 2, 7, 1], 7) = 16806
N([6, 2, 2, 7, 2], 7) = 16806
N([6, 2, 2, 7, 3], 7) = 16806
N([6, 2, 2, 7, 4], 7) = 16806
N([6, 2, 2, 7, 5], 7) = 16806
N([6, 2, 2, 7, 6], 7) = 16806
N([6, 2, 2, 7, 7], 7) = 16806
N([6, 2, 3, 1, 1], 7) = 16806
N([6, 2, 3, 1, 2], 7) = 16806
N([6, 2, 3, 1, 3], 7) = 16806
N([6, 2, 3, 1, 4], 7) = 16806
N([6, 2, 3, 1, 5], 7) = 16806
N([6, 2, 3, 1, 6], 7) = 16806
N([6, 2, 3, 1, 7], 7) = 16806
N([6, 2, 3, 2, 1], 7) = 16806
N([6, 2, 3, 2, 2], 7) = 16806
N([6, 2, 3, 2, 3], 7) = 16806
N([6, 2, 3, 2, 4], 7) = 16806
N([6, 2, 3, 2, 5], 7) = 16806
N([6, 2, 3, 2, 6], 7) = 16806
N([6, 2, 3, 2, 7], 7) = 16806
N([6, 2, 3, 3, 1], 7) = 16806
N([6, 2, 3, 3, 2], 7) = 16806
N([6, 2, 3, 3, 3], 7) = 16806
N([6, 2, 3, 3, 4], 7) = 16806
N([6, 2, 3, 3, 5], 7) = 16806
N([6, 2, 3, 3, 6], 7) = 16806
N([6, 2, 3, 3, 7], 7) = 16806
N([6, 2, 3, 4, 1], 7) = 16806
N([6, 2, 3, 4, 2], 7) = 16806
N([6, 2, 3, 4, 3], 7) = 16806
N([6, 2, 3, 4, 4], 7) = 16806
N([6, 2, 3, 4, 5], 7) = 16806
N([6, 2, 3, 4, 6], 7) = 16806
N([6, 2, 3, 4, 7], 7) = 16806
N([6, 2, 3, 5, 1], 7) = 16806
N([6, 2, 3, 5, 2], 7) = 16806
N([6, 2, 3, 5, 3], 7) = 16806
N([6, 2, 3, 5, 4], 7) = 16806
N([6, 2, 3, 5, 5], 7) = 16806
N([6, 2, 3, 5, 6], 7) = 16806
N([6, 2, 3, 5, 7], 7) = 16806
N([6, 2, 3, 6, 1], 7) = 16806
N([6, 2, 3, 6, 2], 7) = 16806
N([6, 2, 3, 6, 3], 7) = 16806
N([6, 2, 3, 6, 4], 7) = 16806
N([6, 2, 3, 6, 5], 7) = 16806
N([6, 2, 3, 6, 6], 7) = 16806
N([6, 2, 3, 6, 7], 7) = 16806
N([6, 2, 3, 7, 1], 7) = 16806
N([6, 2, 3, 7, 2], 7) = 16806
N([6, 2, 3, 7, 3], 7) = 16806
N([6, 2, 3, 7, 4], 7) = 16806
N([6, 2, 3, 7, 5], 7) = 16806
N([6, 2, 3, 7, 6], 7) = 16806
N([6, 2, 3, 7, 7], 7) = 16806
N([6, 2, 4, 1, 1], 7) = 16806
N([6, 2, 4, 1, 2], 7) = 16806
N([6, 2, 4, 1, 3], 7) = 16806
N([6, 2, 4, 1, 4], 7) = 16806
N([6, 2, 4, 1, 5], 7) = 16806
N([6, 2, 4, 1, 6], 7) = 16806
N([6, 2, 4, 1, 7], 7) = 16806
N([6, 2, 4, 2, 1], 7) = 16806
N([6, 2, 4, 2, 2], 7) = 16806
N([6, 2, 4, 2, 3], 7) = 16806
N([6, 2, 4, 2, 4], 7) = 16806
N([6, 2, 4, 2, 5], 7) = 16806
N([6, 2, 4, 2, 6], 7) = 16806
N([6, 2, 4, 2, 7], 7) = 16806
N([6, 2, 4, 3, 1], 7) = 16806
N([6, 2, 4, 3, 2], 7) = 16806
N([6, 2, 4, 3, 3], 7) = 16806
N([6, 2, 4, 3, 4], 7) = 16806
N([6, 2, 4, 3, 5], 7) = 16806
N([6, 2, 4, 3, 6], 7) = 16806
N([6, 2, 4, 3, 7], 7) = 16806
N([6, 2, 4, 4, 1], 7) = 16806
N([6, 2, 4, 4, 2], 7) = 16806
N([6, 2, 4, 4, 3], 7) = 16806
N([6, 2, 4, 4, 4], 7) = 16806
N([6, 2, 4, 4, 5], 7) = 16806
N([6, 2, 4, 4, 6], 7) = 16806
N([6, 2, 4, 4, 7], 7) = 16806
N([6, 2, 4, 5, 1], 7) = 16806
N([6, 2, 4, 5, 2], 7) = 16806
N([6, 2, 4, 5, 3], 7) = 16806
N([6, 2, 4, 5, 4], 7) = 16806
N([6, 2, 4, 5, 5], 7) = 16806
N([6, 2, 4, 5, 6], 7) = 16806
N([6, 2, 4, 5, 7], 7) = 16806
N([6, 2, 4, 6, 1], 7) = 16806
N([6, 2, 4, 6, 2], 7) = 16806
N([6, 2, 4, 6, 3], 7) = 16806
N([6, 2, 4, 6, 4], 7) = 16806
N([6, 2, 4, 6, 5], 7) = 16806
N([6, 2, 4, 6, 6], 7) = 16806
N([6, 2, 4, 6, 7], 7) = 16806
N([6, 2, 4, 7, 1], 7) = 16806
N([6, 2, 4, 7, 2], 7) = 16806
N([6, 2, 4, 7, 3], 7) = 16806
N([6, 2, 4, 7, 4], 7) = 16806
N([6, 2, 4, 7, 5], 7) = 16806
N([6, 2, 4, 7, 6], 7) = 16806
N([6, 2, 4, 7, 7], 7) = 16806
N([6, 2, 5, 1, 1], 7) = 16806
N([6, 2, 5, 1, 2], 7) = 16806
N([6, 2, 5, 1, 3], 7) = 16806
N([6, 2, 5, 1, 4], 7) = 16806
N([6, 2, 5, 1, 5], 7) = 16806
N([6, 2, 5, 1, 6], 7) = 16806
N([6, 2, 5, 1, 7], 7) = 16806
N([6, 2, 5, 2, 1], 7) = 16806
N([6, 2, 5, 2, 2], 7) = 16806
N([6, 2, 5, 2, 3], 7) = 16806
N([6, 2, 5, 2, 4], 7) = 16806
N([6, 2, 5, 2, 5], 7) = 16806
N([6, 2, 5, 2, 6], 7) = 16806
N([6, 2, 5, 2, 7], 7) = 16806
N([6, 2, 5, 3, 1], 7) = 16806
N([6, 2, 5, 3, 2], 7) = 16806
N([6, 2, 5, 3, 3], 7) = 16806
N([6, 2, 5, 3, 4], 7) = 16806
N([6, 2, 5, 3, 5], 7) = 16806
N([6, 2, 5, 3, 6], 7) = 16806
N([6, 2, 5, 3, 7], 7) = 16806
N([6, 2, 5, 4, 1], 7) = 16806
N([6, 2, 5, 4, 2], 7) = 16806
N([6, 2, 5, 4, 3], 7) = 16806
N([6, 2, 5, 4, 4], 7) = 16806
N([6, 2, 5, 4, 5], 7) = 16806
N([6, 2, 5, 4, 6], 7) = 16806
N([6, 2, 5, 4, 7], 7) = 16806
N([6, 2, 5, 5, 1], 7) = 16806
N([6, 2, 5, 5, 2], 7) = 16806
N([6, 2, 5, 5, 3], 7) = 16806
N([6, 2, 5, 5, 4], 7) = 16806
N([6, 2, 5, 5, 5], 7) = 16806
N([6, 2, 5, 5, 6], 7) = 16806
N([6, 2, 5, 5, 7], 7) = 16806
N([6, 2, 5, 6, 1], 7) = 16806
N([6, 2, 5, 6, 2], 7) = 16806
N([6, 2, 5, 6, 3], 7) = 16806
N([6, 2, 5, 6, 4], 7) = 16806
N([6, 2, 5, 6, 5], 7) = 16806
N([6, 2, 5, 6, 6], 7) = 16806
N([6, 2, 5, 6, 7], 7) = 16806
N([6, 2, 5, 7, 1], 7) = 16806
N([6, 2, 5, 7, 2], 7) = 16806
N([6, 2, 5, 7, 3], 7) = 16806
N([6, 2, 5, 7, 4], 7) = 16806
N([6, 2, 5, 7, 5], 7) = 16806
N([6, 2, 5, 7, 6], 7) = 16806
N([6, 2, 5, 7, 7], 7) = 16806
N([6, 2, 6, 1, 1], 7) = 16806
N([6, 2, 6, 1, 2], 7) = 16806
N([6, 2, 6, 1, 3], 7) = 16806
N([6, 2, 6, 1, 4], 7) = 16806
N([6, 2, 6, 1, 5], 7) = 16806
N([6, 2, 6, 1, 6], 7) = 16806
N([6, 2, 6, 1, 7], 7) = 16806
N([6, 2, 6, 2, 1], 7) = 16806
N([6, 2, 6, 2, 2], 7) = 16806
N([6, 2, 6, 2, 3], 7) = 16806
N([6, 2, 6, 2, 4], 7) = 16806
N([6, 2, 6, 2, 5], 7) = 16806
N([6, 2, 6, 2, 6], 7) = 16806
N([6, 2, 6, 2, 7], 7) = 16806
N([6, 2, 6, 3, 1], 7) = 16806
N([6, 2, 6, 3, 2], 7) = 16806
N([6, 2, 6, 3, 3], 7) = 16806
N([6, 2, 6, 3, 4], 7) = 16806
N([6, 2, 6, 3, 5], 7) = 16806
N([6, 2, 6, 3, 6], 7) = 16806
N([6, 2, 6, 3, 7], 7) = 16806
N([6, 2, 6, 4, 1], 7) = 16806
N([6, 2, 6, 4, 2], 7) = 16806
N([6, 2, 6, 4, 3], 7) = 16806
N([6, 2, 6, 4, 4], 7) = 16806
N([6, 2, 6, 4, 5], 7) = 16806
N([6, 2, 6, 4, 6], 7) = 16806
N([6, 2, 6, 4, 7], 7) = 16806
N([6, 2, 6, 5, 1], 7) = 16806
N([6, 2, 6, 5, 2], 7) = 16806
N([6, 2, 6, 5, 3], 7) = 16806
N([6, 2, 6, 5, 4], 7) = 16806
N([6, 2, 6, 5, 5], 7) = 16806
N([6, 2, 6, 5, 6], 7) = 16806
N([6, 2, 6, 5, 7], 7) = 16806
N([6, 2, 6, 6, 1], 7) = 16806
N([6, 2, 6, 6, 2], 7) = 16806
N([6, 2, 6, 6, 3], 7) = 16806
N([6, 2, 6, 6, 4], 7) = 16806
N([6, 2, 6, 6, 5], 7) = 16806
N([6, 2, 6, 6, 6], 7) = 16806
N([6, 2, 6, 6, 7], 7) = 16806
N([6, 2, 6, 7, 1], 7) = 16806
N([6, 2, 6, 7, 2], 7) = 16806
N([6, 2, 6, 7, 3], 7) = 16806
N([6, 2, 6, 7, 4], 7) = 16806
N([6, 2, 6, 7, 5], 7) = 16806
N([6, 2, 6, 7, 6], 7) = 16806
N([6, 2, 6, 7, 7], 7) = 16806
N([6, 2, 7, 1, 1], 7) = 16806
N([6, 2, 7, 1, 2], 7) = 16806
N([6, 2, 7, 1, 3], 7) = 16806
N([6, 2, 7, 1, 4], 7) = 16806
N([6, 2, 7, 1, 5], 7) = 16806
N([6, 2, 7, 1, 6], 7) = 16806
N([6, 2, 7, 1, 7], 7) = 16806
N([6, 2, 7, 2, 1], 7) = 16806
N([6, 2, 7, 2, 2], 7) = 16806
N([6, 2, 7, 2, 3], 7) = 16806
N([6, 2, 7, 2, 4], 7) = 16806
N([6, 2, 7, 2, 5], 7) = 16806
N([6, 2, 7, 2, 6], 7) = 16806
N([6, 2, 7, 2, 7], 7) = 16806
N([6, 2, 7, 3, 1], 7) = 16806
N([6, 2, 7, 3, 2], 7) = 16806
N([6, 2, 7, 3, 3], 7) = 16806
N([6, 2, 7, 3, 4], 7) = 16806
N([6, 2, 7, 3, 5], 7) = 16806
N([6, 2, 7, 3, 6], 7) = 16806
N([6, 2, 7, 3, 7], 7) = 16806
N([6, 2, 7, 4, 1], 7) = 16806
N([6, 2, 7, 4, 2], 7) = 16806
N([6, 2, 7, 4, 3], 7) = 16806
N([6, 2, 7, 4, 4], 7) = 16806
N([6, 2, 7, 4, 5], 7) = 16806
N([6, 2, 7, 4, 6], 7) = 16806
N([6, 2, 7, 4, 7], 7) = 16806
N([6, 2, 7, 5, 1], 7) = 16806
N([6, 2, 7, 5, 2], 7) = 16806
N([6, 2, 7, 5, 3], 7) = 16806
N([6, 2, 7, 5, 4], 7) = 16806
N([6, 2, 7, 5, 5], 7) = 16806
N([6, 2, 7, 5, 6], 7) = 16806
N([6, 2, 7, 5, 7], 7) = 16806
N([6, 2, 7, 6, 1], 7) = 16806
N([6, 2, 7, 6, 2], 7) = 16806
N([6, 2, 7, 6, 3], 7) = 16806
N([6, 2, 7, 6, 4], 7) = 16806
N([6, 2, 7, 6, 5], 7) = 16806
N([6, 2, 7, 6, 6], 7) = 16806
N([6, 2, 7, 6, 7], 7) = 16806
N([6, 2, 7, 7, 1], 7) = 16806
N([6, 2, 7, 7, 2], 7) = 16806
N([6, 2, 7, 7, 3], 7) = 16806
N([6, 2, 7, 7, 4], 7) = 16806
N([6, 2, 7, 7, 5], 7) = 16806
N([6, 2, 7, 7, 6], 7) = 16806
N([6, 2, 7, 7, 7], 7) = 16806
N([6, 3, 1, 1, 1], 7) = 16806
N([6, 3, 1, 1, 2], 7) = 16806
N([6, 3, 1, 1, 3], 7) = 16806
N([6, 3, 1, 1, 4], 7) = 16806
N([6, 3, 1, 1, 5], 7) = 16806
N([6, 3, 1, 1, 6], 7) = 16806
N([6, 3, 1, 1, 7], 7) = 16806
N([6, 3, 1, 2, 1], 7) = 16806
N([6, 3, 1, 2, 2], 7) = 16806
N([6, 3, 1, 2, 3], 7) = 16806
N([6, 3, 1, 2, 4], 7) = 16806
N([6, 3, 1, 2, 5], 7) = 16806
N([6, 3, 1, 2, 6], 7) = 16806
N([6, 3, 1, 2, 7], 7) = 16806
N([6, 3, 1, 3, 1], 7) = 16806
N([6, 3, 1, 3, 2], 7) = 16806
N([6, 3, 1, 3, 3], 7) = 16806
N([6, 3, 1, 3, 4], 7) = 16806
N([6, 3, 1, 3, 5], 7) = 16806
N([6, 3, 1, 3, 6], 7) = 16806
N([6, 3, 1, 3, 7], 7) = 16806
N([6, 3, 1, 4, 1], 7) = 16806
N([6, 3, 1, 4, 2], 7) = 16806
N([6, 3, 1, 4, 3], 7) = 16806
N([6, 3, 1, 4, 4], 7) = 16806
N([6, 3, 1, 4, 5], 7) = 16806
N([6, 3, 1, 4, 6], 7) = 16806
N([6, 3, 1, 4, 7], 7) = 16806
N([6, 3, 1, 5, 1], 7) = 16806
N([6, 3, 1, 5, 2], 7) = 16806
N([6, 3, 1, 5, 3], 7) = 16806
N([6, 3, 1, 5, 4], 7) = 16806
N([6, 3, 1, 5, 5], 7) = 16806
N([6, 3, 1, 5, 6], 7) = 16806
N([6, 3, 1, 5, 7], 7) = 16806
N([6, 3, 1, 6, 1], 7) = 16806
N([6, 3, 1, 6, 2], 7) = 16806
N([6, 3, 1, 6, 3], 7) = 16806
N([6, 3, 1, 6, 4], 7) = 16806
N([6, 3, 1, 6, 5], 7) = 16806
N([6, 3, 1, 6, 6], 7) = 16806
N([6, 3, 1, 6, 7], 7) = 16806
N([6, 3, 1, 7, 1], 7) = 16806
N([6, 3, 1, 7, 2], 7) = 16806
N([6, 3, 1, 7, 3], 7) = 16806
N([6, 3, 1, 7, 4], 7) = 16806
N([6, 3, 1, 7, 5], 7) = 16806
N([6, 3, 1, 7, 6], 7) = 16806
N([6, 3, 1, 7, 7], 7) = 16806
N([6, 3, 2, 1, 1], 7) = 16806
N([6, 3, 2, 1, 2], 7) = 16806
N([6, 3, 2, 1, 3], 7) = 16806
N([6, 3, 2, 1, 4], 7) = 16806
N([6, 3, 2, 1, 5], 7) = 16806
N([6, 3, 2, 1, 6], 7) = 16806
N([6, 3, 2, 1, 7], 7) = 16806
N([6, 3, 2, 2, 1], 7) = 16806
N([6, 3, 2, 2, 2], 7) = 16806
N([6, 3, 2, 2, 3], 7) = 16806
N([6, 3, 2, 2, 4], 7) = 16806
N([6, 3, 2, 2, 5], 7) = 16806
N([6, 3, 2, 2, 6], 7) = 16806
N([6, 3, 2, 2, 7], 7) = 16806
N([6, 3, 2, 3, 1], 7) = 16806
N([6, 3, 2, 3, 2], 7) = 16806
N([6, 3, 2, 3, 3], 7) = 16806
N([6, 3, 2, 3, 4], 7) = 16806
N([6, 3, 2, 3, 5], 7) = 16806
N([6, 3, 2, 3, 6], 7) = 16806
N([6, 3, 2, 3, 7], 7) = 16806
N([6, 3, 2, 4, 1], 7) = 16806
N([6, 3, 2, 4, 2], 7) = 16806
N([6, 3, 2, 4, 3], 7) = 16806
N([6, 3, 2, 4, 4], 7) = 16806
N([6, 3, 2, 4, 5], 7) = 16806
N([6, 3, 2, 4, 6], 7) = 16806
N([6, 3, 2, 4, 7], 7) = 16806
N([6, 3, 2, 5, 1], 7) = 16806
N([6, 3, 2, 5, 2], 7) = 16806
N([6, 3, 2, 5, 3], 7) = 16806
N([6, 3, 2, 5, 4], 7) = 16806
N([6, 3, 2, 5, 5], 7) = 16806
N([6, 3, 2, 5, 6], 7) = 16806
N([6, 3, 2, 5, 7], 7) = 16806
N([6, 3, 2, 6, 1], 7) = 16806
N([6, 3, 2, 6, 2], 7) = 16806
N([6, 3, 2, 6, 3], 7) = 16806
N([6, 3, 2, 6, 4], 7) = 16806
N([6, 3, 2, 6, 5], 7) = 16806
N([6, 3, 2, 6, 6], 7) = 16806
N([6, 3, 2, 6, 7], 7) = 16806
N([6, 3, 2, 7, 1], 7) = 16806
N([6, 3, 2, 7, 2], 7) = 16806
N([6, 3, 2, 7, 3], 7) = 16806
N([6, 3, 2, 7, 4], 7) = 16806
N([6, 3, 2, 7, 5], 7) = 16806
N([6, 3, 2, 7, 6], 7) = 16806
N([6, 3, 2, 7, 7], 7) = 16806
N([6, 3, 3, 1, 1], 7) = 16806
N([6, 3, 3, 1, 2], 7) = 16806
N([6, 3, 3, 1, 3], 7) = 16806
N([6, 3, 3, 1, 4], 7) = 16806
N([6, 3, 3, 1, 5], 7) = 16806
N([6, 3, 3, 1, 6], 7) = 16806
N([6, 3, 3, 1, 7], 7) = 16806
N([6, 3, 3, 2, 1], 7) = 16806
N([6, 3, 3, 2, 2], 7) = 16806
N([6, 3, 3, 2, 3], 7) = 16806
N([6, 3, 3, 2, 4], 7) = 16806
N([6, 3, 3, 2, 5], 7) = 16806
N([6, 3, 3, 2, 6], 7) = 16806
N([6, 3, 3, 2, 7], 7) = 16806
N([6, 3, 3, 3, 1], 7) = 16806
N([6, 3, 3, 3, 2], 7) = 16806
N([6, 3, 3, 3, 3], 7) = 16806
N([6, 3, 3, 3, 4], 7) = 16806
N([6, 3, 3, 3, 5], 7) = 16806
N([6, 3, 3, 3, 6], 7) = 16806
N([6, 3, 3, 3, 7], 7) = 16806
N([6, 3, 3, 4, 1], 7) = 16806
N([6, 3, 3, 4, 2], 7) = 16806
N([6, 3, 3, 4, 3], 7) = 16806
N([6, 3, 3, 4, 4], 7) = 16806
N([6, 3, 3, 4, 5], 7) = 16806
N([6, 3, 3, 4, 6], 7) = 16806
N([6, 3, 3, 4, 7], 7) = 16806
N([6, 3, 3, 5, 1], 7) = 16806
N([6, 3, 3, 5, 2], 7) = 16806
N([6, 3, 3, 5, 3], 7) = 16806
N([6, 3, 3, 5, 4], 7) = 16806
N([6, 3, 3, 5, 5], 7) = 16806
N([6, 3, 3, 5, 6], 7) = 16806
N([6, 3, 3, 5, 7], 7) = 16806
N([6, 3, 3, 6, 1], 7) = 16806
N([6, 3, 3, 6, 2], 7) = 16806
N([6, 3, 3, 6, 3], 7) = 16806
N([6, 3, 3, 6, 4], 7) = 16806
N([6, 3, 3, 6, 5], 7) = 16806
N([6, 3, 3, 6, 6], 7) = 16806
N([6, 3, 3, 6, 7], 7) = 16806
N([6, 3, 3, 7, 1], 7) = 16806
N([6, 3, 3, 7, 2], 7) = 16806
N([6, 3, 3, 7, 3], 7) = 16806
N([6, 3, 3, 7, 4], 7) = 16806
N([6, 3, 3, 7, 5], 7) = 16806
N([6, 3, 3, 7, 6], 7) = 16806
N([6, 3, 3, 7, 7], 7) = 16806
N([6, 3, 4, 1, 1], 7) = 16806
N([6, 3, 4, 1, 2], 7) = 16806
N([6, 3, 4, 1, 3], 7) = 16806
N([6, 3, 4, 1, 4], 7) = 16806
N([6, 3, 4, 1, 5], 7) = 16806
N([6, 3, 4, 1, 6], 7) = 16806
N([6, 3, 4, 1, 7], 7) = 16806
N([6, 3, 4, 2, 1], 7) = 16806
N([6, 3, 4, 2, 2], 7) = 16806
N([6, 3, 4, 2, 3], 7) = 16806
N([6, 3, 4, 2, 4], 7) = 16806
N([6, 3, 4, 2, 5], 7) = 16806
N([6, 3, 4, 2, 6], 7) = 16806
N([6, 3, 4, 2, 7], 7) = 16806
N([6, 3, 4, 3, 1], 7) = 16806
N([6, 3, 4, 3, 2], 7) = 16806
N([6, 3, 4, 3, 3], 7) = 16806
N([6, 3, 4, 3, 4], 7) = 16806
N([6, 3, 4, 3, 5], 7) = 16806
N([6, 3, 4, 3, 6], 7) = 16806
N([6, 3, 4, 3, 7], 7) = 16806
N([6, 3, 4, 4, 1], 7) = 16806
N([6, 3, 4, 4, 2], 7) = 16806
N([6, 3, 4, 4, 3], 7) = 16806
N([6, 3, 4, 4, 4], 7) = 16806
N([6, 3, 4, 4, 5], 7) = 16806
N([6, 3, 4, 4, 6], 7) = 16806
N([6, 3, 4, 4, 7], 7) = 16806
N([6, 3, 4, 5, 1], 7) = 16806
N([6, 3, 4, 5, 2], 7) = 16806
N([6, 3, 4, 5, 3], 7) = 16806
N([6, 3, 4, 5, 4], 7) = 16806
N([6, 3, 4, 5, 5], 7) = 16806
N([6, 3, 4, 5, 6], 7) = 16806
N([6, 3, 4, 5, 7], 7) = 16806
N([6, 3, 4, 6, 1], 7) = 16806
N([6, 3, 4, 6, 2], 7) = 16806
N([6, 3, 4, 6, 3], 7) = 16806
N([6, 3, 4, 6, 4], 7) = 16806
N([6, 3, 4, 6, 5], 7) = 16806
N([6, 3, 4, 6, 6], 7) = 16806
N([6, 3, 4, 6, 7], 7) = 16806
N([6, 3, 4, 7, 1], 7) = 16806
N([6, 3, 4, 7, 2], 7) = 16806
N([6, 3, 4, 7, 3], 7) = 16806
N([6, 3, 4, 7, 4], 7) = 16806
N([6, 3, 4, 7, 5], 7) = 16806
N([6, 3, 4, 7, 6], 7) = 16806
N([6, 3, 4, 7, 7], 7) = 16806
N([6, 3, 5, 1, 1], 7) = 16806
N([6, 3, 5, 1, 2], 7) = 16806
N([6, 3, 5, 1, 3], 7) = 16806
N([6, 3, 5, 1, 4], 7) = 16806
N([6, 3, 5, 1, 5], 7) = 16806
N([6, 3, 5, 1, 6], 7) = 16806
N([6, 3, 5, 1, 7], 7) = 16806
N([6, 3, 5, 2, 1], 7) = 16806
N([6, 3, 5, 2, 2], 7) = 16806
N([6, 3, 5, 2, 3], 7) = 16806
N([6, 3, 5, 2, 4], 7) = 16806
N([6, 3, 5, 2, 5], 7) = 16806
N([6, 3, 5, 2, 6], 7) = 16806
N([6, 3, 5, 2, 7], 7) = 16806
N([6, 3, 5, 3, 1], 7) = 16806
N([6, 3, 5, 3, 2], 7) = 16806
N([6, 3, 5, 3, 3], 7) = 16806
N([6, 3, 5, 3, 4], 7) = 16806
N([6, 3, 5, 3, 5], 7) = 16806
N([6, 3, 5, 3, 6], 7) = 16806
N([6, 3, 5, 3, 7], 7) = 16806
N([6, 3, 5, 4, 1], 7) = 16806
N([6, 3, 5, 4, 2], 7) = 16806
N([6, 3, 5, 4, 3], 7) = 16806
N([6, 3, 5, 4, 4], 7) = 16806
N([6, 3, 5, 4, 5], 7) = 16806
N([6, 3, 5, 4, 6], 7) = 16806
N([6, 3, 5, 4, 7], 7) = 16806
N([6, 3, 5, 5, 1], 7) = 16806
N([6, 3, 5, 5, 2], 7) = 16806
N([6, 3, 5, 5, 3], 7) = 16806
N([6, 3, 5, 5, 4], 7) = 16806
N([6, 3, 5, 5, 5], 7) = 16806
N([6, 3, 5, 5, 6], 7) = 16806
N([6, 3, 5, 5, 7], 7) = 16806
N([6, 3, 5, 6, 1], 7) = 16806
N([6, 3, 5, 6, 2], 7) = 16806
N([6, 3, 5, 6, 3], 7) = 16806
N([6, 3, 5, 6, 4], 7) = 16806
N([6, 3, 5, 6, 5], 7) = 16806
N([6, 3, 5, 6, 6], 7) = 16806
N([6, 3, 5, 6, 7], 7) = 16806
N([6, 3, 5, 7, 1], 7) = 16806
N([6, 3, 5, 7, 2], 7) = 16806
N([6, 3, 5, 7, 3], 7) = 16806
N([6, 3, 5, 7, 4], 7) = 16806
N([6, 3, 5, 7, 5], 7) = 16806
N([6, 3, 5, 7, 6], 7) = 16806
N([6, 3, 5, 7, 7], 7) = 16806
N([6, 3, 6, 1, 1], 7) = 16806
N([6, 3, 6, 1, 2], 7) = 16806
N([6, 3, 6, 1, 3], 7) = 16806
N([6, 3, 6, 1, 4], 7) = 16806
N([6, 3, 6, 1, 5], 7) = 16806
N([6, 3, 6, 1, 6], 7) = 16806
N([6, 3, 6, 1, 7], 7) = 16806
N([6, 3, 6, 2, 1], 7) = 16806
N([6, 3, 6, 2, 2], 7) = 16806
N([6, 3, 6, 2, 3], 7) = 16806
N([6, 3, 6, 2, 4], 7) = 16806
N([6, 3, 6, 2, 5], 7) = 16806
N([6, 3, 6, 2, 6], 7) = 16806
N([6, 3, 6, 2, 7], 7) = 16806
N([6, 3, 6, 3, 1], 7) = 16806
N([6, 3, 6, 3, 2], 7) = 16806
N([6, 3, 6, 3, 3], 7) = 16806
N([6, 3, 6, 3, 4], 7) = 16806
N([6, 3, 6, 3, 5], 7) = 16806
N([6, 3, 6, 3, 6], 7) = 16806
N([6, 3, 6, 3, 7], 7) = 16806
N([6, 3, 6, 4, 1], 7) = 16806
N([6, 3, 6, 4, 2], 7) = 16806
N([6, 3, 6, 4, 3], 7) = 16806
N([6, 3, 6, 4, 4], 7) = 16806
N([6, 3, 6, 4, 5], 7) = 16806
N([6, 3, 6, 4, 6], 7) = 16806
N([6, 3, 6, 4, 7], 7) = 16806
N([6, 3, 6, 5, 1], 7) = 16806
N([6, 3, 6, 5, 2], 7) = 16806
N([6, 3, 6, 5, 3], 7) = 16806
N([6, 3, 6, 5, 4], 7) = 16806
N([6, 3, 6, 5, 5], 7) = 16806
N([6, 3, 6, 5, 6], 7) = 16806
N([6, 3, 6, 5, 7], 7) = 16806
N([6, 3, 6, 6, 1], 7) = 16806
N([6, 3, 6, 6, 2], 7) = 16806
N([6, 3, 6, 6, 3], 7) = 16806
N([6, 3, 6, 6, 4], 7) = 16806
N([6, 3, 6, 6, 5], 7) = 16806
N([6, 3, 6, 6, 6], 7) = 16806
N([6, 3, 6, 6, 7], 7) = 16806
N([6, 3, 6, 7, 1], 7) = 16806
N([6, 3, 6, 7, 2], 7) = 16806
N([6, 3, 6, 7, 3], 7) = 16806
N([6, 3, 6, 7, 4], 7) = 16806
N([6, 3, 6, 7, 5], 7) = 16806
N([6, 3, 6, 7, 6], 7) = 16806
N([6, 3, 6, 7, 7], 7) = 16806
N([6, 3, 7, 1, 1], 7) = 16806
N([6, 3, 7, 1, 2], 7) = 16806
N([6, 3, 7, 1, 3], 7) = 16806
N([6, 3, 7, 1, 4], 7) = 16806
N([6, 3, 7, 1, 5], 7) = 16806
N([6, 3, 7, 1, 6], 7) = 16806
N([6, 3, 7, 1, 7], 7) = 16806
N([6, 3, 7, 2, 1], 7) = 16806
N([6, 3, 7, 2, 2], 7) = 16806
N([6, 3, 7, 2, 3], 7) = 16806
N([6, 3, 7, 2, 4], 7) = 16806
N([6, 3, 7, 2, 5], 7) = 16806
N([6, 3, 7, 2, 6], 7) = 16806
N([6, 3, 7, 2, 7], 7) = 16806
N([6, 3, 7, 3, 1], 7) = 16806
N([6, 3, 7, 3, 2], 7) = 16806
N([6, 3, 7, 3, 3], 7) = 16806
N([6, 3, 7, 3, 4], 7) = 16806
N([6, 3, 7, 3, 5], 7) = 16806
N([6, 3, 7, 3, 6], 7) = 16806
N([6, 3, 7, 3, 7], 7) = 16806
N([6, 3, 7, 4, 1], 7) = 16806
N([6, 3, 7, 4, 2], 7) = 16806
N([6, 3, 7, 4, 3], 7) = 16806
N([6, 3, 7, 4, 4], 7) = 16806
N([6, 3, 7, 4, 5], 7) = 16806
N([6, 3, 7, 4, 6], 7) = 16806
N([6, 3, 7, 4, 7], 7) = 16806
N([6, 3, 7, 5, 1], 7) = 16806
N([6, 3, 7, 5, 2], 7) = 16806
N([6, 3, 7, 5, 3], 7) = 16806
N([6, 3, 7, 5, 4], 7) = 16806
N([6, 3, 7, 5, 5], 7) = 16806
N([6, 3, 7, 5, 6], 7) = 16806
N([6, 3, 7, 5, 7], 7) = 16806
N([6, 3, 7, 6, 1], 7) = 16806
N([6, 3, 7, 6, 2], 7) = 16806
N([6, 3, 7, 6, 3], 7) = 16806
N([6, 3, 7, 6, 4], 7) = 16806
N([6, 3, 7, 6, 5], 7) = 16806
N([6, 3, 7, 6, 6], 7) = 16806
N([6, 3, 7, 6, 7], 7) = 16806
N([6, 3, 7, 7, 1], 7) = 16806
N([6, 3, 7, 7, 2], 7) = 16806
N([6, 3, 7, 7, 3], 7) = 16806
N([6, 3, 7, 7, 4], 7) = 16806
N([6, 3, 7, 7, 5], 7) = 16806
N([6, 3, 7, 7, 6], 7) = 16806
N([6, 3, 7, 7, 7], 7) = 16806
N([6, 4, 1, 1, 1], 7) = 16806
N([6, 4, 1, 1, 2], 7) = 16806
N([6, 4, 1, 1, 3], 7) = 16806
N([6, 4, 1, 1, 4], 7) = 16806
N([6, 4, 1, 1, 5], 7) = 16806
N([6, 4, 1, 1, 6], 7) = 16806
N([6, 4, 1, 1, 7], 7) = 16806
N([6, 4, 1, 2, 1], 7) = 16806
N([6, 4, 1, 2, 2], 7) = 16806
N([6, 4, 1, 2, 3], 7) = 16806
N([6, 4, 1, 2, 4], 7) = 16806
N([6, 4, 1, 2, 5], 7) = 16806
N([6, 4, 1, 2, 6], 7) = 16806
N([6, 4, 1, 2, 7], 7) = 16806
N([6, 4, 1, 3, 1], 7) = 16806
N([6, 4, 1, 3, 2], 7) = 16806
N([6, 4, 1, 3, 3], 7) = 16806
N([6, 4, 1, 3, 4], 7) = 16806
N([6, 4, 1, 3, 5], 7) = 16806
N([6, 4, 1, 3, 6], 7) = 16806
N([6, 4, 1, 3, 7], 7) = 16806
N([6, 4, 1, 4, 1], 7) = 16806
N([6, 4, 1, 4, 2], 7) = 16806
N([6, 4, 1, 4, 3], 7) = 16806
N([6, 4, 1, 4, 4], 7) = 16806
N([6, 4, 1, 4, 5], 7) = 16806
N([6, 4, 1, 4, 6], 7) = 16806
N([6, 4, 1, 4, 7], 7) = 16806
N([6, 4, 1, 5, 1], 7) = 16806
N([6, 4, 1, 5, 2], 7) = 16806
N([6, 4, 1, 5, 3], 7) = 16806
N([6, 4, 1, 5, 4], 7) = 16806
N([6, 4, 1, 5, 5], 7) = 16806
N([6, 4, 1, 5, 6], 7) = 16806
N([6, 4, 1, 5, 7], 7) = 16806
N([6, 4, 1, 6, 1], 7) = 16806
N([6, 4, 1, 6, 2], 7) = 16806
N([6, 4, 1, 6, 3], 7) = 16806
N([6, 4, 1, 6, 4], 7) = 16806
N([6, 4, 1, 6, 5], 7) = 16806
N([6, 4, 1, 6, 6], 7) = 16806
N([6, 4, 1, 6, 7], 7) = 16806
N([6, 4, 1, 7, 1], 7) = 16806
N([6, 4, 1, 7, 2], 7) = 16806
N([6, 4, 1, 7, 3], 7) = 16806
N([6, 4, 1, 7, 4], 7) = 16806
N([6, 4, 1, 7, 5], 7) = 16806
N([6, 4, 1, 7, 6], 7) = 16806
N([6, 4, 1, 7, 7], 7) = 16806
N([6, 4, 2, 1, 1], 7) = 16806
N([6, 4, 2, 1, 2], 7) = 16806
N([6, 4, 2, 1, 3], 7) = 16806
N([6, 4, 2, 1, 4], 7) = 16806
N([6, 4, 2, 1, 5], 7) = 16806
N([6, 4, 2, 1, 6], 7) = 16806
N([6, 4, 2, 1, 7], 7) = 16806
N([6, 4, 2, 2, 1], 7) = 16806
N([6, 4, 2, 2, 2], 7) = 16806
N([6, 4, 2, 2, 3], 7) = 16806
N([6, 4, 2, 2, 4], 7) = 16806
N([6, 4, 2, 2, 5], 7) = 16806
N([6, 4, 2, 2, 6], 7) = 16806
N([6, 4, 2, 2, 7], 7) = 16806
N([6, 4, 2, 3, 1], 7) = 16806
N([6, 4, 2, 3, 2], 7) = 16806
N([6, 4, 2, 3, 3], 7) = 16806
N([6, 4, 2, 3, 4], 7) = 16806
N([6, 4, 2, 3, 5], 7) = 16806
N([6, 4, 2, 3, 6], 7) = 16806
N([6, 4, 2, 3, 7], 7) = 16806
N([6, 4, 2, 4, 1], 7) = 16806
N([6, 4, 2, 4, 2], 7) = 16806
N([6, 4, 2, 4, 3], 7) = 16806
N([6, 4, 2, 4, 4], 7) = 16806
N([6, 4, 2, 4, 5], 7) = 16806
N([6, 4, 2, 4, 6], 7) = 16806
N([6, 4, 2, 4, 7], 7) = 16806
N([6, 4, 2, 5, 1], 7) = 16806
N([6, 4, 2, 5, 2], 7) = 16806
N([6, 4, 2, 5, 3], 7) = 16806
N([6, 4, 2, 5, 4], 7) = 16806
N([6, 4, 2, 5, 5], 7) = 16806
N([6, 4, 2, 5, 6], 7) = 16806
N([6, 4, 2, 5, 7], 7) = 16806
N([6, 4, 2, 6, 1], 7) = 16806
N([6, 4, 2, 6, 2], 7) = 16806
N([6, 4, 2, 6, 3], 7) = 16806
N([6, 4, 2, 6, 4], 7) = 16806
N([6, 4, 2, 6, 5], 7) = 16806
N([6, 4, 2, 6, 6], 7) = 16806
N([6, 4, 2, 6, 7], 7) = 16806
N([6, 4, 2, 7, 1], 7) = 16806
N([6, 4, 2, 7, 2], 7) = 16806
N([6, 4, 2, 7, 3], 7) = 16806
N([6, 4, 2, 7, 4], 7) = 16806
N([6, 4, 2, 7, 5], 7) = 16806
N([6, 4, 2, 7, 6], 7) = 16806
N([6, 4, 2, 7, 7], 7) = 16806
N([6, 4, 3, 1, 1], 7) = 16806
N([6, 4, 3, 1, 2], 7) = 16806
N([6, 4, 3, 1, 3], 7) = 16806
N([6, 4, 3, 1, 4], 7) = 16806
N([6, 4, 3, 1, 5], 7) = 16806
N([6, 4, 3, 1, 6], 7) = 16806
N([6, 4, 3, 1, 7], 7) = 16806
N([6, 4, 3, 2, 1], 7) = 16806
N([6, 4, 3, 2, 2], 7) = 16806
N([6, 4, 3, 2, 3], 7) = 16806
N([6, 4, 3, 2, 4], 7) = 16806
N([6, 4, 3, 2, 5], 7) = 16806
N([6, 4, 3, 2, 6], 7) = 16806
N([6, 4, 3, 2, 7], 7) = 16806
N([6, 4, 3, 3, 1], 7) = 16806
N([6, 4, 3, 3, 2], 7) = 16806
N([6, 4, 3, 3, 3], 7) = 16806
N([6, 4, 3, 3, 4], 7) = 16806
N([6, 4, 3, 3, 5], 7) = 16806
N([6, 4, 3, 3, 6], 7) = 16806
N([6, 4, 3, 3, 7], 7) = 16806
N([6, 4, 3, 4, 1], 7) = 16806
N([6, 4, 3, 4, 2], 7) = 16806
N([6, 4, 3, 4, 3], 7) = 16806
N([6, 4, 3, 4, 4], 7) = 16806
N([6, 4, 3, 4, 5], 7) = 16806
N([6, 4, 3, 4, 6], 7) = 16806
N([6, 4, 3, 4, 7], 7) = 16806
N([6, 4, 3, 5, 1], 7) = 16806
N([6, 4, 3, 5, 2], 7) = 16806
N([6, 4, 3, 5, 3], 7) = 16806
N([6, 4, 3, 5, 4], 7) = 16806
N([6, 4, 3, 5, 5], 7) = 16806
N([6, 4, 3, 5, 6], 7) = 16806
N([6, 4, 3, 5, 7], 7) = 16806
N([6, 4, 3, 6, 1], 7) = 16806
N([6, 4, 3, 6, 2], 7) = 16806
N([6, 4, 3, 6, 3], 7) = 16806
N([6, 4, 3, 6, 4], 7) = 16806
N([6, 4, 3, 6, 5], 7) = 16806
N([6, 4, 3, 6, 6], 7) = 16806
N([6, 4, 3, 6, 7], 7) = 16806
N([6, 4, 3, 7, 1], 7) = 16806
N([6, 4, 3, 7, 2], 7) = 16806
N([6, 4, 3, 7, 3], 7) = 16806
N([6, 4, 3, 7, 4], 7) = 16806
N([6, 4, 3, 7, 5], 7) = 16806
N([6, 4, 3, 7, 6], 7) = 16806
N([6, 4, 3, 7, 7], 7) = 16806
N([6, 4, 4, 1, 1], 7) = 16806
N([6, 4, 4, 1, 2], 7) = 16806
N([6, 4, 4, 1, 3], 7) = 16806
N([6, 4, 4, 1, 4], 7) = 16806
N([6, 4, 4, 1, 5], 7) = 16806
N([6, 4, 4, 1, 6], 7) = 16806
N([6, 4, 4, 1, 7], 7) = 16806
N([6, 4, 4, 2, 1], 7) = 16806
N([6, 4, 4, 2, 2], 7) = 16806
N([6, 4, 4, 2, 3], 7) = 16806
N([6, 4, 4, 2, 4], 7) = 16806
N([6, 4, 4, 2, 5], 7) = 16806
N([6, 4, 4, 2, 6], 7) = 16806
N([6, 4, 4, 2, 7], 7) = 16806
N([6, 4, 4, 3, 1], 7) = 16806
N([6, 4, 4, 3, 2], 7) = 16806
N([6, 4, 4, 3, 3], 7) = 16806
N([6, 4, 4, 3, 4], 7) = 16806
N([6, 4, 4, 3, 5], 7) = 16806
N([6, 4, 4, 3, 6], 7) = 16806
N([6, 4, 4, 3, 7], 7) = 16806
N([6, 4, 4, 4, 1], 7) = 16806
N([6, 4, 4, 4, 2], 7) = 16806
N([6, 4, 4, 4, 3], 7) = 16806
N([6, 4, 4, 4, 4], 7) = 16806
N([6, 4, 4, 4, 5], 7) = 16806
N([6, 4, 4, 4, 6], 7) = 16806
N([6, 4, 4, 4, 7], 7) = 16806
N([6, 4, 4, 5, 1], 7) = 16806
N([6, 4, 4, 5, 2], 7) = 16806
N([6, 4, 4, 5, 3], 7) = 16806
N([6, 4, 4, 5, 4], 7) = 16806
N([6, 4, 4, 5, 5], 7) = 16806
N([6, 4, 4, 5, 6], 7) = 16806
N([6, 4, 4, 5, 7], 7) = 16806
N([6, 4, 4, 6, 1], 7) = 16806
N([6, 4, 4, 6, 2], 7) = 16806
N([6, 4, 4, 6, 3], 7) = 16806
N([6, 4, 4, 6, 4], 7) = 16806
N([6, 4, 4, 6, 5], 7) = 16806
N([6, 4, 4, 6, 6], 7) = 16806
N([6, 4, 4, 6, 7], 7) = 16806
N([6, 4, 4, 7, 1], 7) = 16806
N([6, 4, 4, 7, 2], 7) = 16806
N([6, 4, 4, 7, 3], 7) = 16806
N([6, 4, 4, 7, 4], 7) = 16806
N([6, 4, 4, 7, 5], 7) = 16806
N([6, 4, 4, 7, 6], 7) = 16806
N([6, 4, 4, 7, 7], 7) = 16806
N([6, 4, 5, 1, 1], 7) = 16806
N([6, 4, 5, 1, 2], 7) = 16806
N([6, 4, 5, 1, 3], 7) = 16806
N([6, 4, 5, 1, 4], 7) = 16806
N([6, 4, 5, 1, 5], 7) = 16806
N([6, 4, 5, 1, 6], 7) = 16806
N([6, 4, 5, 1, 7], 7) = 16806
N([6, 4, 5, 2, 1], 7) = 16806
N([6, 4, 5, 2, 2], 7) = 16806
N([6, 4, 5, 2, 3], 7) = 16806
N([6, 4, 5, 2, 4], 7) = 16806
N([6, 4, 5, 2, 5], 7) = 16806
N([6, 4, 5, 2, 6], 7) = 16806
N([6, 4, 5, 2, 7], 7) = 16806
N([6, 4, 5, 3, 1], 7) = 16806
N([6, 4, 5, 3, 2], 7) = 16806
N([6, 4, 5, 3, 3], 7) = 16806
N([6, 4, 5, 3, 4], 7) = 16806
N([6, 4, 5, 3, 5], 7) = 16806
N([6, 4, 5, 3, 6], 7) = 16806
N([6, 4, 5, 3, 7], 7) = 16806
N([6, 4, 5, 4, 1], 7) = 16806
N([6, 4, 5, 4, 2], 7) = 16806
N([6, 4, 5, 4, 3], 7) = 16806
N([6, 4, 5, 4, 4], 7) = 16806
N([6, 4, 5, 4, 5], 7) = 16806
N([6, 4, 5, 4, 6], 7) = 16806
N([6, 4, 5, 4, 7], 7) = 16806
N([6, 4, 5, 5, 1], 7) = 16806
N([6, 4, 5, 5, 2], 7) = 16806
N([6, 4, 5, 5, 3], 7) = 16806
N([6, 4, 5, 5, 4], 7) = 16806
N([6, 4, 5, 5, 5], 7) = 16806
N([6, 4, 5, 5, 6], 7) = 16806
N([6, 4, 5, 5, 7], 7) = 16806
N([6, 4, 5, 6, 1], 7) = 16806
N([6, 4, 5, 6, 2], 7) = 16806
N([6, 4, 5, 6, 3], 7) = 16806
N([6, 4, 5, 6, 4], 7) = 16806
N([6, 4, 5, 6, 5], 7) = 16806
N([6, 4, 5, 6, 6], 7) = 16806
N([6, 4, 5, 6, 7], 7) = 16806
N([6, 4, 5, 7, 1], 7) = 16806
N([6, 4, 5, 7, 2], 7) = 16806
N([6, 4, 5, 7, 3], 7) = 16806
N([6, 4, 5, 7, 4], 7) = 16806
N([6, 4, 5, 7, 5], 7) = 16806
N([6, 4, 5, 7, 6], 7) = 16806
N([6, 4, 5, 7, 7], 7) = 16806
N([6, 4, 6, 1, 1], 7) = 16806
N([6, 4, 6, 1, 2], 7) = 16806
N([6, 4, 6, 1, 3], 7) = 16806
N([6, 4, 6, 1, 4], 7) = 16806
N([6, 4, 6, 1, 5], 7) = 16806
N([6, 4, 6, 1, 6], 7) = 16806
N([6, 4, 6, 1, 7], 7) = 16806
N([6, 4, 6, 2, 1], 7) = 16806
N([6, 4, 6, 2, 2], 7) = 16806
N([6, 4, 6, 2, 3], 7) = 16806
N([6, 4, 6, 2, 4], 7) = 16806
N([6, 4, 6, 2, 5], 7) = 16806
N([6, 4, 6, 2, 6], 7) = 16806
N([6, 4, 6, 2, 7], 7) = 16806
N([6, 4, 6, 3, 1], 7) = 16806
N([6, 4, 6, 3, 2], 7) = 16806
N([6, 4, 6, 3, 3], 7) = 16806
N([6, 4, 6, 3, 4], 7) = 16806
N([6, 4, 6, 3, 5], 7) = 16806
N([6, 4, 6, 3, 6], 7) = 16806
N([6, 4, 6, 3, 7], 7) = 16806
N([6, 4, 6, 4, 1], 7) = 16806
N([6, 4, 6, 4, 2], 7) = 16806
N([6, 4, 6, 4, 3], 7) = 16806
N([6, 4, 6, 4, 4], 7) = 16806
N([6, 4, 6, 4, 5], 7) = 16806
N([6, 4, 6, 4, 6], 7) = 16806
N([6, 4, 6, 4, 7], 7) = 16806
N([6, 4, 6, 5, 1], 7) = 16806
N([6, 4, 6, 5, 2], 7) = 16806
N([6, 4, 6, 5, 3], 7) = 16806
N([6, 4, 6, 5, 4], 7) = 16806
N([6, 4, 6, 5, 5], 7) = 16806
N([6, 4, 6, 5, 6], 7) = 16806
N([6, 4, 6, 5, 7], 7) = 16806
N([6, 4, 6, 6, 1], 7) = 16806
N([6, 4, 6, 6, 2], 7) = 16806
N([6, 4, 6, 6, 3], 7) = 16806
N([6, 4, 6, 6, 4], 7) = 16806
N([6, 4, 6, 6, 5], 7) = 16806
N([6, 4, 6, 6, 6], 7) = 16806
N([6, 4, 6, 6, 7], 7) = 16806
N([6, 4, 6, 7, 1], 7) = 16806
N([6, 4, 6, 7, 2], 7) = 16806
N([6, 4, 6, 7, 3], 7) = 16806
N([6, 4, 6, 7, 4], 7) = 16806
N([6, 4, 6, 7, 5], 7) = 16806
N([6, 4, 6, 7, 6], 7) = 16806
N([6, 4, 6, 7, 7], 7) = 16806
N([6, 4, 7, 1, 1], 7) = 16806
N([6, 4, 7, 1, 2], 7) = 16806
N([6, 4, 7, 1, 3], 7) = 16806
N([6, 4, 7, 1, 4], 7) = 16806
N([6, 4, 7, 1, 5], 7) = 16806
N([6, 4, 7, 1, 6], 7) = 16806
N([6, 4, 7, 1, 7], 7) = 16806
N([6, 4, 7, 2, 1], 7) = 16806
N([6, 4, 7, 2, 2], 7) = 16806
N([6, 4, 7, 2, 3], 7) = 16806
N([6, 4, 7, 2, 4], 7) = 16806
N([6, 4, 7, 2, 5], 7) = 16806
N([6, 4, 7, 2, 6], 7) = 16806
N([6, 4, 7, 2, 7], 7) = 16806
N([6, 4, 7, 3, 1], 7) = 16806
N([6, 4, 7, 3, 2], 7) = 16806
N([6, 4, 7, 3, 3], 7) = 16806
N([6, 4, 7, 3, 4], 7) = 16806
N([6, 4, 7, 3, 5], 7) = 16806
N([6, 4, 7, 3, 6], 7) = 16806
N([6, 4, 7, 3, 7], 7) = 16806
N([6, 4, 7, 4, 1], 7) = 16806
N([6, 4, 7, 4, 2], 7) = 16806
N([6, 4, 7, 4, 3], 7) = 16806
N([6, 4, 7, 4, 4], 7) = 16806
N([6, 4, 7, 4, 5], 7) = 16806
N([6, 4, 7, 4, 6], 7) = 16806
N([6, 4, 7, 4, 7], 7) = 16806
N([6, 4, 7, 5, 1], 7) = 16806
N([6, 4, 7, 5, 2], 7) = 16806
N([6, 4, 7, 5, 3], 7) = 16806
N([6, 4, 7, 5, 4], 7) = 16806
N([6, 4, 7, 5, 5], 7) = 16806
N([6, 4, 7, 5, 6], 7) = 16806
N([6, 4, 7, 5, 7], 7) = 16806
N([6, 4, 7, 6, 1], 7) = 16806
N([6, 4, 7, 6, 2], 7) = 16806
N([6, 4, 7, 6, 3], 7) = 16806
N([6, 4, 7, 6, 4], 7) = 16806
N([6, 4, 7, 6, 5], 7) = 16806
N([6, 4, 7, 6, 6], 7) = 16806
N([6, 4, 7, 6, 7], 7) = 16806
N([6, 4, 7, 7, 1], 7) = 16806
N([6, 4, 7, 7, 2], 7) = 16806
N([6, 4, 7, 7, 3], 7) = 16806
N([6, 4, 7, 7, 4], 7) = 16806
N([6, 4, 7, 7, 5], 7) = 16806
N([6, 4, 7, 7, 6], 7) = 16806
N([6, 4, 7, 7, 7], 7) = 16806
N([6, 5, 1, 1, 1], 7) = 16806
N([6, 5, 1, 1, 2], 7) = 16806
N([6, 5, 1, 1, 3], 7) = 16806
N([6, 5, 1, 1, 4], 7) = 16806
N([6, 5, 1, 1, 5], 7) = 16806
N([6, 5, 1, 1, 6], 7) = 16806
N([6, 5, 1, 1, 7], 7) = 16806
N([6, 5, 1, 2, 1], 7) = 16806
N([6, 5, 1, 2, 2], 7) = 16806
N([6, 5, 1, 2, 3], 7) = 16806
N([6, 5, 1, 2, 4], 7) = 16806
N([6, 5, 1, 2, 5], 7) = 16806
N([6, 5, 1, 2, 6], 7) = 16806
N([6, 5, 1, 2, 7], 7) = 16806
N([6, 5, 1, 3, 1], 7) = 16806
N([6, 5, 1, 3, 2], 7) = 16806
N([6, 5, 1, 3, 3], 7) = 16806
N([6, 5, 1, 3, 4], 7) = 16806
N([6, 5, 1, 3, 5], 7) = 16806
N([6, 5, 1, 3, 6], 7) = 16806
N([6, 5, 1, 3, 7], 7) = 16806
N([6, 5, 1, 4, 1], 7) = 16806
N([6, 5, 1, 4, 2], 7) = 16806
N([6, 5, 1, 4, 3], 7) = 16806
N([6, 5, 1, 4, 4], 7) = 16806
N([6, 5, 1, 4, 5], 7) = 16806
N([6, 5, 1, 4, 6], 7) = 16806
N([6, 5, 1, 4, 7], 7) = 16806
N([6, 5, 1, 5, 1], 7) = 16806
N([6, 5, 1, 5, 2], 7) = 16806
N([6, 5, 1, 5, 3], 7) = 16806
N([6, 5, 1, 5, 4], 7) = 16806
N([6, 5, 1, 5, 5], 7) = 16806
N([6, 5, 1, 5, 6], 7) = 16806
N([6, 5, 1, 5, 7], 7) = 16806
N([6, 5, 1, 6, 1], 7) = 16806
N([6, 5, 1, 6, 2], 7) = 16806
N([6, 5, 1, 6, 3], 7) = 16806
N([6, 5, 1, 6, 4], 7) = 16806
N([6, 5, 1, 6, 5], 7) = 16806
N([6, 5, 1, 6, 6], 7) = 16806
N([6, 5, 1, 6, 7], 7) = 16806
N([6, 5, 1, 7, 1], 7) = 16806
N([6, 5, 1, 7, 2], 7) = 16806
N([6, 5, 1, 7, 3], 7) = 16806
N([6, 5, 1, 7, 4], 7) = 16806
N([6, 5, 1, 7, 5], 7) = 16806
N([6, 5, 1, 7, 6], 7) = 16806
N([6, 5, 1, 7, 7], 7) = 16806
N([6, 5, 2, 1, 1], 7) = 16806
N([6, 5, 2, 1, 2], 7) = 16806
N([6, 5, 2, 1, 3], 7) = 16806
N([6, 5, 2, 1, 4], 7) = 16806
N([6, 5, 2, 1, 5], 7) = 16806
N([6, 5, 2, 1, 6], 7) = 16806
N([6, 5, 2, 1, 7], 7) = 16806
N([6, 5, 2, 2, 1], 7) = 16806
N([6, 5, 2, 2, 2], 7) = 16806
N([6, 5, 2, 2, 3], 7) = 16806
N([6, 5, 2, 2, 4], 7) = 16806
N([6, 5, 2, 2, 5], 7) = 16806
N([6, 5, 2, 2, 6], 7) = 16806
N([6, 5, 2, 2, 7], 7) = 16806
N([6, 5, 2, 3, 1], 7) = 16806
N([6, 5, 2, 3, 2], 7) = 16806
N([6, 5, 2, 3, 3], 7) = 16806
N([6, 5, 2, 3, 4], 7) = 16806
N([6, 5, 2, 3, 5], 7) = 16806
N([6, 5, 2, 3, 6], 7) = 16806
N([6, 5, 2, 3, 7], 7) = 16806
N([6, 5, 2, 4, 1], 7) = 16806
N([6, 5, 2, 4, 2], 7) = 16806
N([6, 5, 2, 4, 3], 7) = 16806
N([6, 5, 2, 4, 4], 7) = 16806
N([6, 5, 2, 4, 5], 7) = 16806
N([6, 5, 2, 4, 6], 7) = 16806
N([6, 5, 2, 4, 7], 7) = 16806
N([6, 5, 2, 5, 1], 7) = 16806
N([6, 5, 2, 5, 2], 7) = 16806
N([6, 5, 2, 5, 3], 7) = 16806
N([6, 5, 2, 5, 4], 7) = 16806
N([6, 5, 2, 5, 5], 7) = 16806
N([6, 5, 2, 5, 6], 7) = 16806
N([6, 5, 2, 5, 7], 7) = 16806
N([6, 5, 2, 6, 1], 7) = 16806
N([6, 5, 2, 6, 2], 7) = 16806
N([6, 5, 2, 6, 3], 7) = 16806
N([6, 5, 2, 6, 4], 7) = 16806
N([6, 5, 2, 6, 5], 7) = 16806
N([6, 5, 2, 6, 6], 7) = 16806
N([6, 5, 2, 6, 7], 7) = 16806
N([6, 5, 2, 7, 1], 7) = 16806
N([6, 5, 2, 7, 2], 7) = 16806
N([6, 5, 2, 7, 3], 7) = 16806
N([6, 5, 2, 7, 4], 7) = 16806
N([6, 5, 2, 7, 5], 7) = 16806
N([6, 5, 2, 7, 6], 7) = 16806
N([6, 5, 2, 7, 7], 7) = 16806
N([6, 5, 3, 1, 1], 7) = 16806
N([6, 5, 3, 1, 2], 7) = 16806
N([6, 5, 3, 1, 3], 7) = 16806
N([6, 5, 3, 1, 4], 7) = 16806
N([6, 5, 3, 1, 5], 7) = 16806
N([6, 5, 3, 1, 6], 7) = 16806
N([6, 5, 3, 1, 7], 7) = 16806
N([6, 5, 3, 2, 1], 7) = 16806
N([6, 5, 3, 2, 2], 7) = 16806
N([6, 5, 3, 2, 3], 7) = 16806
N([6, 5, 3, 2, 4], 7) = 16806
N([6, 5, 3, 2, 5], 7) = 16806
N([6, 5, 3, 2, 6], 7) = 16806
N([6, 5, 3, 2, 7], 7) = 16806
N([6, 5, 3, 3, 1], 7) = 16806
N([6, 5, 3, 3, 2], 7) = 16806
N([6, 5, 3, 3, 3], 7) = 16806
N([6, 5, 3, 3, 4], 7) = 16806
N([6, 5, 3, 3, 5], 7) = 16806
N([6, 5, 3, 3, 6], 7) = 16806
N([6, 5, 3, 3, 7], 7) = 16806
N([6, 5, 3, 4, 1], 7) = 16806
N([6, 5, 3, 4, 2], 7) = 16806
N([6, 5, 3, 4, 3], 7) = 16806
N([6, 5, 3, 4, 4], 7) = 16806
N([6, 5, 3, 4, 5], 7) = 16806
N([6, 5, 3, 4, 6], 7) = 16806
N([6, 5, 3, 4, 7], 7) = 16806
N([6, 5, 3, 5, 1], 7) = 16806
N([6, 5, 3, 5, 2], 7) = 16806
N([6, 5, 3, 5, 3], 7) = 16806
N([6, 5, 3, 5, 4], 7) = 16806
N([6, 5, 3, 5, 5], 7) = 16806
N([6, 5, 3, 5, 6], 7) = 16806
N([6, 5, 3, 5, 7], 7) = 16806
N([6, 5, 3, 6, 1], 7) = 16806
N([6, 5, 3, 6, 2], 7) = 16806
N([6, 5, 3, 6, 3], 7) = 16806
N([6, 5, 3, 6, 4], 7) = 16806
N([6, 5, 3, 6, 5], 7) = 16806
N([6, 5, 3, 6, 6], 7) = 16806
N([6, 5, 3, 6, 7], 7) = 16806
N([6, 5, 3, 7, 1], 7) = 16806
N([6, 5, 3, 7, 2], 7) = 16806
N([6, 5, 3, 7, 3], 7) = 16806
N([6, 5, 3, 7, 4], 7) = 16806
N([6, 5, 3, 7, 5], 7) = 16806
N([6, 5, 3, 7, 6], 7) = 16806
N([6, 5, 3, 7, 7], 7) = 16806
N([6, 5, 4, 1, 1], 7) = 16806
N([6, 5, 4, 1, 2], 7) = 16806
N([6, 5, 4, 1, 3], 7) = 16806
N([6, 5, 4, 1, 4], 7) = 16806
N([6, 5, 4, 1, 5], 7) = 16806
N([6, 5, 4, 1, 6], 7) = 16806
N([6, 5, 4, 1, 7], 7) = 16806
N([6, 5, 4, 2, 1], 7) = 16806
N([6, 5, 4, 2, 2], 7) = 16806
N([6, 5, 4, 2, 3], 7) = 16806
N([6, 5, 4, 2, 4], 7) = 16806
N([6, 5, 4, 2, 5], 7) = 16806
N([6, 5, 4, 2, 6], 7) = 16806
N([6, 5, 4, 2, 7], 7) = 16806
N([6, 5, 4, 3, 1], 7) = 16806
N([6, 5, 4, 3, 2], 7) = 16806
N([6, 5, 4, 3, 3], 7) = 16806
N([6, 5, 4, 3, 4], 7) = 16806
N([6, 5, 4, 3, 5], 7) = 16806
N([6, 5, 4, 3, 6], 7) = 16806
N([6, 5, 4, 3, 7], 7) = 16806
N([6, 5, 4, 4, 1], 7) = 16806
N([6, 5, 4, 4, 2], 7) = 16806
N([6, 5, 4, 4, 3], 7) = 16806
N([6, 5, 4, 4, 4], 7) = 16806
N([6, 5, 4, 4, 5], 7) = 16806
N([6, 5, 4, 4, 6], 7) = 16806
N([6, 5, 4, 4, 7], 7) = 16806
N([6, 5, 4, 5, 1], 7) = 16806
N([6, 5, 4, 5, 2], 7) = 16806
N([6, 5, 4, 5, 3], 7) = 16806
N([6, 5, 4, 5, 4], 7) = 16806
N([6, 5, 4, 5, 5], 7) = 16806
N([6, 5, 4, 5, 6], 7) = 16806
N([6, 5, 4, 5, 7], 7) = 16806
N([6, 5, 4, 6, 1], 7) = 16806
N([6, 5, 4, 6, 2], 7) = 16806
N([6, 5, 4, 6, 3], 7) = 16806
N([6, 5, 4, 6, 4], 7) = 16806
N([6, 5, 4, 6, 5], 7) = 16806
N([6, 5, 4, 6, 6], 7) = 16806
N([6, 5, 4, 6, 7], 7) = 16806
N([6, 5, 4, 7, 1], 7) = 16806
N([6, 5, 4, 7, 2], 7) = 16806
N([6, 5, 4, 7, 3], 7) = 16806
N([6, 5, 4, 7, 4], 7) = 16806
N([6, 5, 4, 7, 5], 7) = 16806
N([6, 5, 4, 7, 6], 7) = 16806
N([6, 5, 4, 7, 7], 7) = 16806
N([6, 5, 5, 1, 1], 7) = 16806
N([6, 5, 5, 1, 2], 7) = 16806
N([6, 5, 5, 1, 3], 7) = 16806
N([6, 5, 5, 1, 4], 7) = 16806
N([6, 5, 5, 1, 5], 7) = 16806
N([6, 5, 5, 1, 6], 7) = 16806
N([6, 5, 5, 1, 7], 7) = 16806
N([6, 5, 5, 2, 1], 7) = 16806
N([6, 5, 5, 2, 2], 7) = 16806
N([6, 5, 5, 2, 3], 7) = 16806
N([6, 5, 5, 2, 4], 7) = 16806
N([6, 5, 5, 2, 5], 7) = 16806
N([6, 5, 5, 2, 6], 7) = 16806
N([6, 5, 5, 2, 7], 7) = 16806
N([6, 5, 5, 3, 1], 7) = 16806
N([6, 5, 5, 3, 2], 7) = 16806
N([6, 5, 5, 3, 3], 7) = 16806
N([6, 5, 5, 3, 4], 7) = 16806
N([6, 5, 5, 3, 5], 7) = 16806
N([6, 5, 5, 3, 6], 7) = 16806
N([6, 5, 5, 3, 7], 7) = 16806
N([6, 5, 5, 4, 1], 7) = 16806
N([6, 5, 5, 4, 2], 7) = 16806
N([6, 5, 5, 4, 3], 7) = 16806
N([6, 5, 5, 4, 4], 7) = 16806
N([6, 5, 5, 4, 5], 7) = 16806
N([6, 5, 5, 4, 6], 7) = 16806
N([6, 5, 5, 4, 7], 7) = 16806
N([6, 5, 5, 5, 1], 7) = 16806
N([6, 5, 5, 5, 2], 7) = 16806
N([6, 5, 5, 5, 3], 7) = 16806
N([6, 5, 5, 5, 4], 7) = 16806
N([6, 5, 5, 5, 5], 7) = 16806
N([6, 5, 5, 5, 6], 7) = 16806
N([6, 5, 5, 5, 7], 7) = 16806
N([6, 5, 5, 6, 1], 7) = 16806
N([6, 5, 5, 6, 2], 7) = 16806
N([6, 5, 5, 6, 3], 7) = 16806
N([6, 5, 5, 6, 4], 7) = 16806
N([6, 5, 5, 6, 5], 7) = 16806
N([6, 5, 5, 6, 6], 7) = 16806
N([6, 5, 5, 6, 7], 7) = 16806
N([6, 5, 5, 7, 1], 7) = 16806
N([6, 5, 5, 7, 2], 7) = 16806
N([6, 5, 5, 7, 3], 7) = 16806
N([6, 5, 5, 7, 4], 7) = 16806
N([6, 5, 5, 7, 5], 7) = 16806
N([6, 5, 5, 7, 6], 7) = 16806
N([6, 5, 5, 7, 7], 7) = 16806
N([6, 5, 6, 1, 1], 7) = 16806
N([6, 5, 6, 1, 2], 7) = 16806
N([6, 5, 6, 1, 3], 7) = 16806
N([6, 5, 6, 1, 4], 7) = 16806
N([6, 5, 6, 1, 5], 7) = 16806
N([6, 5, 6, 1, 6], 7) = 16806
N([6, 5, 6, 1, 7], 7) = 16806
N([6, 5, 6, 2, 1], 7) = 16806
N([6, 5, 6, 2, 2], 7) = 16806
N([6, 5, 6, 2, 3], 7) = 16806
N([6, 5, 6, 2, 4], 7) = 16806
N([6, 5, 6, 2, 5], 7) = 16806
N([6, 5, 6, 2, 6], 7) = 16806
N([6, 5, 6, 2, 7], 7) = 16806
N([6, 5, 6, 3, 1], 7) = 16806
N([6, 5, 6, 3, 2], 7) = 16806
N([6, 5, 6, 3, 3], 7) = 16806
N([6, 5, 6, 3, 4], 7) = 16806
N([6, 5, 6, 3, 5], 7) = 16806
N([6, 5, 6, 3, 6], 7) = 16806
N([6, 5, 6, 3, 7], 7) = 16806
N([6, 5, 6, 4, 1], 7) = 16806
N([6, 5, 6, 4, 2], 7) = 16806
N([6, 5, 6, 4, 3], 7) = 16806
N([6, 5, 6, 4, 4], 7) = 16806
N([6, 5, 6, 4, 5], 7) = 16806
N([6, 5, 6, 4, 6], 7) = 16806
N([6, 5, 6, 4, 7], 7) = 16806
N([6, 5, 6, 5, 1], 7) = 16806
N([6, 5, 6, 5, 2], 7) = 16806
N([6, 5, 6, 5, 3], 7) = 16806
N([6, 5, 6, 5, 4], 7) = 16806
N([6, 5, 6, 5, 5], 7) = 16806
N([6, 5, 6, 5, 6], 7) = 16806
N([6, 5, 6, 5, 7], 7) = 16806
N([6, 5, 6, 6, 1], 7) = 16806
N([6, 5, 6, 6, 2], 7) = 16806
N([6, 5, 6, 6, 3], 7) = 16806
N([6, 5, 6, 6, 4], 7) = 16806
N([6, 5, 6, 6, 5], 7) = 16806
N([6, 5, 6, 6, 6], 7) = 16806
N([6, 5, 6, 6, 7], 7) = 16806
N([6, 5, 6, 7, 1], 7) = 16806
N([6, 5, 6, 7, 2], 7) = 16806
N([6, 5, 6, 7, 3], 7) = 16806
N([6, 5, 6, 7, 4], 7) = 16806
N([6, 5, 6, 7, 5], 7) = 16806
N([6, 5, 6, 7, 6], 7) = 16806
N([6, 5, 6, 7, 7], 7) = 16806
N([6, 5, 7, 1, 1], 7) = 16806
N([6, 5, 7, 1, 2], 7) = 16806
N([6, 5, 7, 1, 3], 7) = 16806
N([6, 5, 7, 1, 4], 7) = 16806
N([6, 5, 7, 1, 5], 7) = 16806
N([6, 5, 7, 1, 6], 7) = 16806
N([6, 5, 7, 1, 7], 7) = 16806
N([6, 5, 7, 2, 1], 7) = 16806
N([6, 5, 7, 2, 2], 7) = 16806
N([6, 5, 7, 2, 3], 7) = 16806
N([6, 5, 7, 2, 4], 7) = 16806
N([6, 5, 7, 2, 5], 7) = 16806
N([6, 5, 7, 2, 6], 7) = 16806
N([6, 5, 7, 2, 7], 7) = 16806
N([6, 5, 7, 3, 1], 7) = 16806
N([6, 5, 7, 3, 2], 7) = 16806
N([6, 5, 7, 3, 3], 7) = 16806
N([6, 5, 7, 3, 4], 7) = 16806
N([6, 5, 7, 3, 5], 7) = 16806
N([6, 5, 7, 3, 6], 7) = 16806
N([6, 5, 7, 3, 7], 7) = 16806
N([6, 5, 7, 4, 1], 7) = 16806
N([6, 5, 7, 4, 2], 7) = 16806
N([6, 5, 7, 4, 3], 7) = 16806
N([6, 5, 7, 4, 4], 7) = 16806
N([6, 5, 7, 4, 5], 7) = 16806
N([6, 5, 7, 4, 6], 7) = 16806
N([6, 5, 7, 4, 7], 7) = 16806
N([6, 5, 7, 5, 1], 7) = 16806
N([6, 5, 7, 5, 2], 7) = 16806
N([6, 5, 7, 5, 3], 7) = 16806
N([6, 5, 7, 5, 4], 7) = 16806
N([6, 5, 7, 5, 5], 7) = 16806
N([6, 5, 7, 5, 6], 7) = 16806
N([6, 5, 7, 5, 7], 7) = 16806
N([6, 5, 7, 6, 1], 7) = 16806
N([6, 5, 7, 6, 2], 7) = 16806
N([6, 5, 7, 6, 3], 7) = 16806
N([6, 5, 7, 6, 4], 7) = 16806
N([6, 5, 7, 6, 5], 7) = 16806
N([6, 5, 7, 6, 6], 7) = 16806
N([6, 5, 7, 6, 7], 7) = 16806
N([6, 5, 7, 7, 1], 7) = 16806
N([6, 5, 7, 7, 2], 7) = 16806
N([6, 5, 7, 7, 3], 7) = 16806
N([6, 5, 7, 7, 4], 7) = 16806
N([6, 5, 7, 7, 5], 7) = 16806
N([6, 5, 7, 7, 6], 7) = 16806
N([6, 5, 7, 7, 7], 7) = 16806
N([6, 6, 1, 1, 1], 7) = 16806
N([6, 6, 1, 1, 2], 7) = 16806
N([6, 6, 1, 1, 3], 7) = 16806
N([6, 6, 1, 1, 4], 7) = 16806
N([6, 6, 1, 1, 5], 7) = 16806
N([6, 6, 1, 1, 6], 7) = 16806
N([6, 6, 1, 1, 7], 7) = 16806
N([6, 6, 1, 2, 1], 7) = 16806
N([6, 6, 1, 2, 2], 7) = 16806
N([6, 6, 1, 2, 3], 7) = 16806
N([6, 6, 1, 2, 4], 7) = 16806
N([6, 6, 1, 2, 5], 7) = 16806
N([6, 6, 1, 2, 6], 7) = 16806
N([6, 6, 1, 2, 7], 7) = 16806
N([6, 6, 1, 3, 1], 7) = 16806
N([6, 6, 1, 3, 2], 7) = 16806
N([6, 6, 1, 3, 3], 7) = 16806
N([6, 6, 1, 3, 4], 7) = 16806
N([6, 6, 1, 3, 5], 7) = 16806
N([6, 6, 1, 3, 6], 7) = 16806
N([6, 6, 1, 3, 7], 7) = 16806
N([6, 6, 1, 4, 1], 7) = 16806
N([6, 6, 1, 4, 2], 7) = 16806
N([6, 6, 1, 4, 3], 7) = 16806
N([6, 6, 1, 4, 4], 7) = 16806
N([6, 6, 1, 4, 5], 7) = 16806
N([6, 6, 1, 4, 6], 7) = 16806
N([6, 6, 1, 4, 7], 7) = 16806
N([6, 6, 1, 5, 1], 7) = 16806
N([6, 6, 1, 5, 2], 7) = 16806
N([6, 6, 1, 5, 3], 7) = 16806
N([6, 6, 1, 5, 4], 7) = 16806
N([6, 6, 1, 5, 5], 7) = 16806
N([6, 6, 1, 5, 6], 7) = 16806
N([6, 6, 1, 5, 7], 7) = 16806
N([6, 6, 1, 6, 1], 7) = 16806
N([6, 6, 1, 6, 2], 7) = 16806
N([6, 6, 1, 6, 3], 7) = 16806
N([6, 6, 1, 6, 4], 7) = 16806
N([6, 6, 1, 6, 5], 7) = 16806
N([6, 6, 1, 6, 6], 7) = 16806
N([6, 6, 1, 6, 7], 7) = 16806
N([6, 6, 1, 7, 1], 7) = 16806
N([6, 6, 1, 7, 2], 7) = 16806
N([6, 6, 1, 7, 3], 7) = 16806
N([6, 6, 1, 7, 4], 7) = 16806
N([6, 6, 1, 7, 5], 7) = 16806
N([6, 6, 1, 7, 6], 7) = 16806
N([6, 6, 1, 7, 7], 7) = 16806
N([6, 6, 2, 1, 1], 7) = 16806
N([6, 6, 2, 1, 2], 7) = 16806
N([6, 6, 2, 1, 3], 7) = 16806
N([6, 6, 2, 1, 4], 7) = 16806
N([6, 6, 2, 1, 5], 7) = 16806
N([6, 6, 2, 1, 6], 7) = 16806
N([6, 6, 2, 1, 7], 7) = 16806
N([6, 6, 2, 2, 1], 7) = 16806
N([6, 6, 2, 2, 2], 7) = 16806
N([6, 6, 2, 2, 3], 7) = 16806
N([6, 6, 2, 2, 4], 7) = 16806
N([6, 6, 2, 2, 5], 7) = 16806
N([6, 6, 2, 2, 6], 7) = 16806
N([6, 6, 2, 2, 7], 7) = 16806
N([6, 6, 2, 3, 1], 7) = 16806
N([6, 6, 2, 3, 2], 7) = 16806
N([6, 6, 2, 3, 3], 7) = 16806
N([6, 6, 2, 3, 4], 7) = 16806
N([6, 6, 2, 3, 5], 7) = 16806
N([6, 6, 2, 3, 6], 7) = 16806
N([6, 6, 2, 3, 7], 7) = 16806
N([6, 6, 2, 4, 1], 7) = 16806
N([6, 6, 2, 4, 2], 7) = 16806
N([6, 6, 2, 4, 3], 7) = 16806
N([6, 6, 2, 4, 4], 7) = 16806
N([6, 6, 2, 4, 5], 7) = 16806
N([6, 6, 2, 4, 6], 7) = 16806
N([6, 6, 2, 4, 7], 7) = 16806
N([6, 6, 2, 5, 1], 7) = 16806
N([6, 6, 2, 5, 2], 7) = 16806
N([6, 6, 2, 5, 3], 7) = 16806
N([6, 6, 2, 5, 4], 7) = 16806
N([6, 6, 2, 5, 5], 7) = 16806
N([6, 6, 2, 5, 6], 7) = 16806
N([6, 6, 2, 5, 7], 7) = 16806
N([6, 6, 2, 6, 1], 7) = 16806
N([6, 6, 2, 6, 2], 7) = 16806
N([6, 6, 2, 6, 3], 7) = 16806
N([6, 6, 2, 6, 4], 7) = 16806
N([6, 6, 2, 6, 5], 7) = 16806
N([6, 6, 2, 6, 6], 7) = 16806
N([6, 6, 2, 6, 7], 7) = 16806
N([6, 6, 2, 7, 1], 7) = 16806
N([6, 6, 2, 7, 2], 7) = 16806
N([6, 6, 2, 7, 3], 7) = 16806
N([6, 6, 2, 7, 4], 7) = 16806
N([6, 6, 2, 7, 5], 7) = 16806
N([6, 6, 2, 7, 6], 7) = 16806
N([6, 6, 2, 7, 7], 7) = 16806
N([6, 6, 3, 1, 1], 7) = 16806
N([6, 6, 3, 1, 2], 7) = 16806
N([6, 6, 3, 1, 3], 7) = 16806
N([6, 6, 3, 1, 4], 7) = 16806
N([6, 6, 3, 1, 5], 7) = 16806
N([6, 6, 3, 1, 6], 7) = 16806
N([6, 6, 3, 1, 7], 7) = 16806
N([6, 6, 3, 2, 1], 7) = 16806
N([6, 6, 3, 2, 2], 7) = 16806
N([6, 6, 3, 2, 3], 7) = 16806
N([6, 6, 3, 2, 4], 7) = 16806
N([6, 6, 3, 2, 5], 7) = 16806
N([6, 6, 3, 2, 6], 7) = 16806
N([6, 6, 3, 2, 7], 7) = 16806
N([6, 6, 3, 3, 1], 7) = 16806
N([6, 6, 3, 3, 2], 7) = 16806
N([6, 6, 3, 3, 3], 7) = 16806
N([6, 6, 3, 3, 4], 7) = 16806
N([6, 6, 3, 3, 5], 7) = 16806
N([6, 6, 3, 3, 6], 7) = 16806
N([6, 6, 3, 3, 7], 7) = 16806
N([6, 6, 3, 4, 1], 7) = 16806
N([6, 6, 3, 4, 2], 7) = 16806
N([6, 6, 3, 4, 3], 7) = 16806
N([6, 6, 3, 4, 4], 7) = 16806
N([6, 6, 3, 4, 5], 7) = 16806
N([6, 6, 3, 4, 6], 7) = 16806
N([6, 6, 3, 4, 7], 7) = 16806
N([6, 6, 3, 5, 1], 7) = 16806
N([6, 6, 3, 5, 2], 7) = 16806
N([6, 6, 3, 5, 3], 7) = 16806
N([6, 6, 3, 5, 4], 7) = 16806
N([6, 6, 3, 5, 5], 7) = 16806
N([6, 6, 3, 5, 6], 7) = 16806
N([6, 6, 3, 5, 7], 7) = 16806
N([6, 6, 3, 6, 1], 7) = 16806
N([6, 6, 3, 6, 2], 7) = 16806
N([6, 6, 3, 6, 3], 7) = 16806
N([6, 6, 3, 6, 4], 7) = 16806
N([6, 6, 3, 6, 5], 7) = 16806
N([6, 6, 3, 6, 6], 7) = 16806
N([6, 6, 3, 6, 7], 7) = 16806
N([6, 6, 3, 7, 1], 7) = 16806
N([6, 6, 3, 7, 2], 7) = 16806
N([6, 6, 3, 7, 3], 7) = 16806
N([6, 6, 3, 7, 4], 7) = 16806
N([6, 6, 3, 7, 5], 7) = 16806
N([6, 6, 3, 7, 6], 7) = 16806
N([6, 6, 3, 7, 7], 7) = 16806
N([6, 6, 4, 1, 1], 7) = 16806
N([6, 6, 4, 1, 2], 7) = 16806
N([6, 6, 4, 1, 3], 7) = 16806
N([6, 6, 4, 1, 4], 7) = 16806
N([6, 6, 4, 1, 5], 7) = 16806
N([6, 6, 4, 1, 6], 7) = 16806
N([6, 6, 4, 1, 7], 7) = 16806
N([6, 6, 4, 2, 1], 7) = 16806
N([6, 6, 4, 2, 2], 7) = 16806
N([6, 6, 4, 2, 3], 7) = 16806
N([6, 6, 4, 2, 4], 7) = 16806
N([6, 6, 4, 2, 5], 7) = 16806
N([6, 6, 4, 2, 6], 7) = 16806
N([6, 6, 4, 2, 7], 7) = 16806
N([6, 6, 4, 3, 1], 7) = 16806
N([6, 6, 4, 3, 2], 7) = 16806
N([6, 6, 4, 3, 3], 7) = 16806
N([6, 6, 4, 3, 4], 7) = 16806
N([6, 6, 4, 3, 5], 7) = 16806
N([6, 6, 4, 3, 6], 7) = 16806
N([6, 6, 4, 3, 7], 7) = 16806
N([6, 6, 4, 4, 1], 7) = 16806
N([6, 6, 4, 4, 2], 7) = 16806
N([6, 6, 4, 4, 3], 7) = 16806
N([6, 6, 4, 4, 4], 7) = 16806
N([6, 6, 4, 4, 5], 7) = 16806
N([6, 6, 4, 4, 6], 7) = 16806
N([6, 6, 4, 4, 7], 7) = 16806
N([6, 6, 4, 5, 1], 7) = 16806
N([6, 6, 4, 5, 2], 7) = 16806
N([6, 6, 4, 5, 3], 7) = 16806
N([6, 6, 4, 5, 4], 7) = 16806
N([6, 6, 4, 5, 5], 7) = 16806
N([6, 6, 4, 5, 6], 7) = 16806
N([6, 6, 4, 5, 7], 7) = 16806
N([6, 6, 4, 6, 1], 7) = 16806
N([6, 6, 4, 6, 2], 7) = 16806
N([6, 6, 4, 6, 3], 7) = 16806
N([6, 6, 4, 6, 4], 7) = 16806
N([6, 6, 4, 6, 5], 7) = 16806
N([6, 6, 4, 6, 6], 7) = 16806
N([6, 6, 4, 6, 7], 7) = 16806
N([6, 6, 4, 7, 1], 7) = 16806
N([6, 6, 4, 7, 2], 7) = 16806
N([6, 6, 4, 7, 3], 7) = 16806
N([6, 6, 4, 7, 4], 7) = 16806
N([6, 6, 4, 7, 5], 7) = 16806
N([6, 6, 4, 7, 6], 7) = 16806
N([6, 6, 4, 7, 7], 7) = 16806
N([6, 6, 5, 1, 1], 7) = 16806
N([6, 6, 5, 1, 2], 7) = 16806
N([6, 6, 5, 1, 3], 7) = 16806
N([6, 6, 5, 1, 4], 7) = 16806
N([6, 6, 5, 1, 5], 7) = 16806
N([6, 6, 5, 1, 6], 7) = 16806
N([6, 6, 5, 1, 7], 7) = 16806
N([6, 6, 5, 2, 1], 7) = 16806
N([6, 6, 5, 2, 2], 7) = 16806
N([6, 6, 5, 2, 3], 7) = 16806
N([6, 6, 5, 2, 4], 7) = 16806
N([6, 6, 5, 2, 5], 7) = 16806
N([6, 6, 5, 2, 6], 7) = 16806
N([6, 6, 5, 2, 7], 7) = 16806
N([6, 6, 5, 3, 1], 7) = 16806
N([6, 6, 5, 3, 2], 7) = 16806
N([6, 6, 5, 3, 3], 7) = 16806
N([6, 6, 5, 3, 4], 7) = 16806
N([6, 6, 5, 3, 5], 7) = 16806
N([6, 6, 5, 3, 6], 7) = 16806
N([6, 6, 5, 3, 7], 7) = 16806
N([6, 6, 5, 4, 1], 7) = 16806
N([6, 6, 5, 4, 2], 7) = 16806
N([6, 6, 5, 4, 3], 7) = 16806
N([6, 6, 5, 4, 4], 7) = 16806
N([6, 6, 5, 4, 5], 7) = 16806
N([6, 6, 5, 4, 6], 7) = 16806
N([6, 6, 5, 4, 7], 7) = 16806
N([6, 6, 5, 5, 1], 7) = 16806
N([6, 6, 5, 5, 2], 7) = 16806
N([6, 6, 5, 5, 3], 7) = 16806
N([6, 6, 5, 5, 4], 7) = 16806
N([6, 6, 5, 5, 5], 7) = 16806
N([6, 6, 5, 5, 6], 7) = 16806
N([6, 6, 5, 5, 7], 7) = 16806
N([6, 6, 5, 6, 1], 7) = 16806
N([6, 6, 5, 6, 2], 7) = 16806
N([6, 6, 5, 6, 3], 7) = 16806
N([6, 6, 5, 6, 4], 7) = 16806
N([6, 6, 5, 6, 5], 7) = 16806
N([6, 6, 5, 6, 6], 7) = 16806
N([6, 6, 5, 6, 7], 7) = 16806
N([6, 6, 5, 7, 1], 7) = 16806
N([6, 6, 5, 7, 2], 7) = 16806
N([6, 6, 5, 7, 3], 7) = 16806
N([6, 6, 5, 7, 4], 7) = 16806
N([6, 6, 5, 7, 5], 7) = 16806
N([6, 6, 5, 7, 6], 7) = 16806
N([6, 6, 5, 7, 7], 7) = 16806
N([6, 6, 6, 1, 1], 7) = 16806
N([6, 6, 6, 1, 2], 7) = 16806
N([6, 6, 6, 1, 3], 7) = 16806
N([6, 6, 6, 1, 4], 7) = 16806
N([6, 6, 6, 1, 5], 7) = 16806
N([6, 6, 6, 1, 6], 7) = 16806
N([6, 6, 6, 1, 7], 7) = 16806
N([6, 6, 6, 2, 1], 7) = 16806
N([6, 6, 6, 2, 2], 7) = 16806
N([6, 6, 6, 2, 3], 7) = 16806
N([6, 6, 6, 2, 4], 7) = 16806
N([6, 6, 6, 2, 5], 7) = 16806
N([6, 6, 6, 2, 6], 7) = 16806
N([6, 6, 6, 2, 7], 7) = 16806
N([6, 6, 6, 3, 1], 7) = 16806
N([6, 6, 6, 3, 2], 7) = 16806
N([6, 6, 6, 3, 3], 7) = 16806
N([6, 6, 6, 3, 4], 7) = 16806
N([6, 6, 6, 3, 5], 7) = 16806
N([6, 6, 6, 3, 6], 7) = 16806
N([6, 6, 6, 3, 7], 7) = 16806
N([6, 6, 6, 4, 1], 7) = 16806
N([6, 6, 6, 4, 2], 7) = 16806
N([6, 6, 6, 4, 3], 7) = 16806
N([6, 6, 6, 4, 4], 7) = 16806
N([6, 6, 6, 4, 5], 7) = 16806
N([6, 6, 6, 4, 6], 7) = 16806
N([6, 6, 6, 4, 7], 7) = 16806
N([6, 6, 6, 5, 1], 7) = 16806
N([6, 6, 6, 5, 2], 7) = 16806
N([6, 6, 6, 5, 3], 7) = 16806
N([6, 6, 6, 5, 4], 7) = 16806
N([6, 6, 6, 5, 5], 7) = 16806
N([6, 6, 6, 5, 6], 7) = 16806
N([6, 6, 6, 5, 7], 7) = 16806
N([6, 6, 6, 6, 1], 7) = 16806
N([6, 6, 6, 6, 2], 7) = 16806
N([6, 6, 6, 6, 3], 7) = 16806
N([6, 6, 6, 6, 4], 7) = 16806
N([6, 6, 6, 6, 5], 7) = 16806
N([6, 6, 6, 6, 6], 7) = 16806
N([6, 6, 6, 6, 7], 7) = 16806
N([6, 6, 6, 7, 1], 7) = 16806
N([6, 6, 6, 7, 2], 7) = 16806
N([6, 6, 6, 7, 3], 7) = 16806
N([6, 6, 6, 7, 4], 7) = 16806
N([6, 6, 6, 7, 5], 7) = 16806
N([6, 6, 6, 7, 6], 7) = 16806
N([6, 6, 6, 7, 7], 7) = 16806
N([6, 6, 7, 1, 1], 7) = 16806
N([6, 6, 7, 1, 2], 7) = 16806
N([6, 6, 7, 1, 3], 7) = 16806
N([6, 6, 7, 1, 4], 7) = 16806
N([6, 6, 7, 1, 5], 7) = 16806
N([6, 6, 7, 1, 6], 7) = 16806
N([6, 6, 7, 1, 7], 7) = 16806
N([6, 6, 7, 2, 1], 7) = 16806
N([6, 6, 7, 2, 2], 7) = 16806
N([6, 6, 7, 2, 3], 7) = 16806
N([6, 6, 7, 2, 4], 7) = 16806
N([6, 6, 7, 2, 5], 7) = 16806
N([6, 6, 7, 2, 6], 7) = 16806
N([6, 6, 7, 2, 7], 7) = 16806
N([6, 6, 7, 3, 1], 7) = 16806
N([6, 6, 7, 3, 2], 7) = 16806
N([6, 6, 7, 3, 3], 7) = 16806
N([6, 6, 7, 3, 4], 7) = 16806
N([6, 6, 7, 3, 5], 7) = 16806
N([6, 6, 7, 3, 6], 7) = 16806
N([6, 6, 7, 3, 7], 7) = 16806
N([6, 6, 7, 4, 1], 7) = 16806
N([6, 6, 7, 4, 2], 7) = 16806
N([6, 6, 7, 4, 3], 7) = 16806
N([6, 6, 7, 4, 4], 7) = 16806
N([6, 6, 7, 4, 5], 7) = 16806
N([6, 6, 7, 4, 6], 7) = 16806
N([6, 6, 7, 4, 7], 7) = 16806
N([6, 6, 7, 5, 1], 7) = 16806
N([6, 6, 7, 5, 2], 7) = 16806
N([6, 6, 7, 5, 3], 7) = 16806
N([6, 6, 7, 5, 4], 7) = 16806
N([6, 6, 7, 5, 5], 7) = 16806
N([6, 6, 7, 5, 6], 7) = 16806
N([6, 6, 7, 5, 7], 7) = 16806
N([6, 6, 7, 6, 1], 7) = 16806
N([6, 6, 7, 6, 2], 7) = 16806
N([6, 6, 7, 6, 3], 7) = 16806
N([6, 6, 7, 6, 4], 7) = 16806
N([6, 6, 7, 6, 5], 7) = 16806
N([6, 6, 7, 6, 6], 7) = 16806
N([6, 6, 7, 6, 7], 7) = 16806
N([6, 6, 7, 7, 1], 7) = 16806
N([6, 6, 7, 7, 2], 7) = 16806
N([6, 6, 7, 7, 3], 7) = 16806
N([6, 6, 7, 7, 4], 7) = 16806
N([6, 6, 7, 7, 5], 7) = 16806
N([6, 6, 7, 7, 6], 7) = 16806
N([6, 6, 7, 7, 7], 7) = 16806
N([6, 7, 1, 1, 1], 7) = 16806
N([6, 7, 1, 1, 2], 7) = 16806
N([6, 7, 1, 1, 3], 7) = 16806
N([6, 7, 1, 1, 4], 7) = 16806
N([6, 7, 1, 1, 5], 7) = 16806
N([6, 7, 1, 1, 6], 7) = 16806
N([6, 7, 1, 1, 7], 7) = 16806
N([6, 7, 1, 2, 1], 7) = 16806
N([6, 7, 1, 2, 2], 7) = 16806
N([6, 7, 1, 2, 3], 7) = 16806
N([6, 7, 1, 2, 4], 7) = 16806
N([6, 7, 1, 2, 5], 7) = 16806
N([6, 7, 1, 2, 6], 7) = 16806
N([6, 7, 1, 2, 7], 7) = 16806
N([6, 7, 1, 3, 1], 7) = 16806
N([6, 7, 1, 3, 2], 7) = 16806
N([6, 7, 1, 3, 3], 7) = 16806
N([6, 7, 1, 3, 4], 7) = 16806
N([6, 7, 1, 3, 5], 7) = 16806
N([6, 7, 1, 3, 6], 7) = 16806
N([6, 7, 1, 3, 7], 7) = 16806
N([6, 7, 1, 4, 1], 7) = 16806
N([6, 7, 1, 4, 2], 7) = 16806
N([6, 7, 1, 4, 3], 7) = 16806
N([6, 7, 1, 4, 4], 7) = 16806
N([6, 7, 1, 4, 5], 7) = 16806
N([6, 7, 1, 4, 6], 7) = 16806
N([6, 7, 1, 4, 7], 7) = 16806
N([6, 7, 1, 5, 1], 7) = 16806
N([6, 7, 1, 5, 2], 7) = 16806
N([6, 7, 1, 5, 3], 7) = 16806
N([6, 7, 1, 5, 4], 7) = 16806
N([6, 7, 1, 5, 5], 7) = 16806
N([6, 7, 1, 5, 6], 7) = 16806
N([6, 7, 1, 5, 7], 7) = 16806
N([6, 7, 1, 6, 1], 7) = 16806
N([6, 7, 1, 6, 2], 7) = 16806
N([6, 7, 1, 6, 3], 7) = 16806
N([6, 7, 1, 6, 4], 7) = 16806
N([6, 7, 1, 6, 5], 7) = 16806
N([6, 7, 1, 6, 6], 7) = 16806
N([6, 7, 1, 6, 7], 7) = 16806
N([6, 7, 1, 7, 1], 7) = 16806
N([6, 7, 1, 7, 2], 7) = 16806
N([6, 7, 1, 7, 3], 7) = 16806
N([6, 7, 1, 7, 4], 7) = 16806
N([6, 7, 1, 7, 5], 7) = 16806
N([6, 7, 1, 7, 6], 7) = 16806
N([6, 7, 1, 7, 7], 7) = 16806
N([6, 7, 2, 1, 1], 7) = 16806
N([6, 7, 2, 1, 2], 7) = 16806
N([6, 7, 2, 1, 3], 7) = 16806
N([6, 7, 2, 1, 4], 7) = 16806
N([6, 7, 2, 1, 5], 7) = 16806
N([6, 7, 2, 1, 6], 7) = 16806
N([6, 7, 2, 1, 7], 7) = 16806
N([6, 7, 2, 2, 1], 7) = 16806
N([6, 7, 2, 2, 2], 7) = 16806
N([6, 7, 2, 2, 3], 7) = 16806
N([6, 7, 2, 2, 4], 7) = 16806
N([6, 7, 2, 2, 5], 7) = 16806
N([6, 7, 2, 2, 6], 7) = 16806
N([6, 7, 2, 2, 7], 7) = 16806
N([6, 7, 2, 3, 1], 7) = 16806
N([6, 7, 2, 3, 2], 7) = 16806
N([6, 7, 2, 3, 3], 7) = 16806
N([6, 7, 2, 3, 4], 7) = 16806
N([6, 7, 2, 3, 5], 7) = 16806
N([6, 7, 2, 3, 6], 7) = 16806
N([6, 7, 2, 3, 7], 7) = 16806
N([6, 7, 2, 4, 1], 7) = 16806
N([6, 7, 2, 4, 2], 7) = 16806
N([6, 7, 2, 4, 3], 7) = 16806
N([6, 7, 2, 4, 4], 7) = 16806
N([6, 7, 2, 4, 5], 7) = 16806
N([6, 7, 2, 4, 6], 7) = 16806
N([6, 7, 2, 4, 7], 7) = 16806
N([6, 7, 2, 5, 1], 7) = 16806
N([6, 7, 2, 5, 2], 7) = 16806
N([6, 7, 2, 5, 3], 7) = 16806
N([6, 7, 2, 5, 4], 7) = 16806
N([6, 7, 2, 5, 5], 7) = 16806
N([6, 7, 2, 5, 6], 7) = 16806
N([6, 7, 2, 5, 7], 7) = 16806
N([6, 7, 2, 6, 1], 7) = 16806
N([6, 7, 2, 6, 2], 7) = 16806
N([6, 7, 2, 6, 3], 7) = 16806
N([6, 7, 2, 6, 4], 7) = 16806
N([6, 7, 2, 6, 5], 7) = 16806
N([6, 7, 2, 6, 6], 7) = 16806
N([6, 7, 2, 6, 7], 7) = 16806
N([6, 7, 2, 7, 1], 7) = 16806
N([6, 7, 2, 7, 2], 7) = 16806
N([6, 7, 2, 7, 3], 7) = 16806
N([6, 7, 2, 7, 4], 7) = 16806
N([6, 7, 2, 7, 5], 7) = 16806
N([6, 7, 2, 7, 6], 7) = 16806
N([6, 7, 2, 7, 7], 7) = 16806
N([6, 7, 3, 1, 1], 7) = 16806
N([6, 7, 3, 1, 2], 7) = 16806
N([6, 7, 3, 1, 3], 7) = 16806
N([6, 7, 3, 1, 4], 7) = 16806
N([6, 7, 3, 1, 5], 7) = 16806
N([6, 7, 3, 1, 6], 7) = 16806
N([6, 7, 3, 1, 7], 7) = 16806
N([6, 7, 3, 2, 1], 7) = 16806
N([6, 7, 3, 2, 2], 7) = 16806
N([6, 7, 3, 2, 3], 7) = 16806
N([6, 7, 3, 2, 4], 7) = 16806
N([6, 7, 3, 2, 5], 7) = 16806
N([6, 7, 3, 2, 6], 7) = 16806
N([6, 7, 3, 2, 7], 7) = 16806
N([6, 7, 3, 3, 1], 7) = 16806
N([6, 7, 3, 3, 2], 7) = 16806
N([6, 7, 3, 3, 3], 7) = 16806
N([6, 7, 3, 3, 4], 7) = 16806
N([6, 7, 3, 3, 5], 7) = 16806
N([6, 7, 3, 3, 6], 7) = 16806
N([6, 7, 3, 3, 7], 7) = 16806
N([6, 7, 3, 4, 1], 7) = 16806
N([6, 7, 3, 4, 2], 7) = 16806
N([6, 7, 3, 4, 3], 7) = 16806
N([6, 7, 3, 4, 4], 7) = 16806
N([6, 7, 3, 4, 5], 7) = 16806
N([6, 7, 3, 4, 6], 7) = 16806
N([6, 7, 3, 4, 7], 7) = 16806
N([6, 7, 3, 5, 1], 7) = 16806
N([6, 7, 3, 5, 2], 7) = 16806
N([6, 7, 3, 5, 3], 7) = 16806
N([6, 7, 3, 5, 4], 7) = 16806
N([6, 7, 3, 5, 5], 7) = 16806
N([6, 7, 3, 5, 6], 7) = 16806
N([6, 7, 3, 5, 7], 7) = 16806
N([6, 7, 3, 6, 1], 7) = 16806
N([6, 7, 3, 6, 2], 7) = 16806
N([6, 7, 3, 6, 3], 7) = 16806
N([6, 7, 3, 6, 4], 7) = 16806
N([6, 7, 3, 6, 5], 7) = 16806
N([6, 7, 3, 6, 6], 7) = 16806
N([6, 7, 3, 6, 7], 7) = 16806
N([6, 7, 3, 7, 1], 7) = 16806
N([6, 7, 3, 7, 2], 7) = 16806
N([6, 7, 3, 7, 3], 7) = 16806
N([6, 7, 3, 7, 4], 7) = 16806
N([6, 7, 3, 7, 5], 7) = 16806
N([6, 7, 3, 7, 6], 7) = 16806
N([6, 7, 3, 7, 7], 7) = 16806
N([6, 7, 4, 1, 1], 7) = 16806
N([6, 7, 4, 1, 2], 7) = 16806
N([6, 7, 4, 1, 3], 7) = 16806
N([6, 7, 4, 1, 4], 7) = 16806
N([6, 7, 4, 1, 5], 7) = 16806
N([6, 7, 4, 1, 6], 7) = 16806
N([6, 7, 4, 1, 7], 7) = 16806
N([6, 7, 4, 2, 1], 7) = 16806
N([6, 7, 4, 2, 2], 7) = 16806
N([6, 7, 4, 2, 3], 7) = 16806
N([6, 7, 4, 2, 4], 7) = 16806
N([6, 7, 4, 2, 5], 7) = 16806
N([6, 7, 4, 2, 6], 7) = 16806
N([6, 7, 4, 2, 7], 7) = 16806
N([6, 7, 4, 3, 1], 7) = 16806
N([6, 7, 4, 3, 2], 7) = 16806
N([6, 7, 4, 3, 3], 7) = 16806
N([6, 7, 4, 3, 4], 7) = 16806
N([6, 7, 4, 3, 5], 7) = 16806
N([6, 7, 4, 3, 6], 7) = 16806
N([6, 7, 4, 3, 7], 7) = 16806
N([6, 7, 4, 4, 1], 7) = 16806
N([6, 7, 4, 4, 2], 7) = 16806
N([6, 7, 4, 4, 3], 7) = 16806
N([6, 7, 4, 4, 4], 7) = 16806
N([6, 7, 4, 4, 5], 7) = 16806
N([6, 7, 4, 4, 6], 7) = 16806
N([6, 7, 4, 4, 7], 7) = 16806
N([6, 7, 4, 5, 1], 7) = 16806
N([6, 7, 4, 5, 2], 7) = 16806
N([6, 7, 4, 5, 3], 7) = 16806
N([6, 7, 4, 5, 4], 7) = 16806
N([6, 7, 4, 5, 5], 7) = 16806
N([6, 7, 4, 5, 6], 7) = 16806
N([6, 7, 4, 5, 7], 7) = 16806
N([6, 7, 4, 6, 1], 7) = 16806
N([6, 7, 4, 6, 2], 7) = 16806
N([6, 7, 4, 6, 3], 7) = 16806
N([6, 7, 4, 6, 4], 7) = 16806
N([6, 7, 4, 6, 5], 7) = 16806
N([6, 7, 4, 6, 6], 7) = 16806
N([6, 7, 4, 6, 7], 7) = 16806
N([6, 7, 4, 7, 1], 7) = 16806
N([6, 7, 4, 7, 2], 7) = 16806
N([6, 7, 4, 7, 3], 7) = 16806
N([6, 7, 4, 7, 4], 7) = 16806
N([6, 7, 4, 7, 5], 7) = 16806
N([6, 7, 4, 7, 6], 7) = 16806
N([6, 7, 4, 7, 7], 7) = 16806
N([6, 7, 5, 1, 1], 7) = 16806
N([6, 7, 5, 1, 2], 7) = 16806
N([6, 7, 5, 1, 3], 7) = 16806
N([6, 7, 5, 1, 4], 7) = 16806
N([6, 7, 5, 1, 5], 7) = 16806
N([6, 7, 5, 1, 6], 7) = 16806
N([6, 7, 5, 1, 7], 7) = 16806
N([6, 7, 5, 2, 1], 7) = 16806
N([6, 7, 5, 2, 2], 7) = 16806
N([6, 7, 5, 2, 3], 7) = 16806
N([6, 7, 5, 2, 4], 7) = 16806
N([6, 7, 5, 2, 5], 7) = 16806
N([6, 7, 5, 2, 6], 7) = 16806
N([6, 7, 5, 2, 7], 7) = 16806
N([6, 7, 5, 3, 1], 7) = 16806
N([6, 7, 5, 3, 2], 7) = 16806
N([6, 7, 5, 3, 3], 7) = 16806
N([6, 7, 5, 3, 4], 7) = 16806
N([6, 7, 5, 3, 5], 7) = 16806
N([6, 7, 5, 3, 6], 7) = 16806
N([6, 7, 5, 3, 7], 7) = 16806
N([6, 7, 5, 4, 1], 7) = 16806
N([6, 7, 5, 4, 2], 7) = 16806
N([6, 7, 5, 4, 3], 7) = 16806
N([6, 7, 5, 4, 4], 7) = 16806
N([6, 7, 5, 4, 5], 7) = 16806
N([6, 7, 5, 4, 6], 7) = 16806
N([6, 7, 5, 4, 7], 7) = 16806
N([6, 7, 5, 5, 1], 7) = 16806
N([6, 7, 5, 5, 2], 7) = 16806
N([6, 7, 5, 5, 3], 7) = 16806
N([6, 7, 5, 5, 4], 7) = 16806
N([6, 7, 5, 5, 5], 7) = 16806
N([6, 7, 5, 5, 6], 7) = 16806
N([6, 7, 5, 5, 7], 7) = 16806
N([6, 7, 5, 6, 1], 7) = 16806
N([6, 7, 5, 6, 2], 7) = 16806
N([6, 7, 5, 6, 3], 7) = 16806
N([6, 7, 5, 6, 4], 7) = 16806
N([6, 7, 5, 6, 5], 7) = 16806
N([6, 7, 5, 6, 6], 7) = 16806
N([6, 7, 5, 6, 7], 7) = 16806
N([6, 7, 5, 7, 1], 7) = 16806
N([6, 7, 5, 7, 2], 7) = 16806
N([6, 7, 5, 7, 3], 7) = 16806
N([6, 7, 5, 7, 4], 7) = 16806
N([6, 7, 5, 7, 5], 7) = 16806
N([6, 7, 5, 7, 6], 7) = 16806
N([6, 7, 5, 7, 7], 7) = 16806
N([6, 7, 6, 1, 1], 7) = 16806
N([6, 7, 6, 1, 2], 7) = 16806
N([6, 7, 6, 1, 3], 7) = 16806
N([6, 7, 6, 1, 4], 7) = 16806
N([6, 7, 6, 1, 5], 7) = 16806
N([6, 7, 6, 1, 6], 7) = 16806
N([6, 7, 6, 1, 7], 7) = 16806
N([6, 7, 6, 2, 1], 7) = 16806
N([6, 7, 6, 2, 2], 7) = 16806
N([6, 7, 6, 2, 3], 7) = 16806
N([6, 7, 6, 2, 4], 7) = 16806
N([6, 7, 6, 2, 5], 7) = 16806
N([6, 7, 6, 2, 6], 7) = 16806
N([6, 7, 6, 2, 7], 7) = 16806
N([6, 7, 6, 3, 1], 7) = 16806
N([6, 7, 6, 3, 2], 7) = 16806
N([6, 7, 6, 3, 3], 7) = 16806
N([6, 7, 6, 3, 4], 7) = 16806
N([6, 7, 6, 3, 5], 7) = 16806
N([6, 7, 6, 3, 6], 7) = 16806
N([6, 7, 6, 3, 7], 7) = 16806
N([6, 7, 6, 4, 1], 7) = 16806
N([6, 7, 6, 4, 2], 7) = 16806
N([6, 7, 6, 4, 3], 7) = 16806
N([6, 7, 6, 4, 4], 7) = 16806
N([6, 7, 6, 4, 5], 7) = 16806
N([6, 7, 6, 4, 6], 7) = 16806
N([6, 7, 6, 4, 7], 7) = 16806
N([6, 7, 6, 5, 1], 7) = 16806
N([6, 7, 6, 5, 2], 7) = 16806
N([6, 7, 6, 5, 3], 7) = 16806
N([6, 7, 6, 5, 4], 7) = 16806
N([6, 7, 6, 5, 5], 7) = 16806
N([6, 7, 6, 5, 6], 7) = 16806
N([6, 7, 6, 5, 7], 7) = 16806
N([6, 7, 6, 6, 1], 7) = 16806
N([6, 7, 6, 6, 2], 7) = 16806
N([6, 7, 6, 6, 3], 7) = 16806
N([6, 7, 6, 6, 4], 7) = 16806
N([6, 7, 6, 6, 5], 7) = 16806
N([6, 7, 6, 6, 6], 7) = 16806
N([6, 7, 6, 6, 7], 7) = 16806
N([6, 7, 6, 7, 1], 7) = 16806
N([6, 7, 6, 7, 2], 7) = 16806
N([6, 7, 6, 7, 3], 7) = 16806
N([6, 7, 6, 7, 4], 7) = 16806
N([6, 7, 6, 7, 5], 7) = 16806
N([6, 7, 6, 7, 6], 7) = 16806
N([6, 7, 6, 7, 7], 7) = 16806
N([6, 7, 7, 1, 1], 7) = 16806
N([6, 7, 7, 1, 2], 7) = 16806
N([6, 7, 7, 1, 3], 7) = 16806
N([6, 7, 7, 1, 4], 7) = 16806
N([6, 7, 7, 1, 5], 7) = 16806
N([6, 7, 7, 1, 6], 7) = 16806
N([6, 7, 7, 1, 7], 7) = 16806
N([6, 7, 7, 2, 1], 7) = 16806
N([6, 7, 7, 2, 2], 7) = 16806
N([6, 7, 7, 2, 3], 7) = 16806
N([6, 7, 7, 2, 4], 7) = 16806
N([6, 7, 7, 2, 5], 7) = 16806
N([6, 7, 7, 2, 6], 7) = 16806
N([6, 7, 7, 2, 7], 7) = 16806
N([6, 7, 7, 3, 1], 7) = 16806
N([6, 7, 7, 3, 2], 7) = 16806
N([6, 7, 7, 3, 3], 7) = 16806
N([6, 7, 7, 3, 4], 7) = 16806
N([6, 7, 7, 3, 5], 7) = 16806
N([6, 7, 7, 3, 6], 7) = 16806
N([6, 7, 7, 3, 7], 7) = 16806
N([6, 7, 7, 4, 1], 7) = 16806
N([6, 7, 7, 4, 2], 7) = 16806
N([6, 7, 7, 4, 3], 7) = 16806
N([6, 7, 7, 4, 4], 7) = 16806
N([6, 7, 7, 4, 5], 7) = 16806
N([6, 7, 7, 4, 6], 7) = 16806
N([6, 7, 7, 4, 7], 7) = 16806
N([6, 7, 7, 5, 1], 7) = 16806
N([6, 7, 7, 5, 2], 7) = 16806
N([6, 7, 7, 5, 3], 7) = 16806
N([6, 7, 7, 5, 4], 7) = 16806
N([6, 7, 7, 5, 5], 7) = 16806
N([6, 7, 7, 5, 6], 7) = 16806
N([6, 7, 7, 5, 7], 7) = 16806
N([6, 7, 7, 6, 1], 7) = 16806
N([6, 7, 7, 6, 2], 7) = 16806
N([6, 7, 7, 6, 3], 7) = 16806
N([6, 7, 7, 6, 4], 7) = 16806
N([6, 7, 7, 6, 5], 7) = 16806
N([6, 7, 7, 6, 6], 7) = 16806
N([6, 7, 7, 6, 7], 7) = 16806
N([6, 7, 7, 7, 1], 7) = 16806
N([6, 7, 7, 7, 2], 7) = 16806
N([6, 7, 7, 7, 3], 7) = 16806
N([6, 7, 7, 7, 4], 7) = 16806
N([6, 7, 7, 7, 5], 7) = 16806
N([6, 7, 7, 7, 6], 7) = 16806
N([6, 7, 7, 7, 7], 7) = 16806
N([7, 1, 1, 1, 1], 7) = 16806
N([7, 1, 1, 1, 2], 7) = 16806
N([7, 1, 1, 1, 3], 7) = 16806
N([7, 1, 1, 1, 4], 7) = 16806
N([7, 1, 1, 1, 5], 7) = 16806
N([7, 1, 1, 1, 6], 7) = 16806
N([7, 1, 1, 1, 7], 7) = 16806
N([7, 1, 1, 2, 1], 7) = 16806
N([7, 1, 1, 2, 2], 7) = 16806
N([7, 1, 1, 2, 3], 7) = 16806
N([7, 1, 1, 2, 4], 7) = 16806
N([7, 1, 1, 2, 5], 7) = 16806
N([7, 1, 1, 2, 6], 7) = 16806
N([7, 1, 1, 2, 7], 7) = 16806
N([7, 1, 1, 3, 1], 7) = 16806
N([7, 1, 1, 3, 2], 7) = 16806
N([7, 1, 1, 3, 3], 7) = 16806
N([7, 1, 1, 3, 4], 7) = 16806
N([7, 1, 1, 3, 5], 7) = 16806
N([7, 1, 1, 3, 6], 7) = 16806
N([7, 1, 1, 3, 7], 7) = 16806
N([7, 1, 1, 4, 1], 7) = 16806
N([7, 1, 1, 4, 2], 7) = 16806
N([7, 1, 1, 4, 3], 7) = 16806
N([7, 1, 1, 4, 4], 7) = 16806
N([7, 1, 1, 4, 5], 7) = 16806
N([7, 1, 1, 4, 6], 7) = 16806
N([7, 1, 1, 4, 7], 7) = 16806
N([7, 1, 1, 5, 1], 7) = 16806
N([7, 1, 1, 5, 2], 7) = 16806
N([7, 1, 1, 5, 3], 7) = 16806
N([7, 1, 1, 5, 4], 7) = 16806
N([7, 1, 1, 5, 5], 7) = 16806
N([7, 1, 1, 5, 6], 7) = 16806
N([7, 1, 1, 5, 7], 7) = 16806
N([7, 1, 1, 6, 1], 7) = 16806
N([7, 1, 1, 6, 2], 7) = 16806
N([7, 1, 1, 6, 3], 7) = 16806
N([7, 1, 1, 6, 4], 7) = 16806
N([7, 1, 1, 6, 5], 7) = 16806
N([7, 1, 1, 6, 6], 7) = 16806
N([7, 1, 1, 6, 7], 7) = 16806
N([7, 1, 1, 7, 1], 7) = 16806
N([7, 1, 1, 7, 2], 7) = 16806
N([7, 1, 1, 7, 3], 7) = 16806
N([7, 1, 1, 7, 4], 7) = 16806
N([7, 1, 1, 7, 5], 7) = 16806
N([7, 1, 1, 7, 6], 7) = 16806
N([7, 1, 1, 7, 7], 7) = 16806
N([7, 1, 2, 1, 1], 7) = 16806
N([7, 1, 2, 1, 2], 7) = 16806
N([7, 1, 2, 1, 3], 7) = 16806
N([7, 1, 2, 1, 4], 7) = 16806
N([7, 1, 2, 1, 5], 7) = 16806
N([7, 1, 2, 1, 6], 7) = 16806
N([7, 1, 2, 1, 7], 7) = 16806
N([7, 1, 2, 2, 1], 7) = 16806
N([7, 1, 2, 2, 2], 7) = 16806
N([7, 1, 2, 2, 3], 7) = 16806
N([7, 1, 2, 2, 4], 7) = 16806
N([7, 1, 2, 2, 5], 7) = 16806
N([7, 1, 2, 2, 6], 7) = 16806
N([7, 1, 2, 2, 7], 7) = 16806
N([7, 1, 2, 3, 1], 7) = 16806
N([7, 1, 2, 3, 2], 7) = 16806
N([7, 1, 2, 3, 3], 7) = 16806
N([7, 1, 2, 3, 4], 7) = 16806
N([7, 1, 2, 3, 5], 7) = 16806
N([7, 1, 2, 3, 6], 7) = 16806
N([7, 1, 2, 3, 7], 7) = 16806
N([7, 1, 2, 4, 1], 7) = 16806
N([7, 1, 2, 4, 2], 7) = 16806
N([7, 1, 2, 4, 3], 7) = 16806
N([7, 1, 2, 4, 4], 7) = 16806
N([7, 1, 2, 4, 5], 7) = 16806
N([7, 1, 2, 4, 6], 7) = 16806
N([7, 1, 2, 4, 7], 7) = 16806
N([7, 1, 2, 5, 1], 7) = 16806
N([7, 1, 2, 5, 2], 7) = 16806
N([7, 1, 2, 5, 3], 7) = 16806
N([7, 1, 2, 5, 4], 7) = 16806
N([7, 1, 2, 5, 5], 7) = 16806
N([7, 1, 2, 5, 6], 7) = 16806
N([7, 1, 2, 5, 7], 7) = 16806
N([7, 1, 2, 6, 1], 7) = 16806
N([7, 1, 2, 6, 2], 7) = 16806
N([7, 1, 2, 6, 3], 7) = 16806
N([7, 1, 2, 6, 4], 7) = 16806
N([7, 1, 2, 6, 5], 7) = 16806
N([7, 1, 2, 6, 6], 7) = 16806
N([7, 1, 2, 6, 7], 7) = 16806
N([7, 1, 2, 7, 1], 7) = 16806
N([7, 1, 2, 7, 2], 7) = 16806
N([7, 1, 2, 7, 3], 7) = 16806
N([7, 1, 2, 7, 4], 7) = 16806
N([7, 1, 2, 7, 5], 7) = 16806
N([7, 1, 2, 7, 6], 7) = 16806
N([7, 1, 2, 7, 7], 7) = 16806
N([7, 1, 3, 1, 1], 7) = 16806
N([7, 1, 3, 1, 2], 7) = 16806
N([7, 1, 3, 1, 3], 7) = 16806
N([7, 1, 3, 1, 4], 7) = 16806
N([7, 1, 3, 1, 5], 7) = 16806
N([7, 1, 3, 1, 6], 7) = 16806
N([7, 1, 3, 1, 7], 7) = 16806
N([7, 1, 3, 2, 1], 7) = 16806
N([7, 1, 3, 2, 2], 7) = 16806
N([7, 1, 3, 2, 3], 7) = 16806
N([7, 1, 3, 2, 4], 7) = 16806
N([7, 1, 3, 2, 5], 7) = 16806
N([7, 1, 3, 2, 6], 7) = 16806
N([7, 1, 3, 2, 7], 7) = 16806
N([7, 1, 3, 3, 1], 7) = 16806
N([7, 1, 3, 3, 2], 7) = 16806
N([7, 1, 3, 3, 3], 7) = 16806
N([7, 1, 3, 3, 4], 7) = 16806
N([7, 1, 3, 3, 5], 7) = 16806
N([7, 1, 3, 3, 6], 7) = 16806
N([7, 1, 3, 3, 7], 7) = 16806
N([7, 1, 3, 4, 1], 7) = 16806
N([7, 1, 3, 4, 2], 7) = 16806
N([7, 1, 3, 4, 3], 7) = 16806
N([7, 1, 3, 4, 4], 7) = 16806
N([7, 1, 3, 4, 5], 7) = 16806
N([7, 1, 3, 4, 6], 7) = 16806
N([7, 1, 3, 4, 7], 7) = 16806
N([7, 1, 3, 5, 1], 7) = 16806
N([7, 1, 3, 5, 2], 7) = 16806
N([7, 1, 3, 5, 3], 7) = 16806
N([7, 1, 3, 5, 4], 7) = 16806
N([7, 1, 3, 5, 5], 7) = 16806
N([7, 1, 3, 5, 6], 7) = 16806
N([7, 1, 3, 5, 7], 7) = 16806
N([7, 1, 3, 6, 1], 7) = 16806
N([7, 1, 3, 6, 2], 7) = 16806
N([7, 1, 3, 6, 3], 7) = 16806
N([7, 1, 3, 6, 4], 7) = 16806
N([7, 1, 3, 6, 5], 7) = 16806
N([7, 1, 3, 6, 6], 7) = 16806
N([7, 1, 3, 6, 7], 7) = 16806
N([7, 1, 3, 7, 1], 7) = 16806
N([7, 1, 3, 7, 2], 7) = 16806
N([7, 1, 3, 7, 3], 7) = 16806
N([7, 1, 3, 7, 4], 7) = 16806
N([7, 1, 3, 7, 5], 7) = 16806
N([7, 1, 3, 7, 6], 7) = 16806
N([7, 1, 3, 7, 7], 7) = 16806
N([7, 1, 4, 1, 1], 7) = 16806
N([7, 1, 4, 1, 2], 7) = 16806
N([7, 1, 4, 1, 3], 7) = 16806
N([7, 1, 4, 1, 4], 7) = 16806
N([7, 1, 4, 1, 5], 7) = 16806
N([7, 1, 4, 1, 6], 7) = 16806
N([7, 1, 4, 1, 7], 7) = 16806
N([7, 1, 4, 2, 1], 7) = 16806
N([7, 1, 4, 2, 2], 7) = 16806
N([7, 1, 4, 2, 3], 7) = 16806
N([7, 1, 4, 2, 4], 7) = 16806
N([7, 1, 4, 2, 5], 7) = 16806
N([7, 1, 4, 2, 6], 7) = 16806
N([7, 1, 4, 2, 7], 7) = 16806
N([7, 1, 4, 3, 1], 7) = 16806
N([7, 1, 4, 3, 2], 7) = 16806
N([7, 1, 4, 3, 3], 7) = 16806
N([7, 1, 4, 3, 4], 7) = 16806
N([7, 1, 4, 3, 5], 7) = 16806
N([7, 1, 4, 3, 6], 7) = 16806
N([7, 1, 4, 3, 7], 7) = 16806
N([7, 1, 4, 4, 1], 7) = 16806
N([7, 1, 4, 4, 2], 7) = 16806
N([7, 1, 4, 4, 3], 7) = 16806
N([7, 1, 4, 4, 4], 7) = 16806
N([7, 1, 4, 4, 5], 7) = 16806
N([7, 1, 4, 4, 6], 7) = 16806
N([7, 1, 4, 4, 7], 7) = 16806
N([7, 1, 4, 5, 1], 7) = 16806
N([7, 1, 4, 5, 2], 7) = 16806
N([7, 1, 4, 5, 3], 7) = 16806
N([7, 1, 4, 5, 4], 7) = 16806
N([7, 1, 4, 5, 5], 7) = 16806
N([7, 1, 4, 5, 6], 7) = 16806
N([7, 1, 4, 5, 7], 7) = 16806
N([7, 1, 4, 6, 1], 7) = 16806
N([7, 1, 4, 6, 2], 7) = 16806
N([7, 1, 4, 6, 3], 7) = 16806
N([7, 1, 4, 6, 4], 7) = 16806
N([7, 1, 4, 6, 5], 7) = 16806
N([7, 1, 4, 6, 6], 7) = 16806
N([7, 1, 4, 6, 7], 7) = 16806
N([7, 1, 4, 7, 1], 7) = 16806
N([7, 1, 4, 7, 2], 7) = 16806
N([7, 1, 4, 7, 3], 7) = 16806
N([7, 1, 4, 7, 4], 7) = 16806
N([7, 1, 4, 7, 5], 7) = 16806
N([7, 1, 4, 7, 6], 7) = 16806
N([7, 1, 4, 7, 7], 7) = 16806
N([7, 1, 5, 1, 1], 7) = 16806
N([7, 1, 5, 1, 2], 7) = 16806
N([7, 1, 5, 1, 3], 7) = 16806
N([7, 1, 5, 1, 4], 7) = 16806
N([7, 1, 5, 1, 5], 7) = 16806
N([7, 1, 5, 1, 6], 7) = 16806
N([7, 1, 5, 1, 7], 7) = 16806
N([7, 1, 5, 2, 1], 7) = 16806
N([7, 1, 5, 2, 2], 7) = 16806
N([7, 1, 5, 2, 3], 7) = 16806
N([7, 1, 5, 2, 4], 7) = 16806
N([7, 1, 5, 2, 5], 7) = 16806
N([7, 1, 5, 2, 6], 7) = 16806
N([7, 1, 5, 2, 7], 7) = 16806
N([7, 1, 5, 3, 1], 7) = 16806
N([7, 1, 5, 3, 2], 7) = 16806
N([7, 1, 5, 3, 3], 7) = 16806
N([7, 1, 5, 3, 4], 7) = 16806
N([7, 1, 5, 3, 5], 7) = 16806
N([7, 1, 5, 3, 6], 7) = 16806
N([7, 1, 5, 3, 7], 7) = 16806
N([7, 1, 5, 4, 1], 7) = 16806
N([7, 1, 5, 4, 2], 7) = 16806
N([7, 1, 5, 4, 3], 7) = 16806
N([7, 1, 5, 4, 4], 7) = 16806
N([7, 1, 5, 4, 5], 7) = 16806
N([7, 1, 5, 4, 6], 7) = 16806
N([7, 1, 5, 4, 7], 7) = 16806
N([7, 1, 5, 5, 1], 7) = 16806
N([7, 1, 5, 5, 2], 7) = 16806
N([7, 1, 5, 5, 3], 7) = 16806
N([7, 1, 5, 5, 4], 7) = 16806
N([7, 1, 5, 5, 5], 7) = 16806
N([7, 1, 5, 5, 6], 7) = 16806
N([7, 1, 5, 5, 7], 7) = 16806
N([7, 1, 5, 6, 1], 7) = 16806
N([7, 1, 5, 6, 2], 7) = 16806
N([7, 1, 5, 6, 3], 7) = 16806
N([7, 1, 5, 6, 4], 7) = 16806
N([7, 1, 5, 6, 5], 7) = 16806
N([7, 1, 5, 6, 6], 7) = 16806
N([7, 1, 5, 6, 7], 7) = 16806
N([7, 1, 5, 7, 1], 7) = 16806
N([7, 1, 5, 7, 2], 7) = 16806
N([7, 1, 5, 7, 3], 7) = 16806
N([7, 1, 5, 7, 4], 7) = 16806
N([7, 1, 5, 7, 5], 7) = 16806
N([7, 1, 5, 7, 6], 7) = 16806
N([7, 1, 5, 7, 7], 7) = 16806
N([7, 1, 6, 1, 1], 7) = 16806
N([7, 1, 6, 1, 2], 7) = 16806
N([7, 1, 6, 1, 3], 7) = 16806
N([7, 1, 6, 1, 4], 7) = 16806
N([7, 1, 6, 1, 5], 7) = 16806
N([7, 1, 6, 1, 6], 7) = 16806
N([7, 1, 6, 1, 7], 7) = 16806
N([7, 1, 6, 2, 1], 7) = 16806
N([7, 1, 6, 2, 2], 7) = 16806
N([7, 1, 6, 2, 3], 7) = 16806
N([7, 1, 6, 2, 4], 7) = 16806
N([7, 1, 6, 2, 5], 7) = 16806
N([7, 1, 6, 2, 6], 7) = 16806
N([7, 1, 6, 2, 7], 7) = 16806
N([7, 1, 6, 3, 1], 7) = 16806
N([7, 1, 6, 3, 2], 7) = 16806
N([7, 1, 6, 3, 3], 7) = 16806
N([7, 1, 6, 3, 4], 7) = 16806
N([7, 1, 6, 3, 5], 7) = 16806
N([7, 1, 6, 3, 6], 7) = 16806
N([7, 1, 6, 3, 7], 7) = 16806
N([7, 1, 6, 4, 1], 7) = 16806
N([7, 1, 6, 4, 2], 7) = 16806
N([7, 1, 6, 4, 3], 7) = 16806
N([7, 1, 6, 4, 4], 7) = 16806
N([7, 1, 6, 4, 5], 7) = 16806
N([7, 1, 6, 4, 6], 7) = 16806
N([7, 1, 6, 4, 7], 7) = 16806
N([7, 1, 6, 5, 1], 7) = 16806
N([7, 1, 6, 5, 2], 7) = 16806
N([7, 1, 6, 5, 3], 7) = 16806
N([7, 1, 6, 5, 4], 7) = 16806
N([7, 1, 6, 5, 5], 7) = 16806
N([7, 1, 6, 5, 6], 7) = 16806
N([7, 1, 6, 5, 7], 7) = 16806
N([7, 1, 6, 6, 1], 7) = 16806
N([7, 1, 6, 6, 2], 7) = 16806
N([7, 1, 6, 6, 3], 7) = 16806
N([7, 1, 6, 6, 4], 7) = 16806
N([7, 1, 6, 6, 5], 7) = 16806
N([7, 1, 6, 6, 6], 7) = 16806
N([7, 1, 6, 6, 7], 7) = 16806
N([7, 1, 6, 7, 1], 7) = 16806
N([7, 1, 6, 7, 2], 7) = 16806
N([7, 1, 6, 7, 3], 7) = 16806
N([7, 1, 6, 7, 4], 7) = 16806
N([7, 1, 6, 7, 5], 7) = 16806
N([7, 1, 6, 7, 6], 7) = 16806
N([7, 1, 6, 7, 7], 7) = 16806
N([7, 1, 7, 1, 1], 7) = 16806
N([7, 1, 7, 1, 2], 7) = 16806
N([7, 1, 7, 1, 3], 7) = 16806
N([7, 1, 7, 1, 4], 7) = 16806
N([7, 1, 7, 1, 5], 7) = 16806
N([7, 1, 7, 1, 6], 7) = 16806
N([7, 1, 7, 1, 7], 7) = 16806
N([7, 1, 7, 2, 1], 7) = 16806
N([7, 1, 7, 2, 2], 7) = 16806
N([7, 1, 7, 2, 3], 7) = 16806
N([7, 1, 7, 2, 4], 7) = 16806
N([7, 1, 7, 2, 5], 7) = 16806
N([7, 1, 7, 2, 6], 7) = 16806
N([7, 1, 7, 2, 7], 7) = 16806
N([7, 1, 7, 3, 1], 7) = 16806
N([7, 1, 7, 3, 2], 7) = 16806
N([7, 1, 7, 3, 3], 7) = 16806
N([7, 1, 7, 3, 4], 7) = 16806
N([7, 1, 7, 3, 5], 7) = 16806
N([7, 1, 7, 3, 6], 7) = 16806
N([7, 1, 7, 3, 7], 7) = 16806
N([7, 1, 7, 4, 1], 7) = 16806
N([7, 1, 7, 4, 2], 7) = 16806
N([7, 1, 7, 4, 3], 7) = 16806
N([7, 1, 7, 4, 4], 7) = 16806
N([7, 1, 7, 4, 5], 7) = 16806
N([7, 1, 7, 4, 6], 7) = 16806
N([7, 1, 7, 4, 7], 7) = 16806
N([7, 1, 7, 5, 1], 7) = 16806
N([7, 1, 7, 5, 2], 7) = 16806
N([7, 1, 7, 5, 3], 7) = 16806
N([7, 1, 7, 5, 4], 7) = 16806
N([7, 1, 7, 5, 5], 7) = 16806
N([7, 1, 7, 5, 6], 7) = 16806
N([7, 1, 7, 5, 7], 7) = 16806
N([7, 1, 7, 6, 1], 7) = 16806
N([7, 1, 7, 6, 2], 7) = 16806
N([7, 1, 7, 6, 3], 7) = 16806
N([7, 1, 7, 6, 4], 7) = 16806
N([7, 1, 7, 6, 5], 7) = 16806
N([7, 1, 7, 6, 6], 7) = 16806
N([7, 1, 7, 6, 7], 7) = 16806
N([7, 1, 7, 7, 1], 7) = 16806
N([7, 1, 7, 7, 2], 7) = 16806
N([7, 1, 7, 7, 3], 7) = 16806
N([7, 1, 7, 7, 4], 7) = 16806
N([7, 1, 7, 7, 5], 7) = 16806
N([7, 1, 7, 7, 6], 7) = 16806
N([7, 1, 7, 7, 7], 7) = 16806
N([7, 2, 1, 1, 1], 7) = 16806
N([7, 2, 1, 1, 2], 7) = 16806
N([7, 2, 1, 1, 3], 7) = 16806
N([7, 2, 1, 1, 4], 7) = 16806
N([7, 2, 1, 1, 5], 7) = 16806
N([7, 2, 1, 1, 6], 7) = 16806
N([7, 2, 1, 1, 7], 7) = 16806
N([7, 2, 1, 2, 1], 7) = 16806
N([7, 2, 1, 2, 2], 7) = 16806
N([7, 2, 1, 2, 3], 7) = 16806
N([7, 2, 1, 2, 4], 7) = 16806
N([7, 2, 1, 2, 5], 7) = 16806
N([7, 2, 1, 2, 6], 7) = 16806
N([7, 2, 1, 2, 7], 7) = 16806
N([7, 2, 1, 3, 1], 7) = 16806
N([7, 2, 1, 3, 2], 7) = 16806
N([7, 2, 1, 3, 3], 7) = 16806
N([7, 2, 1, 3, 4], 7) = 16806
N([7, 2, 1, 3, 5], 7) = 16806
N([7, 2, 1, 3, 6], 7) = 16806
N([7, 2, 1, 3, 7], 7) = 16806
N([7, 2, 1, 4, 1], 7) = 16806
N([7, 2, 1, 4, 2], 7) = 16806
N([7, 2, 1, 4, 3], 7) = 16806
N([7, 2, 1, 4, 4], 7) = 16806
N([7, 2, 1, 4, 5], 7) = 16806
N([7, 2, 1, 4, 6], 7) = 16806
N([7, 2, 1, 4, 7], 7) = 16806
N([7, 2, 1, 5, 1], 7) = 16806
N([7, 2, 1, 5, 2], 7) = 16806
N([7, 2, 1, 5, 3], 7) = 16806
N([7, 2, 1, 5, 4], 7) = 16806
N([7, 2, 1, 5, 5], 7) = 16806
N([7, 2, 1, 5, 6], 7) = 16806
N([7, 2, 1, 5, 7], 7) = 16806
N([7, 2, 1, 6, 1], 7) = 16806
N([7, 2, 1, 6, 2], 7) = 16806
N([7, 2, 1, 6, 3], 7) = 16806
N([7, 2, 1, 6, 4], 7) = 16806
N([7, 2, 1, 6, 5], 7) = 16806
N([7, 2, 1, 6, 6], 7) = 16806
N([7, 2, 1, 6, 7], 7) = 16806
N([7, 2, 1, 7, 1], 7) = 16806
N([7, 2, 1, 7, 2], 7) = 16806
N([7, 2, 1, 7, 3], 7) = 16806
N([7, 2, 1, 7, 4], 7) = 16806
N([7, 2, 1, 7, 5], 7) = 16806
N([7, 2, 1, 7, 6], 7) = 16806
N([7, 2, 1, 7, 7], 7) = 16806
N([7, 2, 2, 1, 1], 7) = 16806
N([7, 2, 2, 1, 2], 7) = 16806
N([7, 2, 2, 1, 3], 7) = 16806
N([7, 2, 2, 1, 4], 7) = 16806
N([7, 2, 2, 1, 5], 7) = 16806
N([7, 2, 2, 1, 6], 7) = 16806
N([7, 2, 2, 1, 7], 7) = 16806
N([7, 2, 2, 2, 1], 7) = 16806
N([7, 2, 2, 2, 2], 7) = 16806
N([7, 2, 2, 2, 3], 7) = 16806
N([7, 2, 2, 2, 4], 7) = 16806
N([7, 2, 2, 2, 5], 7) = 16806
N([7, 2, 2, 2, 6], 7) = 16806
N([7, 2, 2, 2, 7], 7) = 16806
N([7, 2, 2, 3, 1], 7) = 16806
N([7, 2, 2, 3, 2], 7) = 16806
N([7, 2, 2, 3, 3], 7) = 16806
N([7, 2, 2, 3, 4], 7) = 16806
N([7, 2, 2, 3, 5], 7) = 16806
N([7, 2, 2, 3, 6], 7) = 16806
N([7, 2, 2, 3, 7], 7) = 16806
N([7, 2, 2, 4, 1], 7) = 16806
N([7, 2, 2, 4, 2], 7) = 16806
N([7, 2, 2, 4, 3], 7) = 16806
N([7, 2, 2, 4, 4], 7) = 16806
N([7, 2, 2, 4, 5], 7) = 16806
N([7, 2, 2, 4, 6], 7) = 16806
N([7, 2, 2, 4, 7], 7) = 16806
N([7, 2, 2, 5, 1], 7) = 16806
N([7, 2, 2, 5, 2], 7) = 16806
N([7, 2, 2, 5, 3], 7) = 16806
N([7, 2, 2, 5, 4], 7) = 16806
N([7, 2, 2, 5, 5], 7) = 16806
N([7, 2, 2, 5, 6], 7) = 16806
N([7, 2, 2, 5, 7], 7) = 16806
N([7, 2, 2, 6, 1], 7) = 16806
N([7, 2, 2, 6, 2], 7) = 16806
N([7, 2, 2, 6, 3], 7) = 16806
N([7, 2, 2, 6, 4], 7) = 16806
N([7, 2, 2, 6, 5], 7) = 16806
N([7, 2, 2, 6, 6], 7) = 16806
N([7, 2, 2, 6, 7], 7) = 16806
N([7, 2, 2, 7, 1], 7) = 16806
N([7, 2, 2, 7, 2], 7) = 16806
N([7, 2, 2, 7, 3], 7) = 16806
N([7, 2, 2, 7, 4], 7) = 16806
N([7, 2, 2, 7, 5], 7) = 16806
N([7, 2, 2, 7, 6], 7) = 16806
N([7, 2, 2, 7, 7], 7) = 16806
N([7, 2, 3, 1, 1], 7) = 16806
N([7, 2, 3, 1, 2], 7) = 16806
N([7, 2, 3, 1, 3], 7) = 16806
N([7, 2, 3, 1, 4], 7) = 16806
N([7, 2, 3, 1, 5], 7) = 16806
N([7, 2, 3, 1, 6], 7) = 16806
N([7, 2, 3, 1, 7], 7) = 16806
N([7, 2, 3, 2, 1], 7) = 16806
N([7, 2, 3, 2, 2], 7) = 16806
N([7, 2, 3, 2, 3], 7) = 16806
N([7, 2, 3, 2, 4], 7) = 16806
N([7, 2, 3, 2, 5], 7) = 16806
N([7, 2, 3, 2, 6], 7) = 16806
N([7, 2, 3, 2, 7], 7) = 16806
N([7, 2, 3, 3, 1], 7) = 16806
N([7, 2, 3, 3, 2], 7) = 16806
N([7, 2, 3, 3, 3], 7) = 16806
N([7, 2, 3, 3, 4], 7) = 16806
N([7, 2, 3, 3, 5], 7) = 16806
N([7, 2, 3, 3, 6], 7) = 16806
N([7, 2, 3, 3, 7], 7) = 16806
N([7, 2, 3, 4, 1], 7) = 16806
N([7, 2, 3, 4, 2], 7) = 16806
N([7, 2, 3, 4, 3], 7) = 16806
N([7, 2, 3, 4, 4], 7) = 16806
N([7, 2, 3, 4, 5], 7) = 16806
N([7, 2, 3, 4, 6], 7) = 16806
N([7, 2, 3, 4, 7], 7) = 16806
N([7, 2, 3, 5, 1], 7) = 16806
N([7, 2, 3, 5, 2], 7) = 16806
N([7, 2, 3, 5, 3], 7) = 16806
N([7, 2, 3, 5, 4], 7) = 16806
N([7, 2, 3, 5, 5], 7) = 16806
N([7, 2, 3, 5, 6], 7) = 16806
N([7, 2, 3, 5, 7], 7) = 16806
N([7, 2, 3, 6, 1], 7) = 16806
N([7, 2, 3, 6, 2], 7) = 16806
N([7, 2, 3, 6, 3], 7) = 16806
N([7, 2, 3, 6, 4], 7) = 16806
N([7, 2, 3, 6, 5], 7) = 16806
N([7, 2, 3, 6, 6], 7) = 16806
N([7, 2, 3, 6, 7], 7) = 16806
N([7, 2, 3, 7, 1], 7) = 16806
N([7, 2, 3, 7, 2], 7) = 16806
N([7, 2, 3, 7, 3], 7) = 16806
N([7, 2, 3, 7, 4], 7) = 16806
N([7, 2, 3, 7, 5], 7) = 16806
N([7, 2, 3, 7, 6], 7) = 16806
N([7, 2, 3, 7, 7], 7) = 16806
N([7, 2, 4, 1, 1], 7) = 16806
N([7, 2, 4, 1, 2], 7) = 16806
N([7, 2, 4, 1, 3], 7) = 16806
N([7, 2, 4, 1, 4], 7) = 16806
N([7, 2, 4, 1, 5], 7) = 16806
N([7, 2, 4, 1, 6], 7) = 16806
N([7, 2, 4, 1, 7], 7) = 16806
N([7, 2, 4, 2, 1], 7) = 16806
N([7, 2, 4, 2, 2], 7) = 16806
N([7, 2, 4, 2, 3], 7) = 16806
N([7, 2, 4, 2, 4], 7) = 16806
N([7, 2, 4, 2, 5], 7) = 16806
N([7, 2, 4, 2, 6], 7) = 16806
N([7, 2, 4, 2, 7], 7) = 16806
N([7, 2, 4, 3, 1], 7) = 16806
N([7, 2, 4, 3, 2], 7) = 16806
N([7, 2, 4, 3, 3], 7) = 16806
N([7, 2, 4, 3, 4], 7) = 16806
N([7, 2, 4, 3, 5], 7) = 16806
N([7, 2, 4, 3, 6], 7) = 16806
N([7, 2, 4, 3, 7], 7) = 16806
N([7, 2, 4, 4, 1], 7) = 16806
N([7, 2, 4, 4, 2], 7) = 16806
N([7, 2, 4, 4, 3], 7) = 16806
N([7, 2, 4, 4, 4], 7) = 16806
N([7, 2, 4, 4, 5], 7) = 16806
N([7, 2, 4, 4, 6], 7) = 16806
N([7, 2, 4, 4, 7], 7) = 16806
N([7, 2, 4, 5, 1], 7) = 16806
N([7, 2, 4, 5, 2], 7) = 16806
N([7, 2, 4, 5, 3], 7) = 16806
N([7, 2, 4, 5, 4], 7) = 16806
N([7, 2, 4, 5, 5], 7) = 16806
N([7, 2, 4, 5, 6], 7) = 16806
N([7, 2, 4, 5, 7], 7) = 16806
N([7, 2, 4, 6, 1], 7) = 16806
N([7, 2, 4, 6, 2], 7) = 16806
N([7, 2, 4, 6, 3], 7) = 16806
N([7, 2, 4, 6, 4], 7) = 16806
N([7, 2, 4, 6, 5], 7) = 16806
N([7, 2, 4, 6, 6], 7) = 16806
N([7, 2, 4, 6, 7], 7) = 16806
N([7, 2, 4, 7, 1], 7) = 16806
N([7, 2, 4, 7, 2], 7) = 16806
N([7, 2, 4, 7, 3], 7) = 16806
N([7, 2, 4, 7, 4], 7) = 16806
N([7, 2, 4, 7, 5], 7) = 16806
N([7, 2, 4, 7, 6], 7) = 16806
N([7, 2, 4, 7, 7], 7) = 16806
N([7, 2, 5, 1, 1], 7) = 16806
N([7, 2, 5, 1, 2], 7) = 16806
N([7, 2, 5, 1, 3], 7) = 16806
N([7, 2, 5, 1, 4], 7) = 16806
N([7, 2, 5, 1, 5], 7) = 16806
N([7, 2, 5, 1, 6], 7) = 16806
N([7, 2, 5, 1, 7], 7) = 16806
N([7, 2, 5, 2, 1], 7) = 16806
N([7, 2, 5, 2, 2], 7) = 16806
N([7, 2, 5, 2, 3], 7) = 16806
N([7, 2, 5, 2, 4], 7) = 16806
N([7, 2, 5, 2, 5], 7) = 16806
N([7, 2, 5, 2, 6], 7) = 16806
N([7, 2, 5, 2, 7], 7) = 16806
N([7, 2, 5, 3, 1], 7) = 16806
N([7, 2, 5, 3, 2], 7) = 16806
N([7, 2, 5, 3, 3], 7) = 16806
N([7, 2, 5, 3, 4], 7) = 16806
N([7, 2, 5, 3, 5], 7) = 16806
N([7, 2, 5, 3, 6], 7) = 16806
N([7, 2, 5, 3, 7], 7) = 16806
N([7, 2, 5, 4, 1], 7) = 16806
N([7, 2, 5, 4, 2], 7) = 16806
N([7, 2, 5, 4, 3], 7) = 16806
N([7, 2, 5, 4, 4], 7) = 16806
N([7, 2, 5, 4, 5], 7) = 16806
N([7, 2, 5, 4, 6], 7) = 16806
N([7, 2, 5, 4, 7], 7) = 16806
N([7, 2, 5, 5, 1], 7) = 16806
N([7, 2, 5, 5, 2], 7) = 16806
N([7, 2, 5, 5, 3], 7) = 16806
N([7, 2, 5, 5, 4], 7) = 16806
N([7, 2, 5, 5, 5], 7) = 16806
N([7, 2, 5, 5, 6], 7) = 16806
N([7, 2, 5, 5, 7], 7) = 16806
N([7, 2, 5, 6, 1], 7) = 16806
N([7, 2, 5, 6, 2], 7) = 16806
N([7, 2, 5, 6, 3], 7) = 16806
N([7, 2, 5, 6, 4], 7) = 16806
N([7, 2, 5, 6, 5], 7) = 16806
N([7, 2, 5, 6, 6], 7) = 16806
N([7, 2, 5, 6, 7], 7) = 16806
N([7, 2, 5, 7, 1], 7) = 16806
N([7, 2, 5, 7, 2], 7) = 16806
N([7, 2, 5, 7, 3], 7) = 16806
N([7, 2, 5, 7, 4], 7) = 16806
N([7, 2, 5, 7, 5], 7) = 16806
N([7, 2, 5, 7, 6], 7) = 16806
N([7, 2, 5, 7, 7], 7) = 16806
N([7, 2, 6, 1, 1], 7) = 16806
N([7, 2, 6, 1, 2], 7) = 16806
N([7, 2, 6, 1, 3], 7) = 16806
N([7, 2, 6, 1, 4], 7) = 16806
N([7, 2, 6, 1, 5], 7) = 16806
N([7, 2, 6, 1, 6], 7) = 16806
N([7, 2, 6, 1, 7], 7) = 16806
N([7, 2, 6, 2, 1], 7) = 16806
N([7, 2, 6, 2, 2], 7) = 16806
N([7, 2, 6, 2, 3], 7) = 16806
N([7, 2, 6, 2, 4], 7) = 16806
N([7, 2, 6, 2, 5], 7) = 16806
N([7, 2, 6, 2, 6], 7) = 16806
N([7, 2, 6, 2, 7], 7) = 16806
N([7, 2, 6, 3, 1], 7) = 16806
N([7, 2, 6, 3, 2], 7) = 16806
N([7, 2, 6, 3, 3], 7) = 16806
N([7, 2, 6, 3, 4], 7) = 16806
N([7, 2, 6, 3, 5], 7) = 16806
N([7, 2, 6, 3, 6], 7) = 16806
N([7, 2, 6, 3, 7], 7) = 16806
N([7, 2, 6, 4, 1], 7) = 16806
N([7, 2, 6, 4, 2], 7) = 16806
N([7, 2, 6, 4, 3], 7) = 16806
N([7, 2, 6, 4, 4], 7) = 16806
N([7, 2, 6, 4, 5], 7) = 16806
N([7, 2, 6, 4, 6], 7) = 16806
N([7, 2, 6, 4, 7], 7) = 16806
N([7, 2, 6, 5, 1], 7) = 16806
N([7, 2, 6, 5, 2], 7) = 16806
N([7, 2, 6, 5, 3], 7) = 16806
N([7, 2, 6, 5, 4], 7) = 16806
N([7, 2, 6, 5, 5], 7) = 16806
N([7, 2, 6, 5, 6], 7) = 16806
N([7, 2, 6, 5, 7], 7) = 16806
N([7, 2, 6, 6, 1], 7) = 16806
N([7, 2, 6, 6, 2], 7) = 16806
N([7, 2, 6, 6, 3], 7) = 16806
N([7, 2, 6, 6, 4], 7) = 16806
N([7, 2, 6, 6, 5], 7) = 16806
N([7, 2, 6, 6, 6], 7) = 16806
N([7, 2, 6, 6, 7], 7) = 16806
N([7, 2, 6, 7, 1], 7) = 16806
N([7, 2, 6, 7, 2], 7) = 16806
N([7, 2, 6, 7, 3], 7) = 16806
N([7, 2, 6, 7, 4], 7) = 16806
N([7, 2, 6, 7, 5], 7) = 16806
N([7, 2, 6, 7, 6], 7) = 16806
N([7, 2, 6, 7, 7], 7) = 16806
N([7, 2, 7, 1, 1], 7) = 16806
N([7, 2, 7, 1, 2], 7) = 16806
N([7, 2, 7, 1, 3], 7) = 16806
N([7, 2, 7, 1, 4], 7) = 16806
N([7, 2, 7, 1, 5], 7) = 16806
N([7, 2, 7, 1, 6], 7) = 16806
N([7, 2, 7, 1, 7], 7) = 16806
N([7, 2, 7, 2, 1], 7) = 16806
N([7, 2, 7, 2, 2], 7) = 16806
N([7, 2, 7, 2, 3], 7) = 16806
N([7, 2, 7, 2, 4], 7) = 16806
N([7, 2, 7, 2, 5], 7) = 16806
N([7, 2, 7, 2, 6], 7) = 16806
N([7, 2, 7, 2, 7], 7) = 16806
N([7, 2, 7, 3, 1], 7) = 16806
N([7, 2, 7, 3, 2], 7) = 16806
N([7, 2, 7, 3, 3], 7) = 16806
N([7, 2, 7, 3, 4], 7) = 16806
N([7, 2, 7, 3, 5], 7) = 16806
N([7, 2, 7, 3, 6], 7) = 16806
N([7, 2, 7, 3, 7], 7) = 16806
N([7, 2, 7, 4, 1], 7) = 16806
N([7, 2, 7, 4, 2], 7) = 16806
N([7, 2, 7, 4, 3], 7) = 16806
N([7, 2, 7, 4, 4], 7) = 16806
N([7, 2, 7, 4, 5], 7) = 16806
N([7, 2, 7, 4, 6], 7) = 16806
N([7, 2, 7, 4, 7], 7) = 16806
N([7, 2, 7, 5, 1], 7) = 16806
N([7, 2, 7, 5, 2], 7) = 16806
N([7, 2, 7, 5, 3], 7) = 16806
N([7, 2, 7, 5, 4], 7) = 16806
N([7, 2, 7, 5, 5], 7) = 16806
N([7, 2, 7, 5, 6], 7) = 16806
N([7, 2, 7, 5, 7], 7) = 16806
N([7, 2, 7, 6, 1], 7) = 16806
N([7, 2, 7, 6, 2], 7) = 16806
N([7, 2, 7, 6, 3], 7) = 16806
N([7, 2, 7, 6, 4], 7) = 16806
N([7, 2, 7, 6, 5], 7) = 16806
N([7, 2, 7, 6, 6], 7) = 16806
N([7, 2, 7, 6, 7], 7) = 16806
N([7, 2, 7, 7, 1], 7) = 16806
N([7, 2, 7, 7, 2], 7) = 16806
N([7, 2, 7, 7, 3], 7) = 16806
N([7, 2, 7, 7, 4], 7) = 16806
N([7, 2, 7, 7, 5], 7) = 16806
N([7, 2, 7, 7, 6], 7) = 16806
N([7, 2, 7, 7, 7], 7) = 16806
N([7, 3, 1, 1, 1], 7) = 16806
N([7, 3, 1, 1, 2], 7) = 16806
N([7, 3, 1, 1, 3], 7) = 16806
N([7, 3, 1, 1, 4], 7) = 16806
N([7, 3, 1, 1, 5], 7) = 16806
N([7, 3, 1, 1, 6], 7) = 16806
N([7, 3, 1, 1, 7], 7) = 16806
N([7, 3, 1, 2, 1], 7) = 16806
N([7, 3, 1, 2, 2], 7) = 16806
N([7, 3, 1, 2, 3], 7) = 16806
N([7, 3, 1, 2, 4], 7) = 16806
N([7, 3, 1, 2, 5], 7) = 16806
N([7, 3, 1, 2, 6], 7) = 16806
N([7, 3, 1, 2, 7], 7) = 16806
N([7, 3, 1, 3, 1], 7) = 16806
N([7, 3, 1, 3, 2], 7) = 16806
N([7, 3, 1, 3, 3], 7) = 16806
N([7, 3, 1, 3, 4], 7) = 16806
N([7, 3, 1, 3, 5], 7) = 16806
N([7, 3, 1, 3, 6], 7) = 16806
N([7, 3, 1, 3, 7], 7) = 16806
N([7, 3, 1, 4, 1], 7) = 16806
N([7, 3, 1, 4, 2], 7) = 16806
N([7, 3, 1, 4, 3], 7) = 16806
N([7, 3, 1, 4, 4], 7) = 16806
N([7, 3, 1, 4, 5], 7) = 16806
N([7, 3, 1, 4, 6], 7) = 16806
N([7, 3, 1, 4, 7], 7) = 16806
N([7, 3, 1, 5, 1], 7) = 16806
N([7, 3, 1, 5, 2], 7) = 16806
N([7, 3, 1, 5, 3], 7) = 16806
N([7, 3, 1, 5, 4], 7) = 16806
N([7, 3, 1, 5, 5], 7) = 16806
N([7, 3, 1, 5, 6], 7) = 16806
N([7, 3, 1, 5, 7], 7) = 16806
N([7, 3, 1, 6, 1], 7) = 16806
N([7, 3, 1, 6, 2], 7) = 16806
N([7, 3, 1, 6, 3], 7) = 16806
N([7, 3, 1, 6, 4], 7) = 16806
N([7, 3, 1, 6, 5], 7) = 16806
N([7, 3, 1, 6, 6], 7) = 16806
N([7, 3, 1, 6, 7], 7) = 16806
N([7, 3, 1, 7, 1], 7) = 16806
N([7, 3, 1, 7, 2], 7) = 16806
N([7, 3, 1, 7, 3], 7) = 16806
N([7, 3, 1, 7, 4], 7) = 16806
N([7, 3, 1, 7, 5], 7) = 16806
N([7, 3, 1, 7, 6], 7) = 16806
N([7, 3, 1, 7, 7], 7) = 16806
N([7, 3, 2, 1, 1], 7) = 16806
N([7, 3, 2, 1, 2], 7) = 16806
N([7, 3, 2, 1, 3], 7) = 16806
N([7, 3, 2, 1, 4], 7) = 16806
N([7, 3, 2, 1, 5], 7) = 16806
N([7, 3, 2, 1, 6], 7) = 16806
N([7, 3, 2, 1, 7], 7) = 16806
N([7, 3, 2, 2, 1], 7) = 16806
N([7, 3, 2, 2, 2], 7) = 16806
N([7, 3, 2, 2, 3], 7) = 16806
N([7, 3, 2, 2, 4], 7) = 16806
N([7, 3, 2, 2, 5], 7) = 16806
N([7, 3, 2, 2, 6], 7) = 16806
N([7, 3, 2, 2, 7], 7) = 16806
N([7, 3, 2, 3, 1], 7) = 16806
N([7, 3, 2, 3, 2], 7) = 16806
N([7, 3, 2, 3, 3], 7) = 16806
N([7, 3, 2, 3, 4], 7) = 16806
N([7, 3, 2, 3, 5], 7) = 16806
N([7, 3, 2, 3, 6], 7) = 16806
N([7, 3, 2, 3, 7], 7) = 16806
N([7, 3, 2, 4, 1], 7) = 16806
N([7, 3, 2, 4, 2], 7) = 16806
N([7, 3, 2, 4, 3], 7) = 16806
N([7, 3, 2, 4, 4], 7) = 16806
N([7, 3, 2, 4, 5], 7) = 16806
N([7, 3, 2, 4, 6], 7) = 16806
N([7, 3, 2, 4, 7], 7) = 16806
N([7, 3, 2, 5, 1], 7) = 16806
N([7, 3, 2, 5, 2], 7) = 16806
N([7, 3, 2, 5, 3], 7) = 16806
N([7, 3, 2, 5, 4], 7) = 16806
N([7, 3, 2, 5, 5], 7) = 16806
N([7, 3, 2, 5, 6], 7) = 16806
N([7, 3, 2, 5, 7], 7) = 16806
N([7, 3, 2, 6, 1], 7) = 16806
N([7, 3, 2, 6, 2], 7) = 16806
N([7, 3, 2, 6, 3], 7) = 16806
N([7, 3, 2, 6, 4], 7) = 16806
N([7, 3, 2, 6, 5], 7) = 16806
N([7, 3, 2, 6, 6], 7) = 16806
N([7, 3, 2, 6, 7], 7) = 16806
N([7, 3, 2, 7, 1], 7) = 16806
N([7, 3, 2, 7, 2], 7) = 16806
N([7, 3, 2, 7, 3], 7) = 16806
N([7, 3, 2, 7, 4], 7) = 16806
N([7, 3, 2, 7, 5], 7) = 16806
N([7, 3, 2, 7, 6], 7) = 16806
N([7, 3, 2, 7, 7], 7) = 16806
N([7, 3, 3, 1, 1], 7) = 16806
N([7, 3, 3, 1, 2], 7) = 16806
N([7, 3, 3, 1, 3], 7) = 16806
N([7, 3, 3, 1, 4], 7) = 16806
N([7, 3, 3, 1, 5], 7) = 16806
N([7, 3, 3, 1, 6], 7) = 16806
N([7, 3, 3, 1, 7], 7) = 16806
N([7, 3, 3, 2, 1], 7) = 16806
N([7, 3, 3, 2, 2], 7) = 16806
N([7, 3, 3, 2, 3], 7) = 16806
N([7, 3, 3, 2, 4], 7) = 16806
N([7, 3, 3, 2, 5], 7) = 16806
N([7, 3, 3, 2, 6], 7) = 16806
N([7, 3, 3, 2, 7], 7) = 16806
N([7, 3, 3, 3, 1], 7) = 16806
N([7, 3, 3, 3, 2], 7) = 16806
N([7, 3, 3, 3, 3], 7) = 16806
N([7, 3, 3, 3, 4], 7) = 16806
N([7, 3, 3, 3, 5], 7) = 16806
N([7, 3, 3, 3, 6], 7) = 16806
N([7, 3, 3, 3, 7], 7) = 16806
N([7, 3, 3, 4, 1], 7) = 16806
N([7, 3, 3, 4, 2], 7) = 16806
N([7, 3, 3, 4, 3], 7) = 16806
N([7, 3, 3, 4, 4], 7) = 16806
N([7, 3, 3, 4, 5], 7) = 16806
N([7, 3, 3, 4, 6], 7) = 16806
N([7, 3, 3, 4, 7], 7) = 16806
N([7, 3, 3, 5, 1], 7) = 16806
N([7, 3, 3, 5, 2], 7) = 16806
N([7, 3, 3, 5, 3], 7) = 16806
N([7, 3, 3, 5, 4], 7) = 16806
N([7, 3, 3, 5, 5], 7) = 16806
N([7, 3, 3, 5, 6], 7) = 16806
N([7, 3, 3, 5, 7], 7) = 16806
N([7, 3, 3, 6, 1], 7) = 16806
N([7, 3, 3, 6, 2], 7) = 16806
N([7, 3, 3, 6, 3], 7) = 16806
N([7, 3, 3, 6, 4], 7) = 16806
N([7, 3, 3, 6, 5], 7) = 16806
N([7, 3, 3, 6, 6], 7) = 16806
N([7, 3, 3, 6, 7], 7) = 16806
N([7, 3, 3, 7, 1], 7) = 16806
N([7, 3, 3, 7, 2], 7) = 16806
N([7, 3, 3, 7, 3], 7) = 16806
N([7, 3, 3, 7, 4], 7) = 16806
N([7, 3, 3, 7, 5], 7) = 16806
N([7, 3, 3, 7, 6], 7) = 16806
N([7, 3, 3, 7, 7], 7) = 16806
N([7, 3, 4, 1, 1], 7) = 16806
N([7, 3, 4, 1, 2], 7) = 16806
N([7, 3, 4, 1, 3], 7) = 16806
N([7, 3, 4, 1, 4], 7) = 16806
N([7, 3, 4, 1, 5], 7) = 16806
N([7, 3, 4, 1, 6], 7) = 16806
N([7, 3, 4, 1, 7], 7) = 16806
N([7, 3, 4, 2, 1], 7) = 16806
N([7, 3, 4, 2, 2], 7) = 16806
N([7, 3, 4, 2, 3], 7) = 16806
N([7, 3, 4, 2, 4], 7) = 16806
N([7, 3, 4, 2, 5], 7) = 16806
N([7, 3, 4, 2, 6], 7) = 16806
N([7, 3, 4, 2, 7], 7) = 16806
N([7, 3, 4, 3, 1], 7) = 16806
N([7, 3, 4, 3, 2], 7) = 16806
N([7, 3, 4, 3, 3], 7) = 16806
N([7, 3, 4, 3, 4], 7) = 16806
N([7, 3, 4, 3, 5], 7) = 16806
N([7, 3, 4, 3, 6], 7) = 16806
N([7, 3, 4, 3, 7], 7) = 16806
N([7, 3, 4, 4, 1], 7) = 16806
N([7, 3, 4, 4, 2], 7) = 16806
N([7, 3, 4, 4, 3], 7) = 16806
N([7, 3, 4, 4, 4], 7) = 16806
N([7, 3, 4, 4, 5], 7) = 16806
N([7, 3, 4, 4, 6], 7) = 16806
N([7, 3, 4, 4, 7], 7) = 16806
N([7, 3, 4, 5, 1], 7) = 16806
N([7, 3, 4, 5, 2], 7) = 16806
N([7, 3, 4, 5, 3], 7) = 16806
N([7, 3, 4, 5, 4], 7) = 16806
N([7, 3, 4, 5, 5], 7) = 16806
N([7, 3, 4, 5, 6], 7) = 16806
N([7, 3, 4, 5, 7], 7) = 16806
N([7, 3, 4, 6, 1], 7) = 16806
N([7, 3, 4, 6, 2], 7) = 16806
N([7, 3, 4, 6, 3], 7) = 16806
N([7, 3, 4, 6, 4], 7) = 16806
N([7, 3, 4, 6, 5], 7) = 16806
N([7, 3, 4, 6, 6], 7) = 16806
N([7, 3, 4, 6, 7], 7) = 16806
N([7, 3, 4, 7, 1], 7) = 16806
N([7, 3, 4, 7, 2], 7) = 16806
N([7, 3, 4, 7, 3], 7) = 16806
N([7, 3, 4, 7, 4], 7) = 16806
N([7, 3, 4, 7, 5], 7) = 16806
N([7, 3, 4, 7, 6], 7) = 16806
N([7, 3, 4, 7, 7], 7) = 16806
N([7, 3, 5, 1, 1], 7) = 16806
N([7, 3, 5, 1, 2], 7) = 16806
N([7, 3, 5, 1, 3], 7) = 16806
N([7, 3, 5, 1, 4], 7) = 16806
N([7, 3, 5, 1, 5], 7) = 16806
N([7, 3, 5, 1, 6], 7) = 16806
N([7, 3, 5, 1, 7], 7) = 16806
N([7, 3, 5, 2, 1], 7) = 16806
N([7, 3, 5, 2, 2], 7) = 16806
N([7, 3, 5, 2, 3], 7) = 16806
N([7, 3, 5, 2, 4], 7) = 16806
N([7, 3, 5, 2, 5], 7) = 16806
N([7, 3, 5, 2, 6], 7) = 16806
N([7, 3, 5, 2, 7], 7) = 16806
N([7, 3, 5, 3, 1], 7) = 16806
N([7, 3, 5, 3, 2], 7) = 16806
N([7, 3, 5, 3, 3], 7) = 16806
N([7, 3, 5, 3, 4], 7) = 16806
N([7, 3, 5, 3, 5], 7) = 16806
N([7, 3, 5, 3, 6], 7) = 16806
N([7, 3, 5, 3, 7], 7) = 16806
N([7, 3, 5, 4, 1], 7) = 16806
N([7, 3, 5, 4, 2], 7) = 16806
N([7, 3, 5, 4, 3], 7) = 16806
N([7, 3, 5, 4, 4], 7) = 16806
N([7, 3, 5, 4, 5], 7) = 16806
N([7, 3, 5, 4, 6], 7) = 16806
N([7, 3, 5, 4, 7], 7) = 16806
N([7, 3, 5, 5, 1], 7) = 16806
N([7, 3, 5, 5, 2], 7) = 16806
N([7, 3, 5, 5, 3], 7) = 16806
N([7, 3, 5, 5, 4], 7) = 16806
N([7, 3, 5, 5, 5], 7) = 16806
N([7, 3, 5, 5, 6], 7) = 16806
N([7, 3, 5, 5, 7], 7) = 16806
N([7, 3, 5, 6, 1], 7) = 16806
N([7, 3, 5, 6, 2], 7) = 16806
N([7, 3, 5, 6, 3], 7) = 16806
N([7, 3, 5, 6, 4], 7) = 16806
N([7, 3, 5, 6, 5], 7) = 16806
N([7, 3, 5, 6, 6], 7) = 16806
N([7, 3, 5, 6, 7], 7) = 16806
N([7, 3, 5, 7, 1], 7) = 16806
N([7, 3, 5, 7, 2], 7) = 16806
N([7, 3, 5, 7, 3], 7) = 16806
N([7, 3, 5, 7, 4], 7) = 16806
N([7, 3, 5, 7, 5], 7) = 16806
N([7, 3, 5, 7, 6], 7) = 16806
N([7, 3, 5, 7, 7], 7) = 16806
N([7, 3, 6, 1, 1], 7) = 16806
N([7, 3, 6, 1, 2], 7) = 16806
N([7, 3, 6, 1, 3], 7) = 16806
N([7, 3, 6, 1, 4], 7) = 16806
N([7, 3, 6, 1, 5], 7) = 16806
N([7, 3, 6, 1, 6], 7) = 16806
N([7, 3, 6, 1, 7], 7) = 16806
N([7, 3, 6, 2, 1], 7) = 16806
N([7, 3, 6, 2, 2], 7) = 16806
N([7, 3, 6, 2, 3], 7) = 16806
N([7, 3, 6, 2, 4], 7) = 16806
N([7, 3, 6, 2, 5], 7) = 16806
N([7, 3, 6, 2, 6], 7) = 16806
N([7, 3, 6, 2, 7], 7) = 16806
N([7, 3, 6, 3, 1], 7) = 16806
N([7, 3, 6, 3, 2], 7) = 16806
N([7, 3, 6, 3, 3], 7) = 16806
N([7, 3, 6, 3, 4], 7) = 16806
N([7, 3, 6, 3, 5], 7) = 16806
N([7, 3, 6, 3, 6], 7) = 16806
N([7, 3, 6, 3, 7], 7) = 16806
N([7, 3, 6, 4, 1], 7) = 16806
N([7, 3, 6, 4, 2], 7) = 16806
N([7, 3, 6, 4, 3], 7) = 16806
N([7, 3, 6, 4, 4], 7) = 16806
N([7, 3, 6, 4, 5], 7) = 16806
N([7, 3, 6, 4, 6], 7) = 16806
N([7, 3, 6, 4, 7], 7) = 16806
N([7, 3, 6, 5, 1], 7) = 16806
N([7, 3, 6, 5, 2], 7) = 16806
N([7, 3, 6, 5, 3], 7) = 16806
N([7, 3, 6, 5, 4], 7) = 16806
N([7, 3, 6, 5, 5], 7) = 16806
N([7, 3, 6, 5, 6], 7) = 16806
N([7, 3, 6, 5, 7], 7) = 16806
N([7, 3, 6, 6, 1], 7) = 16806
N([7, 3, 6, 6, 2], 7) = 16806
N([7, 3, 6, 6, 3], 7) = 16806
N([7, 3, 6, 6, 4], 7) = 16806
N([7, 3, 6, 6, 5], 7) = 16806
N([7, 3, 6, 6, 6], 7) = 16806
N([7, 3, 6, 6, 7], 7) = 16806
N([7, 3, 6, 7, 1], 7) = 16806
N([7, 3, 6, 7, 2], 7) = 16806
N([7, 3, 6, 7, 3], 7) = 16806
N([7, 3, 6, 7, 4], 7) = 16806
N([7, 3, 6, 7, 5], 7) = 16806
N([7, 3, 6, 7, 6], 7) = 16806
N([7, 3, 6, 7, 7], 7) = 16806
N([7, 3, 7, 1, 1], 7) = 16806
N([7, 3, 7, 1, 2], 7) = 16806
N([7, 3, 7, 1, 3], 7) = 16806
N([7, 3, 7, 1, 4], 7) = 16806
N([7, 3, 7, 1, 5], 7) = 16806
N([7, 3, 7, 1, 6], 7) = 16806
N([7, 3, 7, 1, 7], 7) = 16806
N([7, 3, 7, 2, 1], 7) = 16806
N([7, 3, 7, 2, 2], 7) = 16806
N([7, 3, 7, 2, 3], 7) = 16806
N([7, 3, 7, 2, 4], 7) = 16806
N([7, 3, 7, 2, 5], 7) = 16806
N([7, 3, 7, 2, 6], 7) = 16806
N([7, 3, 7, 2, 7], 7) = 16806
N([7, 3, 7, 3, 1], 7) = 16806
N([7, 3, 7, 3, 2], 7) = 16806
N([7, 3, 7, 3, 3], 7) = 16806
N([7, 3, 7, 3, 4], 7) = 16806
N([7, 3, 7, 3, 5], 7) = 16806
N([7, 3, 7, 3, 6], 7) = 16806
N([7, 3, 7, 3, 7], 7) = 16806
N([7, 3, 7, 4, 1], 7) = 16806
N([7, 3, 7, 4, 2], 7) = 16806
N([7, 3, 7, 4, 3], 7) = 16806
N([7, 3, 7, 4, 4], 7) = 16806
N([7, 3, 7, 4, 5], 7) = 16806
N([7, 3, 7, 4, 6], 7) = 16806
N([7, 3, 7, 4, 7], 7) = 16806
N([7, 3, 7, 5, 1], 7) = 16806
N([7, 3, 7, 5, 2], 7) = 16806
N([7, 3, 7, 5, 3], 7) = 16806
N([7, 3, 7, 5, 4], 7) = 16806
N([7, 3, 7, 5, 5], 7) = 16806
N([7, 3, 7, 5, 6], 7) = 16806
N([7, 3, 7, 5, 7], 7) = 16806
N([7, 3, 7, 6, 1], 7) = 16806
N([7, 3, 7, 6, 2], 7) = 16806
N([7, 3, 7, 6, 3], 7) = 16806
N([7, 3, 7, 6, 4], 7) = 16806
N([7, 3, 7, 6, 5], 7) = 16806
N([7, 3, 7, 6, 6], 7) = 16806
N([7, 3, 7, 6, 7], 7) = 16806
N([7, 3, 7, 7, 1], 7) = 16806
N([7, 3, 7, 7, 2], 7) = 16806
N([7, 3, 7, 7, 3], 7) = 16806
N([7, 3, 7, 7, 4], 7) = 16806
N([7, 3, 7, 7, 5], 7) = 16806
N([7, 3, 7, 7, 6], 7) = 16806
N([7, 3, 7, 7, 7], 7) = 16806
N([7, 4, 1, 1, 1], 7) = 16806
N([7, 4, 1, 1, 2], 7) = 16806
N([7, 4, 1, 1, 3], 7) = 16806
N([7, 4, 1, 1, 4], 7) = 16806
N([7, 4, 1, 1, 5], 7) = 16806
N([7, 4, 1, 1, 6], 7) = 16806
N([7, 4, 1, 1, 7], 7) = 16806
N([7, 4, 1, 2, 1], 7) = 16806
N([7, 4, 1, 2, 2], 7) = 16806
N([7, 4, 1, 2, 3], 7) = 16806
N([7, 4, 1, 2, 4], 7) = 16806
N([7, 4, 1, 2, 5], 7) = 16806
N([7, 4, 1, 2, 6], 7) = 16806
N([7, 4, 1, 2, 7], 7) = 16806
N([7, 4, 1, 3, 1], 7) = 16806
N([7, 4, 1, 3, 2], 7) = 16806
N([7, 4, 1, 3, 3], 7) = 16806
N([7, 4, 1, 3, 4], 7) = 16806
N([7, 4, 1, 3, 5], 7) = 16806
N([7, 4, 1, 3, 6], 7) = 16806
N([7, 4, 1, 3, 7], 7) = 16806
N([7, 4, 1, 4, 1], 7) = 16806
N([7, 4, 1, 4, 2], 7) = 16806
N([7, 4, 1, 4, 3], 7) = 16806
N([7, 4, 1, 4, 4], 7) = 16806
N([7, 4, 1, 4, 5], 7) = 16806
N([7, 4, 1, 4, 6], 7) = 16806
N([7, 4, 1, 4, 7], 7) = 16806
N([7, 4, 1, 5, 1], 7) = 16806
N([7, 4, 1, 5, 2], 7) = 16806
N([7, 4, 1, 5, 3], 7) = 16806
N([7, 4, 1, 5, 4], 7) = 16806
N([7, 4, 1, 5, 5], 7) = 16806
N([7, 4, 1, 5, 6], 7) = 16806
N([7, 4, 1, 5, 7], 7) = 16806
N([7, 4, 1, 6, 1], 7) = 16806
N([7, 4, 1, 6, 2], 7) = 16806
N([7, 4, 1, 6, 3], 7) = 16806
N([7, 4, 1, 6, 4], 7) = 16806
N([7, 4, 1, 6, 5], 7) = 16806
N([7, 4, 1, 6, 6], 7) = 16806
N([7, 4, 1, 6, 7], 7) = 16806
N([7, 4, 1, 7, 1], 7) = 16806
N([7, 4, 1, 7, 2], 7) = 16806
N([7, 4, 1, 7, 3], 7) = 16806
N([7, 4, 1, 7, 4], 7) = 16806
N([7, 4, 1, 7, 5], 7) = 16806
N([7, 4, 1, 7, 6], 7) = 16806
N([7, 4, 1, 7, 7], 7) = 16806
N([7, 4, 2, 1, 1], 7) = 16806
N([7, 4, 2, 1, 2], 7) = 16806
N([7, 4, 2, 1, 3], 7) = 16806
N([7, 4, 2, 1, 4], 7) = 16806
N([7, 4, 2, 1, 5], 7) = 16806
N([7, 4, 2, 1, 6], 7) = 16806
N([7, 4, 2, 1, 7], 7) = 16806
N([7, 4, 2, 2, 1], 7) = 16806
N([7, 4, 2, 2, 2], 7) = 16806
N([7, 4, 2, 2, 3], 7) = 16806
N([7, 4, 2, 2, 4], 7) = 16806
N([7, 4, 2, 2, 5], 7) = 16806
N([7, 4, 2, 2, 6], 7) = 16806
N([7, 4, 2, 2, 7], 7) = 16806
N([7, 4, 2, 3, 1], 7) = 16806
N([7, 4, 2, 3, 2], 7) = 16806
N([7, 4, 2, 3, 3], 7) = 16806
N([7, 4, 2, 3, 4], 7) = 16806
N([7, 4, 2, 3, 5], 7) = 16806
N([7, 4, 2, 3, 6], 7) = 16806
N([7, 4, 2, 3, 7], 7) = 16806
N([7, 4, 2, 4, 1], 7) = 16806
N([7, 4, 2, 4, 2], 7) = 16806
N([7, 4, 2, 4, 3], 7) = 16806
N([7, 4, 2, 4, 4], 7) = 16806
N([7, 4, 2, 4, 5], 7) = 16806
N([7, 4, 2, 4, 6], 7) = 16806
N([7, 4, 2, 4, 7], 7) = 16806
N([7, 4, 2, 5, 1], 7) = 16806
N([7, 4, 2, 5, 2], 7) = 16806
N([7, 4, 2, 5, 3], 7) = 16806
N([7, 4, 2, 5, 4], 7) = 16806
N([7, 4, 2, 5, 5], 7) = 16806
N([7, 4, 2, 5, 6], 7) = 16806
N([7, 4, 2, 5, 7], 7) = 16806
N([7, 4, 2, 6, 1], 7) = 16806
N([7, 4, 2, 6, 2], 7) = 16806
N([7, 4, 2, 6, 3], 7) = 16806
N([7, 4, 2, 6, 4], 7) = 16806
N([7, 4, 2, 6, 5], 7) = 16806
N([7, 4, 2, 6, 6], 7) = 16806
N([7, 4, 2, 6, 7], 7) = 16806
N([7, 4, 2, 7, 1], 7) = 16806
N([7, 4, 2, 7, 2], 7) = 16806
N([7, 4, 2, 7, 3], 7) = 16806
N([7, 4, 2, 7, 4], 7) = 16806
N([7, 4, 2, 7, 5], 7) = 16806
N([7, 4, 2, 7, 6], 7) = 16806
N([7, 4, 2, 7, 7], 7) = 16806
N([7, 4, 3, 1, 1], 7) = 16806
N([7, 4, 3, 1, 2], 7) = 16806
N([7, 4, 3, 1, 3], 7) = 16806
N([7, 4, 3, 1, 4], 7) = 16806
N([7, 4, 3, 1, 5], 7) = 16806
N([7, 4, 3, 1, 6], 7) = 16806
N([7, 4, 3, 1, 7], 7) = 16806
N([7, 4, 3, 2, 1], 7) = 16806
N([7, 4, 3, 2, 2], 7) = 16806
N([7, 4, 3, 2, 3], 7) = 16806
N([7, 4, 3, 2, 4], 7) = 16806
N([7, 4, 3, 2, 5], 7) = 16806
N([7, 4, 3, 2, 6], 7) = 16806
N([7, 4, 3, 2, 7], 7) = 16806
N([7, 4, 3, 3, 1], 7) = 16806
N([7, 4, 3, 3, 2], 7) = 16806
N([7, 4, 3, 3, 3], 7) = 16806
N([7, 4, 3, 3, 4], 7) = 16806
N([7, 4, 3, 3, 5], 7) = 16806
N([7, 4, 3, 3, 6], 7) = 16806
N([7, 4, 3, 3, 7], 7) = 16806
N([7, 4, 3, 4, 1], 7) = 16806
N([7, 4, 3, 4, 2], 7) = 16806
N([7, 4, 3, 4, 3], 7) = 16806
N([7, 4, 3, 4, 4], 7) = 16806
N([7, 4, 3, 4, 5], 7) = 16806
N([7, 4, 3, 4, 6], 7) = 16806
N([7, 4, 3, 4, 7], 7) = 16806
N([7, 4, 3, 5, 1], 7) = 16806
N([7, 4, 3, 5, 2], 7) = 16806
N([7, 4, 3, 5, 3], 7) = 16806
N([7, 4, 3, 5, 4], 7) = 16806
N([7, 4, 3, 5, 5], 7) = 16806
N([7, 4, 3, 5, 6], 7) = 16806
N([7, 4, 3, 5, 7], 7) = 16806
N([7, 4, 3, 6, 1], 7) = 16806
N([7, 4, 3, 6, 2], 7) = 16806
N([7, 4, 3, 6, 3], 7) = 16806
N([7, 4, 3, 6, 4], 7) = 16806
N([7, 4, 3, 6, 5], 7) = 16806
N([7, 4, 3, 6, 6], 7) = 16806
N([7, 4, 3, 6, 7], 7) = 16806
N([7, 4, 3, 7, 1], 7) = 16806
N([7, 4, 3, 7, 2], 7) = 16806
N([7, 4, 3, 7, 3], 7) = 16806
N([7, 4, 3, 7, 4], 7) = 16806
N([7, 4, 3, 7, 5], 7) = 16806
N([7, 4, 3, 7, 6], 7) = 16806
N([7, 4, 3, 7, 7], 7) = 16806
N([7, 4, 4, 1, 1], 7) = 16806
N([7, 4, 4, 1, 2], 7) = 16806
N([7, 4, 4, 1, 3], 7) = 16806
N([7, 4, 4, 1, 4], 7) = 16806
N([7, 4, 4, 1, 5], 7) = 16806
N([7, 4, 4, 1, 6], 7) = 16806
N([7, 4, 4, 1, 7], 7) = 16806
N([7, 4, 4, 2, 1], 7) = 16806
N([7, 4, 4, 2, 2], 7) = 16806
N([7, 4, 4, 2, 3], 7) = 16806
N([7, 4, 4, 2, 4], 7) = 16806
N([7, 4, 4, 2, 5], 7) = 16806
N([7, 4, 4, 2, 6], 7) = 16806
N([7, 4, 4, 2, 7], 7) = 16806
N([7, 4, 4, 3, 1], 7) = 16806
N([7, 4, 4, 3, 2], 7) = 16806
N([7, 4, 4, 3, 3], 7) = 16806
N([7, 4, 4, 3, 4], 7) = 16806
N([7, 4, 4, 3, 5], 7) = 16806
N([7, 4, 4, 3, 6], 7) = 16806
N([7, 4, 4, 3, 7], 7) = 16806
N([7, 4, 4, 4, 1], 7) = 16806
N([7, 4, 4, 4, 2], 7) = 16806
N([7, 4, 4, 4, 3], 7) = 16806
N([7, 4, 4, 4, 4], 7) = 16806
N([7, 4, 4, 4, 5], 7) = 16806
N([7, 4, 4, 4, 6], 7) = 16806
N([7, 4, 4, 4, 7], 7) = 16806
N([7, 4, 4, 5, 1], 7) = 16806
N([7, 4, 4, 5, 2], 7) = 16806
N([7, 4, 4, 5, 3], 7) = 16806
N([7, 4, 4, 5, 4], 7) = 16806
N([7, 4, 4, 5, 5], 7) = 16806
N([7, 4, 4, 5, 6], 7) = 16806
N([7, 4, 4, 5, 7], 7) = 16806
N([7, 4, 4, 6, 1], 7) = 16806
N([7, 4, 4, 6, 2], 7) = 16806
N([7, 4, 4, 6, 3], 7) = 16806
N([7, 4, 4, 6, 4], 7) = 16806
N([7, 4, 4, 6, 5], 7) = 16806
N([7, 4, 4, 6, 6], 7) = 16806
N([7, 4, 4, 6, 7], 7) = 16806
N([7, 4, 4, 7, 1], 7) = 16806
N([7, 4, 4, 7, 2], 7) = 16806
N([7, 4, 4, 7, 3], 7) = 16806
N([7, 4, 4, 7, 4], 7) = 16806
N([7, 4, 4, 7, 5], 7) = 16806
N([7, 4, 4, 7, 6], 7) = 16806
N([7, 4, 4, 7, 7], 7) = 16806
N([7, 4, 5, 1, 1], 7) = 16806
N([7, 4, 5, 1, 2], 7) = 16806
N([7, 4, 5, 1, 3], 7) = 16806
N([7, 4, 5, 1, 4], 7) = 16806
N([7, 4, 5, 1, 5], 7) = 16806
N([7, 4, 5, 1, 6], 7) = 16806
N([7, 4, 5, 1, 7], 7) = 16806
N([7, 4, 5, 2, 1], 7) = 16806
N([7, 4, 5, 2, 2], 7) = 16806
N([7, 4, 5, 2, 3], 7) = 16806
N([7, 4, 5, 2, 4], 7) = 16806
N([7, 4, 5, 2, 5], 7) = 16806
N([7, 4, 5, 2, 6], 7) = 16806
N([7, 4, 5, 2, 7], 7) = 16806
N([7, 4, 5, 3, 1], 7) = 16806
N([7, 4, 5, 3, 2], 7) = 16806
N([7, 4, 5, 3, 3], 7) = 16806
N([7, 4, 5, 3, 4], 7) = 16806
N([7, 4, 5, 3, 5], 7) = 16806
N([7, 4, 5, 3, 6], 7) = 16806
N([7, 4, 5, 3, 7], 7) = 16806
N([7, 4, 5, 4, 1], 7) = 16806
N([7, 4, 5, 4, 2], 7) = 16806
N([7, 4, 5, 4, 3], 7) = 16806
N([7, 4, 5, 4, 4], 7) = 16806
N([7, 4, 5, 4, 5], 7) = 16806
N([7, 4, 5, 4, 6], 7) = 16806
N([7, 4, 5, 4, 7], 7) = 16806
N([7, 4, 5, 5, 1], 7) = 16806
N([7, 4, 5, 5, 2], 7) = 16806
N([7, 4, 5, 5, 3], 7) = 16806
N([7, 4, 5, 5, 4], 7) = 16806
N([7, 4, 5, 5, 5], 7) = 16806
N([7, 4, 5, 5, 6], 7) = 16806
N([7, 4, 5, 5, 7], 7) = 16806
N([7, 4, 5, 6, 1], 7) = 16806
N([7, 4, 5, 6, 2], 7) = 16806
N([7, 4, 5, 6, 3], 7) = 16806
N([7, 4, 5, 6, 4], 7) = 16806
N([7, 4, 5, 6, 5], 7) = 16806
N([7, 4, 5, 6, 6], 7) = 16806
N([7, 4, 5, 6, 7], 7) = 16806
N([7, 4, 5, 7, 1], 7) = 16806
N([7, 4, 5, 7, 2], 7) = 16806
N([7, 4, 5, 7, 3], 7) = 16806
N([7, 4, 5, 7, 4], 7) = 16806
N([7, 4, 5, 7, 5], 7) = 16806
N([7, 4, 5, 7, 6], 7) = 16806
N([7, 4, 5, 7, 7], 7) = 16806
N([7, 4, 6, 1, 1], 7) = 16806
N([7, 4, 6, 1, 2], 7) = 16806
N([7, 4, 6, 1, 3], 7) = 16806
N([7, 4, 6, 1, 4], 7) = 16806
N([7, 4, 6, 1, 5], 7) = 16806
N([7, 4, 6, 1, 6], 7) = 16806
N([7, 4, 6, 1, 7], 7) = 16806
N([7, 4, 6, 2, 1], 7) = 16806
N([7, 4, 6, 2, 2], 7) = 16806
N([7, 4, 6, 2, 3], 7) = 16806
N([7, 4, 6, 2, 4], 7) = 16806
N([7, 4, 6, 2, 5], 7) = 16806
N([7, 4, 6, 2, 6], 7) = 16806
N([7, 4, 6, 2, 7], 7) = 16806
N([7, 4, 6, 3, 1], 7) = 16806
N([7, 4, 6, 3, 2], 7) = 16806
N([7, 4, 6, 3, 3], 7) = 16806
N([7, 4, 6, 3, 4], 7) = 16806
N([7, 4, 6, 3, 5], 7) = 16806
N([7, 4, 6, 3, 6], 7) = 16806
N([7, 4, 6, 3, 7], 7) = 16806
N([7, 4, 6, 4, 1], 7) = 16806
N([7, 4, 6, 4, 2], 7) = 16806
N([7, 4, 6, 4, 3], 7) = 16806
N([7, 4, 6, 4, 4], 7) = 16806
N([7, 4, 6, 4, 5], 7) = 16806
N([7, 4, 6, 4, 6], 7) = 16806
N([7, 4, 6, 4, 7], 7) = 16806
N([7, 4, 6, 5, 1], 7) = 16806
N([7, 4, 6, 5, 2], 7) = 16806
N([7, 4, 6, 5, 3], 7) = 16806
N([7, 4, 6, 5, 4], 7) = 16806
N([7, 4, 6, 5, 5], 7) = 16806
N([7, 4, 6, 5, 6], 7) = 16806
N([7, 4, 6, 5, 7], 7) = 16806
N([7, 4, 6, 6, 1], 7) = 16806
N([7, 4, 6, 6, 2], 7) = 16806
N([7, 4, 6, 6, 3], 7) = 16806
N([7, 4, 6, 6, 4], 7) = 16806
N([7, 4, 6, 6, 5], 7) = 16806
N([7, 4, 6, 6, 6], 7) = 16806
N([7, 4, 6, 6, 7], 7) = 16806
N([7, 4, 6, 7, 1], 7) = 16806
N([7, 4, 6, 7, 2], 7) = 16806
N([7, 4, 6, 7, 3], 7) = 16806
N([7, 4, 6, 7, 4], 7) = 16806
N([7, 4, 6, 7, 5], 7) = 16806
N([7, 4, 6, 7, 6], 7) = 16806
N([7, 4, 6, 7, 7], 7) = 16806
N([7, 4, 7, 1, 1], 7) = 16806
N([7, 4, 7, 1, 2], 7) = 16806
N([7, 4, 7, 1, 3], 7) = 16806
N([7, 4, 7, 1, 4], 7) = 16806
N([7, 4, 7, 1, 5], 7) = 16806
N([7, 4, 7, 1, 6], 7) = 16806
N([7, 4, 7, 1, 7], 7) = 16806
N([7, 4, 7, 2, 1], 7) = 16806
N([7, 4, 7, 2, 2], 7) = 16806
N([7, 4, 7, 2, 3], 7) = 16806
N([7, 4, 7, 2, 4], 7) = 16806
N([7, 4, 7, 2, 5], 7) = 16806
N([7, 4, 7, 2, 6], 7) = 16806
N([7, 4, 7, 2, 7], 7) = 16806
N([7, 4, 7, 3, 1], 7) = 16806
N([7, 4, 7, 3, 2], 7) = 16806
N([7, 4, 7, 3, 3], 7) = 16806
N([7, 4, 7, 3, 4], 7) = 16806
N([7, 4, 7, 3, 5], 7) = 16806
N([7, 4, 7, 3, 6], 7) = 16806
N([7, 4, 7, 3, 7], 7) = 16806
N([7, 4, 7, 4, 1], 7) = 16806
N([7, 4, 7, 4, 2], 7) = 16806
N([7, 4, 7, 4, 3], 7) = 16806
N([7, 4, 7, 4, 4], 7) = 16806
N([7, 4, 7, 4, 5], 7) = 16806
N([7, 4, 7, 4, 6], 7) = 16806
N([7, 4, 7, 4, 7], 7) = 16806
N([7, 4, 7, 5, 1], 7) = 16806
N([7, 4, 7, 5, 2], 7) = 16806
N([7, 4, 7, 5, 3], 7) = 16806
N([7, 4, 7, 5, 4], 7) = 16806
N([7, 4, 7, 5, 5], 7) = 16806
N([7, 4, 7, 5, 6], 7) = 16806
N([7, 4, 7, 5, 7], 7) = 16806
N([7, 4, 7, 6, 1], 7) = 16806
N([7, 4, 7, 6, 2], 7) = 16806
N([7, 4, 7, 6, 3], 7) = 16806
N([7, 4, 7, 6, 4], 7) = 16806
N([7, 4, 7, 6, 5], 7) = 16806
N([7, 4, 7, 6, 6], 7) = 16806
N([7, 4, 7, 6, 7], 7) = 16806
N([7, 4, 7, 7, 1], 7) = 16806
N([7, 4, 7, 7, 2], 7) = 16806
N([7, 4, 7, 7, 3], 7) = 16806
N([7, 4, 7, 7, 4], 7) = 16806
N([7, 4, 7, 7, 5], 7) = 16806
N([7, 4, 7, 7, 6], 7) = 16806
N([7, 4, 7, 7, 7], 7) = 16806
N([7, 5, 1, 1, 1], 7) = 16806
N([7, 5, 1, 1, 2], 7) = 16806
N([7, 5, 1, 1, 3], 7) = 16806
N([7, 5, 1, 1, 4], 7) = 16806
N([7, 5, 1, 1, 5], 7) = 16806
N([7, 5, 1, 1, 6], 7) = 16806
N([7, 5, 1, 1, 7], 7) = 16806
N([7, 5, 1, 2, 1], 7) = 16806
N([7, 5, 1, 2, 2], 7) = 16806
N([7, 5, 1, 2, 3], 7) = 16806
N([7, 5, 1, 2, 4], 7) = 16806
N([7, 5, 1, 2, 5], 7) = 16806
N([7, 5, 1, 2, 6], 7) = 16806
N([7, 5, 1, 2, 7], 7) = 16806
N([7, 5, 1, 3, 1], 7) = 16806
N([7, 5, 1, 3, 2], 7) = 16806
N([7, 5, 1, 3, 3], 7) = 16806
N([7, 5, 1, 3, 4], 7) = 16806
N([7, 5, 1, 3, 5], 7) = 16806
N([7, 5, 1, 3, 6], 7) = 16806
N([7, 5, 1, 3, 7], 7) = 16806
N([7, 5, 1, 4, 1], 7) = 16806
N([7, 5, 1, 4, 2], 7) = 16806
N([7, 5, 1, 4, 3], 7) = 16806
N([7, 5, 1, 4, 4], 7) = 16806
N([7, 5, 1, 4, 5], 7) = 16806
N([7, 5, 1, 4, 6], 7) = 16806
N([7, 5, 1, 4, 7], 7) = 16806
N([7, 5, 1, 5, 1], 7) = 16806
N([7, 5, 1, 5, 2], 7) = 16806
N([7, 5, 1, 5, 3], 7) = 16806
N([7, 5, 1, 5, 4], 7) = 16806
N([7, 5, 1, 5, 5], 7) = 16806
N([7, 5, 1, 5, 6], 7) = 16806
N([7, 5, 1, 5, 7], 7) = 16806
N([7, 5, 1, 6, 1], 7) = 16806
N([7, 5, 1, 6, 2], 7) = 16806
N([7, 5, 1, 6, 3], 7) = 16806
N([7, 5, 1, 6, 4], 7) = 16806
N([7, 5, 1, 6, 5], 7) = 16806
N([7, 5, 1, 6, 6], 7) = 16806
N([7, 5, 1, 6, 7], 7) = 16806
N([7, 5, 1, 7, 1], 7) = 16806
N([7, 5, 1, 7, 2], 7) = 16806
N([7, 5, 1, 7, 3], 7) = 16806
N([7, 5, 1, 7, 4], 7) = 16806
N([7, 5, 1, 7, 5], 7) = 16806
N([7, 5, 1, 7, 6], 7) = 16806
N([7, 5, 1, 7, 7], 7) = 16806
N([7, 5, 2, 1, 1], 7) = 16806
N([7, 5, 2, 1, 2], 7) = 16806
N([7, 5, 2, 1, 3], 7) = 16806
N([7, 5, 2, 1, 4], 7) = 16806
N([7, 5, 2, 1, 5], 7) = 16806
N([7, 5, 2, 1, 6], 7) = 16806
N([7, 5, 2, 1, 7], 7) = 16806
N([7, 5, 2, 2, 1], 7) = 16806
N([7, 5, 2, 2, 2], 7) = 16806
N([7, 5, 2, 2, 3], 7) = 16806
N([7, 5, 2, 2, 4], 7) = 16806
N([7, 5, 2, 2, 5], 7) = 16806
N([7, 5, 2, 2, 6], 7) = 16806
N([7, 5, 2, 2, 7], 7) = 16806
N([7, 5, 2, 3, 1], 7) = 16806
N([7, 5, 2, 3, 2], 7) = 16806
N([7, 5, 2, 3, 3], 7) = 16806
N([7, 5, 2, 3, 4], 7) = 16806
N([7, 5, 2, 3, 5], 7) = 16806
N([7, 5, 2, 3, 6], 7) = 16806
N([7, 5, 2, 3, 7], 7) = 16806
N([7, 5, 2, 4, 1], 7) = 16806
N([7, 5, 2, 4, 2], 7) = 16806
N([7, 5, 2, 4, 3], 7) = 16806
N([7, 5, 2, 4, 4], 7) = 16806
N([7, 5, 2, 4, 5], 7) = 16806
N([7, 5, 2, 4, 6], 7) = 16806
N([7, 5, 2, 4, 7], 7) = 16806
N([7, 5, 2, 5, 1], 7) = 16806
N([7, 5, 2, 5, 2], 7) = 16806
N([7, 5, 2, 5, 3], 7) = 16806
N([7, 5, 2, 5, 4], 7) = 16806
N([7, 5, 2, 5, 5], 7) = 16806
N([7, 5, 2, 5, 6], 7) = 16806
N([7, 5, 2, 5, 7], 7) = 16806
N([7, 5, 2, 6, 1], 7) = 16806
N([7, 5, 2, 6, 2], 7) = 16806
N([7, 5, 2, 6, 3], 7) = 16806
N([7, 5, 2, 6, 4], 7) = 16806
N([7, 5, 2, 6, 5], 7) = 16806
N([7, 5, 2, 6, 6], 7) = 16806
N([7, 5, 2, 6, 7], 7) = 16806
N([7, 5, 2, 7, 1], 7) = 16806
N([7, 5, 2, 7, 2], 7) = 16806
N([7, 5, 2, 7, 3], 7) = 16806
N([7, 5, 2, 7, 4], 7) = 16806
N([7, 5, 2, 7, 5], 7) = 16806
N([7, 5, 2, 7, 6], 7) = 16806
N([7, 5, 2, 7, 7], 7) = 16806
N([7, 5, 3, 1, 1], 7) = 16806
N([7, 5, 3, 1, 2], 7) = 16806
N([7, 5, 3, 1, 3], 7) = 16806
N([7, 5, 3, 1, 4], 7) = 16806
N([7, 5, 3, 1, 5], 7) = 16806
N([7, 5, 3, 1, 6], 7) = 16806
N([7, 5, 3, 1, 7], 7) = 16806
N([7, 5, 3, 2, 1], 7) = 16806
N([7, 5, 3, 2, 2], 7) = 16806
N([7, 5, 3, 2, 3], 7) = 16806
N([7, 5, 3, 2, 4], 7) = 16806
N([7, 5, 3, 2, 5], 7) = 16806
N([7, 5, 3, 2, 6], 7) = 16806
N([7, 5, 3, 2, 7], 7) = 16806
N([7, 5, 3, 3, 1], 7) = 16806
N([7, 5, 3, 3, 2], 7) = 16806
N([7, 5, 3, 3, 3], 7) = 16806
N([7, 5, 3, 3, 4], 7) = 16806
N([7, 5, 3, 3, 5], 7) = 16806
N([7, 5, 3, 3, 6], 7) = 16806
N([7, 5, 3, 3, 7], 7) = 16806
N([7, 5, 3, 4, 1], 7) = 16806
N([7, 5, 3, 4, 2], 7) = 16806
N([7, 5, 3, 4, 3], 7) = 16806
N([7, 5, 3, 4, 4], 7) = 16806
N([7, 5, 3, 4, 5], 7) = 16806
N([7, 5, 3, 4, 6], 7) = 16806
N([7, 5, 3, 4, 7], 7) = 16806
N([7, 5, 3, 5, 1], 7) = 16806
N([7, 5, 3, 5, 2], 7) = 16806
N([7, 5, 3, 5, 3], 7) = 16806
N([7, 5, 3, 5, 4], 7) = 16806
N([7, 5, 3, 5, 5], 7) = 16806
N([7, 5, 3, 5, 6], 7) = 16806
N([7, 5, 3, 5, 7], 7) = 16806
N([7, 5, 3, 6, 1], 7) = 16806
N([7, 5, 3, 6, 2], 7) = 16806
N([7, 5, 3, 6, 3], 7) = 16806
N([7, 5, 3, 6, 4], 7) = 16806
N([7, 5, 3, 6, 5], 7) = 16806
N([7, 5, 3, 6, 6], 7) = 16806
N([7, 5, 3, 6, 7], 7) = 16806
N([7, 5, 3, 7, 1], 7) = 16806
N([7, 5, 3, 7, 2], 7) = 16806
N([7, 5, 3, 7, 3], 7) = 16806
N([7, 5, 3, 7, 4], 7) = 16806
N([7, 5, 3, 7, 5], 7) = 16806
N([7, 5, 3, 7, 6], 7) = 16806
N([7, 5, 3, 7, 7], 7) = 16806
N([7, 5, 4, 1, 1], 7) = 16806
N([7, 5, 4, 1, 2], 7) = 16806
N([7, 5, 4, 1, 3], 7) = 16806
N([7, 5, 4, 1, 4], 7) = 16806
N([7, 5, 4, 1, 5], 7) = 16806
N([7, 5, 4, 1, 6], 7) = 16806
N([7, 5, 4, 1, 7], 7) = 16806
N([7, 5, 4, 2, 1], 7) = 16806
N([7, 5, 4, 2, 2], 7) = 16806
N([7, 5, 4, 2, 3], 7) = 16806
N([7, 5, 4, 2, 4], 7) = 16806
N([7, 5, 4, 2, 5], 7) = 16806
N([7, 5, 4, 2, 6], 7) = 16806
N([7, 5, 4, 2, 7], 7) = 16806
N([7, 5, 4, 3, 1], 7) = 16806
N([7, 5, 4, 3, 2], 7) = 16806
N([7, 5, 4, 3, 3], 7) = 16806
N([7, 5, 4, 3, 4], 7) = 16806
N([7, 5, 4, 3, 5], 7) = 16806
N([7, 5, 4, 3, 6], 7) = 16806
N([7, 5, 4, 3, 7], 7) = 16806
N([7, 5, 4, 4, 1], 7) = 16806
N([7, 5, 4, 4, 2], 7) = 16806
N([7, 5, 4, 4, 3], 7) = 16806
N([7, 5, 4, 4, 4], 7) = 16806
N([7, 5, 4, 4, 5], 7) = 16806
N([7, 5, 4, 4, 6], 7) = 16806
N([7, 5, 4, 4, 7], 7) = 16806
N([7, 5, 4, 5, 1], 7) = 16806
N([7, 5, 4, 5, 2], 7) = 16806
N([7, 5, 4, 5, 3], 7) = 16806
N([7, 5, 4, 5, 4], 7) = 16806
N([7, 5, 4, 5, 5], 7) = 16806
N([7, 5, 4, 5, 6], 7) = 16806
N([7, 5, 4, 5, 7], 7) = 16806
N([7, 5, 4, 6, 1], 7) = 16806
N([7, 5, 4, 6, 2], 7) = 16806
N([7, 5, 4, 6, 3], 7) = 16806
N([7, 5, 4, 6, 4], 7) = 16806
N([7, 5, 4, 6, 5], 7) = 16806
N([7, 5, 4, 6, 6], 7) = 16806
N([7, 5, 4, 6, 7], 7) = 16806
N([7, 5, 4, 7, 1], 7) = 16806
N([7, 5, 4, 7, 2], 7) = 16806
N([7, 5, 4, 7, 3], 7) = 16806
N([7, 5, 4, 7, 4], 7) = 16806
N([7, 5, 4, 7, 5], 7) = 16806
N([7, 5, 4, 7, 6], 7) = 16806
N([7, 5, 4, 7, 7], 7) = 16806
N([7, 5, 5, 1, 1], 7) = 16806
N([7, 5, 5, 1, 2], 7) = 16806
N([7, 5, 5, 1, 3], 7) = 16806
N([7, 5, 5, 1, 4], 7) = 16806
N([7, 5, 5, 1, 5], 7) = 16806
N([7, 5, 5, 1, 6], 7) = 16806
N([7, 5, 5, 1, 7], 7) = 16806
N([7, 5, 5, 2, 1], 7) = 16806
N([7, 5, 5, 2, 2], 7) = 16806
N([7, 5, 5, 2, 3], 7) = 16806
N([7, 5, 5, 2, 4], 7) = 16806
N([7, 5, 5, 2, 5], 7) = 16806
N([7, 5, 5, 2, 6], 7) = 16806
N([7, 5, 5, 2, 7], 7) = 16806
N([7, 5, 5, 3, 1], 7) = 16806
N([7, 5, 5, 3, 2], 7) = 16806
N([7, 5, 5, 3, 3], 7) = 16806
N([7, 5, 5, 3, 4], 7) = 16806
N([7, 5, 5, 3, 5], 7) = 16806
N([7, 5, 5, 3, 6], 7) = 16806
N([7, 5, 5, 3, 7], 7) = 16806
N([7, 5, 5, 4, 1], 7) = 16806
N([7, 5, 5, 4, 2], 7) = 16806
N([7, 5, 5, 4, 3], 7) = 16806
N([7, 5, 5, 4, 4], 7) = 16806
N([7, 5, 5, 4, 5], 7) = 16806
N([7, 5, 5, 4, 6], 7) = 16806
N([7, 5, 5, 4, 7], 7) = 16806
N([7, 5, 5, 5, 1], 7) = 16806
N([7, 5, 5, 5, 2], 7) = 16806
N([7, 5, 5, 5, 3], 7) = 16806
N([7, 5, 5, 5, 4], 7) = 16806
N([7, 5, 5, 5, 5], 7) = 16806
N([7, 5, 5, 5, 6], 7) = 16806
N([7, 5, 5, 5, 7], 7) = 16806
N([7, 5, 5, 6, 1], 7) = 16806
N([7, 5, 5, 6, 2], 7) = 16806
N([7, 5, 5, 6, 3], 7) = 16806
N([7, 5, 5, 6, 4], 7) = 16806
N([7, 5, 5, 6, 5], 7) = 16806
N([7, 5, 5, 6, 6], 7) = 16806
N([7, 5, 5, 6, 7], 7) = 16806
N([7, 5, 5, 7, 1], 7) = 16806
N([7, 5, 5, 7, 2], 7) = 16806
N([7, 5, 5, 7, 3], 7) = 16806
N([7, 5, 5, 7, 4], 7) = 16806
N([7, 5, 5, 7, 5], 7) = 16806
N([7, 5, 5, 7, 6], 7) = 16806
N([7, 5, 5, 7, 7], 7) = 16806
N([7, 5, 6, 1, 1], 7) = 16806
N([7, 5, 6, 1, 2], 7) = 16806
N([7, 5, 6, 1, 3], 7) = 16806
N([7, 5, 6, 1, 4], 7) = 16806
N([7, 5, 6, 1, 5], 7) = 16806
N([7, 5, 6, 1, 6], 7) = 16806
N([7, 5, 6, 1, 7], 7) = 16806
N([7, 5, 6, 2, 1], 7) = 16806
N([7, 5, 6, 2, 2], 7) = 16806
N([7, 5, 6, 2, 3], 7) = 16806
N([7, 5, 6, 2, 4], 7) = 16806
N([7, 5, 6, 2, 5], 7) = 16806
N([7, 5, 6, 2, 6], 7) = 16806
N([7, 5, 6, 2, 7], 7) = 16806
N([7, 5, 6, 3, 1], 7) = 16806
N([7, 5, 6, 3, 2], 7) = 16806
N([7, 5, 6, 3, 3], 7) = 16806
N([7, 5, 6, 3, 4], 7) = 16806
N([7, 5, 6, 3, 5], 7) = 16806
N([7, 5, 6, 3, 6], 7) = 16806
N([7, 5, 6, 3, 7], 7) = 16806
N([7, 5, 6, 4, 1], 7) = 16806
N([7, 5, 6, 4, 2], 7) = 16806
N([7, 5, 6, 4, 3], 7) = 16806
N([7, 5, 6, 4, 4], 7) = 16806
N([7, 5, 6, 4, 5], 7) = 16806
N([7, 5, 6, 4, 6], 7) = 16806
N([7, 5, 6, 4, 7], 7) = 16806
N([7, 5, 6, 5, 1], 7) = 16806
N([7, 5, 6, 5, 2], 7) = 16806
N([7, 5, 6, 5, 3], 7) = 16806
N([7, 5, 6, 5, 4], 7) = 16806
N([7, 5, 6, 5, 5], 7) = 16806
N([7, 5, 6, 5, 6], 7) = 16806
N([7, 5, 6, 5, 7], 7) = 16806
N([7, 5, 6, 6, 1], 7) = 16806
N([7, 5, 6, 6, 2], 7) = 16806
N([7, 5, 6, 6, 3], 7) = 16806
N([7, 5, 6, 6, 4], 7) = 16806
N([7, 5, 6, 6, 5], 7) = 16806
N([7, 5, 6, 6, 6], 7) = 16806
N([7, 5, 6, 6, 7], 7) = 16806
N([7, 5, 6, 7, 1], 7) = 16806
N([7, 5, 6, 7, 2], 7) = 16806
N([7, 5, 6, 7, 3], 7) = 16806
N([7, 5, 6, 7, 4], 7) = 16806
N([7, 5, 6, 7, 5], 7) = 16806
N([7, 5, 6, 7, 6], 7) = 16806
N([7, 5, 6, 7, 7], 7) = 16806
N([7, 5, 7, 1, 1], 7) = 16806
N([7, 5, 7, 1, 2], 7) = 16806
N([7, 5, 7, 1, 3], 7) = 16806
N([7, 5, 7, 1, 4], 7) = 16806
N([7, 5, 7, 1, 5], 7) = 16806
N([7, 5, 7, 1, 6], 7) = 16806
N([7, 5, 7, 1, 7], 7) = 16806
N([7, 5, 7, 2, 1], 7) = 16806
N([7, 5, 7, 2, 2], 7) = 16806
N([7, 5, 7, 2, 3], 7) = 16806
N([7, 5, 7, 2, 4], 7) = 16806
N([7, 5, 7, 2, 5], 7) = 16806
N([7, 5, 7, 2, 6], 7) = 16806
N([7, 5, 7, 2, 7], 7) = 16806
N([7, 5, 7, 3, 1], 7) = 16806
N([7, 5, 7, 3, 2], 7) = 16806
N([7, 5, 7, 3, 3], 7) = 16806
N([7, 5, 7, 3, 4], 7) = 16806
N([7, 5, 7, 3, 5], 7) = 16806
N([7, 5, 7, 3, 6], 7) = 16806
N([7, 5, 7, 3, 7], 7) = 16806
N([7, 5, 7, 4, 1], 7) = 16806
N([7, 5, 7, 4, 2], 7) = 16806
N([7, 5, 7, 4, 3], 7) = 16806
N([7, 5, 7, 4, 4], 7) = 16806
N([7, 5, 7, 4, 5], 7) = 16806
N([7, 5, 7, 4, 6], 7) = 16806
N([7, 5, 7, 4, 7], 7) = 16806
N([7, 5, 7, 5, 1], 7) = 16806
N([7, 5, 7, 5, 2], 7) = 16806
N([7, 5, 7, 5, 3], 7) = 16806
N([7, 5, 7, 5, 4], 7) = 16806
N([7, 5, 7, 5, 5], 7) = 16806
N([7, 5, 7, 5, 6], 7) = 16806
N([7, 5, 7, 5, 7], 7) = 16806
N([7, 5, 7, 6, 1], 7) = 16806
N([7, 5, 7, 6, 2], 7) = 16806
N([7, 5, 7, 6, 3], 7) = 16806
N([7, 5, 7, 6, 4], 7) = 16806
N([7, 5, 7, 6, 5], 7) = 16806
N([7, 5, 7, 6, 6], 7) = 16806
N([7, 5, 7, 6, 7], 7) = 16806
N([7, 5, 7, 7, 1], 7) = 16806
N([7, 5, 7, 7, 2], 7) = 16806
N([7, 5, 7, 7, 3], 7) = 16806
N([7, 5, 7, 7, 4], 7) = 16806
N([7, 5, 7, 7, 5], 7) = 16806
N([7, 5, 7, 7, 6], 7) = 16806
N([7, 5, 7, 7, 7], 7) = 16806
N([7, 6, 1, 1, 1], 7) = 16806
N([7, 6, 1, 1, 2], 7) = 16806
N([7, 6, 1, 1, 3], 7) = 16806
N([7, 6, 1, 1, 4], 7) = 16806
N([7, 6, 1, 1, 5], 7) = 16806
N([7, 6, 1, 1, 6], 7) = 16806
N([7, 6, 1, 1, 7], 7) = 16806
N([7, 6, 1, 2, 1], 7) = 16806
N([7, 6, 1, 2, 2], 7) = 16806
N([7, 6, 1, 2, 3], 7) = 16806
N([7, 6, 1, 2, 4], 7) = 16806
N([7, 6, 1, 2, 5], 7) = 16806
N([7, 6, 1, 2, 6], 7) = 16806
N([7, 6, 1, 2, 7], 7) = 16806
N([7, 6, 1, 3, 1], 7) = 16806
N([7, 6, 1, 3, 2], 7) = 16806
N([7, 6, 1, 3, 3], 7) = 16806
N([7, 6, 1, 3, 4], 7) = 16806
N([7, 6, 1, 3, 5], 7) = 16806
N([7, 6, 1, 3, 6], 7) = 16806
N([7, 6, 1, 3, 7], 7) = 16806
N([7, 6, 1, 4, 1], 7) = 16806
N([7, 6, 1, 4, 2], 7) = 16806
N([7, 6, 1, 4, 3], 7) = 16806
N([7, 6, 1, 4, 4], 7) = 16806
N([7, 6, 1, 4, 5], 7) = 16806
N([7, 6, 1, 4, 6], 7) = 16806
N([7, 6, 1, 4, 7], 7) = 16806
N([7, 6, 1, 5, 1], 7) = 16806
N([7, 6, 1, 5, 2], 7) = 16806
N([7, 6, 1, 5, 3], 7) = 16806
N([7, 6, 1, 5, 4], 7) = 16806
N([7, 6, 1, 5, 5], 7) = 16806
N([7, 6, 1, 5, 6], 7) = 16806
N([7, 6, 1, 5, 7], 7) = 16806
N([7, 6, 1, 6, 1], 7) = 16806
N([7, 6, 1, 6, 2], 7) = 16806
N([7, 6, 1, 6, 3], 7) = 16806
N([7, 6, 1, 6, 4], 7) = 16806
N([7, 6, 1, 6, 5], 7) = 16806
N([7, 6, 1, 6, 6], 7) = 16806
N([7, 6, 1, 6, 7], 7) = 16806
N([7, 6, 1, 7, 1], 7) = 16806
N([7, 6, 1, 7, 2], 7) = 16806
N([7, 6, 1, 7, 3], 7) = 16806
N([7, 6, 1, 7, 4], 7) = 16806
N([7, 6, 1, 7, 5], 7) = 16806
N([7, 6, 1, 7, 6], 7) = 16806
N([7, 6, 1, 7, 7], 7) = 16806
N([7, 6, 2, 1, 1], 7) = 16806
N([7, 6, 2, 1, 2], 7) = 16806
N([7, 6, 2, 1, 3], 7) = 16806
N([7, 6, 2, 1, 4], 7) = 16806
N([7, 6, 2, 1, 5], 7) = 16806
N([7, 6, 2, 1, 6], 7) = 16806
N([7, 6, 2, 1, 7], 7) = 16806
N([7, 6, 2, 2, 1], 7) = 16806
N([7, 6, 2, 2, 2], 7) = 16806
N([7, 6, 2, 2, 3], 7) = 16806
N([7, 6, 2, 2, 4], 7) = 16806
N([7, 6, 2, 2, 5], 7) = 16806
N([7, 6, 2, 2, 6], 7) = 16806
N([7, 6, 2, 2, 7], 7) = 16806
N([7, 6, 2, 3, 1], 7) = 16806
N([7, 6, 2, 3, 2], 7) = 16806
N([7, 6, 2, 3, 3], 7) = 16806
N([7, 6, 2, 3, 4], 7) = 16806
N([7, 6, 2, 3, 5], 7) = 16806
N([7, 6, 2, 3, 6], 7) = 16806
N([7, 6, 2, 3, 7], 7) = 16806
N([7, 6, 2, 4, 1], 7) = 16806
N([7, 6, 2, 4, 2], 7) = 16806
N([7, 6, 2, 4, 3], 7) = 16806
N([7, 6, 2, 4, 4], 7) = 16806
N([7, 6, 2, 4, 5], 7) = 16806
N([7, 6, 2, 4, 6], 7) = 16806
N([7, 6, 2, 4, 7], 7) = 16806
N([7, 6, 2, 5, 1], 7) = 16806
N([7, 6, 2, 5, 2], 7) = 16806
N([7, 6, 2, 5, 3], 7) = 16806
N([7, 6, 2, 5, 4], 7) = 16806
N([7, 6, 2, 5, 5], 7) = 16806
N([7, 6, 2, 5, 6], 7) = 16806
N([7, 6, 2, 5, 7], 7) = 16806
N([7, 6, 2, 6, 1], 7) = 16806
N([7, 6, 2, 6, 2], 7) = 16806
N([7, 6, 2, 6, 3], 7) = 16806
N([7, 6, 2, 6, 4], 7) = 16806
N([7, 6, 2, 6, 5], 7) = 16806
N([7, 6, 2, 6, 6], 7) = 16806
N([7, 6, 2, 6, 7], 7) = 16806
N([7, 6, 2, 7, 1], 7) = 16806
N([7, 6, 2, 7, 2], 7) = 16806
N([7, 6, 2, 7, 3], 7) = 16806
N([7, 6, 2, 7, 4], 7) = 16806
N([7, 6, 2, 7, 5], 7) = 16806
N([7, 6, 2, 7, 6], 7) = 16806
N([7, 6, 2, 7, 7], 7) = 16806
N([7, 6, 3, 1, 1], 7) = 16806
N([7, 6, 3, 1, 2], 7) = 16806
N([7, 6, 3, 1, 3], 7) = 16806
N([7, 6, 3, 1, 4], 7) = 16806
N([7, 6, 3, 1, 5], 7) = 16806
N([7, 6, 3, 1, 6], 7) = 16806
N([7, 6, 3, 1, 7], 7) = 16806
N([7, 6, 3, 2, 1], 7) = 16806
N([7, 6, 3, 2, 2], 7) = 16806
N([7, 6, 3, 2, 3], 7) = 16806
N([7, 6, 3, 2, 4], 7) = 16806
N([7, 6, 3, 2, 5], 7) = 16806
N([7, 6, 3, 2, 6], 7) = 16806
N([7, 6, 3, 2, 7], 7) = 16806
N([7, 6, 3, 3, 1], 7) = 16806
N([7, 6, 3, 3, 2], 7) = 16806
N([7, 6, 3, 3, 3], 7) = 16806
N([7, 6, 3, 3, 4], 7) = 16806
N([7, 6, 3, 3, 5], 7) = 16806
N([7, 6, 3, 3, 6], 7) = 16806
N([7, 6, 3, 3, 7], 7) = 16806
N([7, 6, 3, 4, 1], 7) = 16806
N([7, 6, 3, 4, 2], 7) = 16806
N([7, 6, 3, 4, 3], 7) = 16806
N([7, 6, 3, 4, 4], 7) = 16806
N([7, 6, 3, 4, 5], 7) = 16806
N([7, 6, 3, 4, 6], 7) = 16806
N([7, 6, 3, 4, 7], 7) = 16806
N([7, 6, 3, 5, 1], 7) = 16806
N([7, 6, 3, 5, 2], 7) = 16806
N([7, 6, 3, 5, 3], 7) = 16806
N([7, 6, 3, 5, 4], 7) = 16806
N([7, 6, 3, 5, 5], 7) = 16806
N([7, 6, 3, 5, 6], 7) = 16806
N([7, 6, 3, 5, 7], 7) = 16806
N([7, 6, 3, 6, 1], 7) = 16806
N([7, 6, 3, 6, 2], 7) = 16806
N([7, 6, 3, 6, 3], 7) = 16806
N([7, 6, 3, 6, 4], 7) = 16806
N([7, 6, 3, 6, 5], 7) = 16806
N([7, 6, 3, 6, 6], 7) = 16806
N([7, 6, 3, 6, 7], 7) = 16806
N([7, 6, 3, 7, 1], 7) = 16806
N([7, 6, 3, 7, 2], 7) = 16806
N([7, 6, 3, 7, 3], 7) = 16806
N([7, 6, 3, 7, 4], 7) = 16806
N([7, 6, 3, 7, 5], 7) = 16806
N([7, 6, 3, 7, 6], 7) = 16806
N([7, 6, 3, 7, 7], 7) = 16806
N([7, 6, 4, 1, 1], 7) = 16806
N([7, 6, 4, 1, 2], 7) = 16806
N([7, 6, 4, 1, 3], 7) = 16806
N([7, 6, 4, 1, 4], 7) = 16806
N([7, 6, 4, 1, 5], 7) = 16806
N([7, 6, 4, 1, 6], 7) = 16806
N([7, 6, 4, 1, 7], 7) = 16806
N([7, 6, 4, 2, 1], 7) = 16806
N([7, 6, 4, 2, 2], 7) = 16806
N([7, 6, 4, 2, 3], 7) = 16806
N([7, 6, 4, 2, 4], 7) = 16806
N([7, 6, 4, 2, 5], 7) = 16806
N([7, 6, 4, 2, 6], 7) = 16806
N([7, 6, 4, 2, 7], 7) = 16806
N([7, 6, 4, 3, 1], 7) = 16806
N([7, 6, 4, 3, 2], 7) = 16806
N([7, 6, 4, 3, 3], 7) = 16806
N([7, 6, 4, 3, 4], 7) = 16806
N([7, 6, 4, 3, 5], 7) = 16806
N([7, 6, 4, 3, 6], 7) = 16806
N([7, 6, 4, 3, 7], 7) = 16806
N([7, 6, 4, 4, 1], 7) = 16806
N([7, 6, 4, 4, 2], 7) = 16806
N([7, 6, 4, 4, 3], 7) = 16806
N([7, 6, 4, 4, 4], 7) = 16806
N([7, 6, 4, 4, 5], 7) = 16806
N([7, 6, 4, 4, 6], 7) = 16806
N([7, 6, 4, 4, 7], 7) = 16806
N([7, 6, 4, 5, 1], 7) = 16806
N([7, 6, 4, 5, 2], 7) = 16806
N([7, 6, 4, 5, 3], 7) = 16806
N([7, 6, 4, 5, 4], 7) = 16806
N([7, 6, 4, 5, 5], 7) = 16806
N([7, 6, 4, 5, 6], 7) = 16806
N([7, 6, 4, 5, 7], 7) = 16806
N([7, 6, 4, 6, 1], 7) = 16806
N([7, 6, 4, 6, 2], 7) = 16806
N([7, 6, 4, 6, 3], 7) = 16806
N([7, 6, 4, 6, 4], 7) = 16806
N([7, 6, 4, 6, 5], 7) = 16806
N([7, 6, 4, 6, 6], 7) = 16806
N([7, 6, 4, 6, 7], 7) = 16806
N([7, 6, 4, 7, 1], 7) = 16806
N([7, 6, 4, 7, 2], 7) = 16806
N([7, 6, 4, 7, 3], 7) = 16806
N([7, 6, 4, 7, 4], 7) = 16806
N([7, 6, 4, 7, 5], 7) = 16806
N([7, 6, 4, 7, 6], 7) = 16806
N([7, 6, 4, 7, 7], 7) = 16806
N([7, 6, 5, 1, 1], 7) = 16806
N([7, 6, 5, 1, 2], 7) = 16806
N([7, 6, 5, 1, 3], 7) = 16806
N([7, 6, 5, 1, 4], 7) = 16806
N([7, 6, 5, 1, 5], 7) = 16806
N([7, 6, 5, 1, 6], 7) = 16806
N([7, 6, 5, 1, 7], 7) = 16806
N([7, 6, 5, 2, 1], 7) = 16806
N([7, 6, 5, 2, 2], 7) = 16806
N([7, 6, 5, 2, 3], 7) = 16806
N([7, 6, 5, 2, 4], 7) = 16806
N([7, 6, 5, 2, 5], 7) = 16806
N([7, 6, 5, 2, 6], 7) = 16806
N([7, 6, 5, 2, 7], 7) = 16806
N([7, 6, 5, 3, 1], 7) = 16806
N([7, 6, 5, 3, 2], 7) = 16806
N([7, 6, 5, 3, 3], 7) = 16806
N([7, 6, 5, 3, 4], 7) = 16806
N([7, 6, 5, 3, 5], 7) = 16806
N([7, 6, 5, 3, 6], 7) = 16806
N([7, 6, 5, 3, 7], 7) = 16806
N([7, 6, 5, 4, 1], 7) = 16806
N([7, 6, 5, 4, 2], 7) = 16806
N([7, 6, 5, 4, 3], 7) = 16806
N([7, 6, 5, 4, 4], 7) = 16806
N([7, 6, 5, 4, 5], 7) = 16806
N([7, 6, 5, 4, 6], 7) = 16806
N([7, 6, 5, 4, 7], 7) = 16806
N([7, 6, 5, 5, 1], 7) = 16806
N([7, 6, 5, 5, 2], 7) = 16806
N([7, 6, 5, 5, 3], 7) = 16806
N([7, 6, 5, 5, 4], 7) = 16806
N([7, 6, 5, 5, 5], 7) = 16806
N([7, 6, 5, 5, 6], 7) = 16806
N([7, 6, 5, 5, 7], 7) = 16806
N([7, 6, 5, 6, 1], 7) = 16806
N([7, 6, 5, 6, 2], 7) = 16806
N([7, 6, 5, 6, 3], 7) = 16806
N([7, 6, 5, 6, 4], 7) = 16806
N([7, 6, 5, 6, 5], 7) = 16806
N([7, 6, 5, 6, 6], 7) = 16806
N([7, 6, 5, 6, 7], 7) = 16806
N([7, 6, 5, 7, 1], 7) = 16806
N([7, 6, 5, 7, 2], 7) = 16806
N([7, 6, 5, 7, 3], 7) = 16806
N([7, 6, 5, 7, 4], 7) = 16806
N([7, 6, 5, 7, 5], 7) = 16806
N([7, 6, 5, 7, 6], 7) = 16806
N([7, 6, 5, 7, 7], 7) = 16806
N([7, 6, 6, 1, 1], 7) = 16806
N([7, 6, 6, 1, 2], 7) = 16806
N([7, 6, 6, 1, 3], 7) = 16806
N([7, 6, 6, 1, 4], 7) = 16806
N([7, 6, 6, 1, 5], 7) = 16806
N([7, 6, 6, 1, 6], 7) = 16806
N([7, 6, 6, 1, 7], 7) = 16806
N([7, 6, 6, 2, 1], 7) = 16806
N([7, 6, 6, 2, 2], 7) = 16806
N([7, 6, 6, 2, 3], 7) = 16806
N([7, 6, 6, 2, 4], 7) = 16806
N([7, 6, 6, 2, 5], 7) = 16806
N([7, 6, 6, 2, 6], 7) = 16806
N([7, 6, 6, 2, 7], 7) = 16806
N([7, 6, 6, 3, 1], 7) = 16806
N([7, 6, 6, 3, 2], 7) = 16806
N([7, 6, 6, 3, 3], 7) = 16806
N([7, 6, 6, 3, 4], 7) = 16806
N([7, 6, 6, 3, 5], 7) = 16806
N([7, 6, 6, 3, 6], 7) = 16806
N([7, 6, 6, 3, 7], 7) = 16806
N([7, 6, 6, 4, 1], 7) = 16806
N([7, 6, 6, 4, 2], 7) = 16806
N([7, 6, 6, 4, 3], 7) = 16806
N([7, 6, 6, 4, 4], 7) = 16806
N([7, 6, 6, 4, 5], 7) = 16806
N([7, 6, 6, 4, 6], 7) = 16806
N([7, 6, 6, 4, 7], 7) = 16806
N([7, 6, 6, 5, 1], 7) = 16806
N([7, 6, 6, 5, 2], 7) = 16806
N([7, 6, 6, 5, 3], 7) = 16806
N([7, 6, 6, 5, 4], 7) = 16806
N([7, 6, 6, 5, 5], 7) = 16806
N([7, 6, 6, 5, 6], 7) = 16806
N([7, 6, 6, 5, 7], 7) = 16806
N([7, 6, 6, 6, 1], 7) = 16806
N([7, 6, 6, 6, 2], 7) = 16806
N([7, 6, 6, 6, 3], 7) = 16806
N([7, 6, 6, 6, 4], 7) = 16806
N([7, 6, 6, 6, 5], 7) = 16806
N([7, 6, 6, 6, 6], 7) = 16806
N([7, 6, 6, 6, 7], 7) = 16806
N([7, 6, 6, 7, 1], 7) = 16806
N([7, 6, 6, 7, 2], 7) = 16806
N([7, 6, 6, 7, 3], 7) = 16806
N([7, 6, 6, 7, 4], 7) = 16806
N([7, 6, 6, 7, 5], 7) = 16806
N([7, 6, 6, 7, 6], 7) = 16806
N([7, 6, 6, 7, 7], 7) = 16806
N([7, 6, 7, 1, 1], 7) = 16806
N([7, 6, 7, 1, 2], 7) = 16806
N([7, 6, 7, 1, 3], 7) = 16806
N([7, 6, 7, 1, 4], 7) = 16806
N([7, 6, 7, 1, 5], 7) = 16806
N([7, 6, 7, 1, 6], 7) = 16806
N([7, 6, 7, 1, 7], 7) = 16806
N([7, 6, 7, 2, 1], 7) = 16806
N([7, 6, 7, 2, 2], 7) = 16806
N([7, 6, 7, 2, 3], 7) = 16806
N([7, 6, 7, 2, 4], 7) = 16806
N([7, 6, 7, 2, 5], 7) = 16806
N([7, 6, 7, 2, 6], 7) = 16806
N([7, 6, 7, 2, 7], 7) = 16806
N([7, 6, 7, 3, 1], 7) = 16806
N([7, 6, 7, 3, 2], 7) = 16806
N([7, 6, 7, 3, 3], 7) = 16806
N([7, 6, 7, 3, 4], 7) = 16806
N([7, 6, 7, 3, 5], 7) = 16806
N([7, 6, 7, 3, 6], 7) = 16806
N([7, 6, 7, 3, 7], 7) = 16806
N([7, 6, 7, 4, 1], 7) = 16806
N([7, 6, 7, 4, 2], 7) = 16806
N([7, 6, 7, 4, 3], 7) = 16806
N([7, 6, 7, 4, 4], 7) = 16806
N([7, 6, 7, 4, 5], 7) = 16806
N([7, 6, 7, 4, 6], 7) = 16806
N([7, 6, 7, 4, 7], 7) = 16806
N([7, 6, 7, 5, 1], 7) = 16806
N([7, 6, 7, 5, 2], 7) = 16806
N([7, 6, 7, 5, 3], 7) = 16806
N([7, 6, 7, 5, 4], 7) = 16806
N([7, 6, 7, 5, 5], 7) = 16806
N([7, 6, 7, 5, 6], 7) = 16806
N([7, 6, 7, 5, 7], 7) = 16806
N([7, 6, 7, 6, 1], 7) = 16806
N([7, 6, 7, 6, 2], 7) = 16806
N([7, 6, 7, 6, 3], 7) = 16806
N([7, 6, 7, 6, 4], 7) = 16806
N([7, 6, 7, 6, 5], 7) = 16806
N([7, 6, 7, 6, 6], 7) = 16806
N([7, 6, 7, 6, 7], 7) = 16806
N([7, 6, 7, 7, 1], 7) = 16806
N([7, 6, 7, 7, 2], 7) = 16806
N([7, 6, 7, 7, 3], 7) = 16806
N([7, 6, 7, 7, 4], 7) = 16806
N([7, 6, 7, 7, 5], 7) = 16806
N([7, 6, 7, 7, 6], 7) = 16806
N([7, 6, 7, 7, 7], 7) = 16806
N([7, 7, 1, 1, 1], 7) = 16806
N([7, 7, 1, 1, 2], 7) = 16806
N([7, 7, 1, 1, 3], 7) = 16806
N([7, 7, 1, 1, 4], 7) = 16806
N([7, 7, 1, 1, 5], 7) = 16806
N([7, 7, 1, 1, 6], 7) = 16806
N([7, 7, 1, 1, 7], 7) = 16806
N([7, 7, 1, 2, 1], 7) = 16806
N([7, 7, 1, 2, 2], 7) = 16806
N([7, 7, 1, 2, 3], 7) = 16806
N([7, 7, 1, 2, 4], 7) = 16806
N([7, 7, 1, 2, 5], 7) = 16806
N([7, 7, 1, 2, 6], 7) = 16806
N([7, 7, 1, 2, 7], 7) = 16806
N([7, 7, 1, 3, 1], 7) = 16806
N([7, 7, 1, 3, 2], 7) = 16806
N([7, 7, 1, 3, 3], 7) = 16806
N([7, 7, 1, 3, 4], 7) = 16806
N([7, 7, 1, 3, 5], 7) = 16806
N([7, 7, 1, 3, 6], 7) = 16806
N([7, 7, 1, 3, 7], 7) = 16806
N([7, 7, 1, 4, 1], 7) = 16806
N([7, 7, 1, 4, 2], 7) = 16806
N([7, 7, 1, 4, 3], 7) = 16806
N([7, 7, 1, 4, 4], 7) = 16806
N([7, 7, 1, 4, 5], 7) = 16806
N([7, 7, 1, 4, 6], 7) = 16806
N([7, 7, 1, 4, 7], 7) = 16806
N([7, 7, 1, 5, 1], 7) = 16806
N([7, 7, 1, 5, 2], 7) = 16806
N([7, 7, 1, 5, 3], 7) = 16806
N([7, 7, 1, 5, 4], 7) = 16806
N([7, 7, 1, 5, 5], 7) = 16806
N([7, 7, 1, 5, 6], 7) = 16806
N([7, 7, 1, 5, 7], 7) = 16806
N([7, 7, 1, 6, 1], 7) = 16806
N([7, 7, 1, 6, 2], 7) = 16806
N([7, 7, 1, 6, 3], 7) = 16806
N([7, 7, 1, 6, 4], 7) = 16806
N([7, 7, 1, 6, 5], 7) = 16806
N([7, 7, 1, 6, 6], 7) = 16806
N([7, 7, 1, 6, 7], 7) = 16806
N([7, 7, 1, 7, 1], 7) = 16806
N([7, 7, 1, 7, 2], 7) = 16806
N([7, 7, 1, 7, 3], 7) = 16806
N([7, 7, 1, 7, 4], 7) = 16806
N([7, 7, 1, 7, 5], 7) = 16806
N([7, 7, 1, 7, 6], 7) = 16806
N([7, 7, 1, 7, 7], 7) = 16806
N([7, 7, 2, 1, 1], 7) = 16806
N([7, 7, 2, 1, 2], 7) = 16806
N([7, 7, 2, 1, 3], 7) = 16806
N([7, 7, 2, 1, 4], 7) = 16806
N([7, 7, 2, 1, 5], 7) = 16806
N([7, 7, 2, 1, 6], 7) = 16806
N([7, 7, 2, 1, 7], 7) = 16806
N([7, 7, 2, 2, 1], 7) = 16806
N([7, 7, 2, 2, 2], 7) = 16806
N([7, 7, 2, 2, 3], 7) = 16806
N([7, 7, 2, 2, 4], 7) = 16806
N([7, 7, 2, 2, 5], 7) = 16806
N([7, 7, 2, 2, 6], 7) = 16806
N([7, 7, 2, 2, 7], 7) = 16806
N([7, 7, 2, 3, 1], 7) = 16806
N([7, 7, 2, 3, 2], 7) = 16806
N([7, 7, 2, 3, 3], 7) = 16806
N([7, 7, 2, 3, 4], 7) = 16806
N([7, 7, 2, 3, 5], 7) = 16806
N([7, 7, 2, 3, 6], 7) = 16806
N([7, 7, 2, 3, 7], 7) = 16806
N([7, 7, 2, 4, 1], 7) = 16806
N([7, 7, 2, 4, 2], 7) = 16806
N([7, 7, 2, 4, 3], 7) = 16806
N([7, 7, 2, 4, 4], 7) = 16806
N([7, 7, 2, 4, 5], 7) = 16806
N([7, 7, 2, 4, 6], 7) = 16806
N([7, 7, 2, 4, 7], 7) = 16806
N([7, 7, 2, 5, 1], 7) = 16806
N([7, 7, 2, 5, 2], 7) = 16806
N([7, 7, 2, 5, 3], 7) = 16806
N([7, 7, 2, 5, 4], 7) = 16806
N([7, 7, 2, 5, 5], 7) = 16806
N([7, 7, 2, 5, 6], 7) = 16806
N([7, 7, 2, 5, 7], 7) = 16806
N([7, 7, 2, 6, 1], 7) = 16806
N([7, 7, 2, 6, 2], 7) = 16806
N([7, 7, 2, 6, 3], 7) = 16806
N([7, 7, 2, 6, 4], 7) = 16806
N([7, 7, 2, 6, 5], 7) = 16806
N([7, 7, 2, 6, 6], 7) = 16806
N([7, 7, 2, 6, 7], 7) = 16806
N([7, 7, 2, 7, 1], 7) = 16806
N([7, 7, 2, 7, 2], 7) = 16806
N([7, 7, 2, 7, 3], 7) = 16806
N([7, 7, 2, 7, 4], 7) = 16806
N([7, 7, 2, 7, 5], 7) = 16806
N([7, 7, 2, 7, 6], 7) = 16806
N([7, 7, 2, 7, 7], 7) = 16806
N([7, 7, 3, 1, 1], 7) = 16806
N([7, 7, 3, 1, 2], 7) = 16806
N([7, 7, 3, 1, 3], 7) = 16806
N([7, 7, 3, 1, 4], 7) = 16806
N([7, 7, 3, 1, 5], 7) = 16806
N([7, 7, 3, 1, 6], 7) = 16806
N([7, 7, 3, 1, 7], 7) = 16806
N([7, 7, 3, 2, 1], 7) = 16806
N([7, 7, 3, 2, 2], 7) = 16806
N([7, 7, 3, 2, 3], 7) = 16806
N([7, 7, 3, 2, 4], 7) = 16806
N([7, 7, 3, 2, 5], 7) = 16806
N([7, 7, 3, 2, 6], 7) = 16806
N([7, 7, 3, 2, 7], 7) = 16806
N([7, 7, 3, 3, 1], 7) = 16806
N([7, 7, 3, 3, 2], 7) = 16806
N([7, 7, 3, 3, 3], 7) = 16806
N([7, 7, 3, 3, 4], 7) = 16806
N([7, 7, 3, 3, 5], 7) = 16806
N([7, 7, 3, 3, 6], 7) = 16806
N([7, 7, 3, 3, 7], 7) = 16806
N([7, 7, 3, 4, 1], 7) = 16806
N([7, 7, 3, 4, 2], 7) = 16806
N([7, 7, 3, 4, 3], 7) = 16806
N([7, 7, 3, 4, 4], 7) = 16806
N([7, 7, 3, 4, 5], 7) = 16806
N([7, 7, 3, 4, 6], 7) = 16806
N([7, 7, 3, 4, 7], 7) = 16806
N([7, 7, 3, 5, 1], 7) = 16806
N([7, 7, 3, 5, 2], 7) = 16806
N([7, 7, 3, 5, 3], 7) = 16806
N([7, 7, 3, 5, 4], 7) = 16806
N([7, 7, 3, 5, 5], 7) = 16806
N([7, 7, 3, 5, 6], 7) = 16806
N([7, 7, 3, 5, 7], 7) = 16806
N([7, 7, 3, 6, 1], 7) = 16806
N([7, 7, 3, 6, 2], 7) = 16806
N([7, 7, 3, 6, 3], 7) = 16806
N([7, 7, 3, 6, 4], 7) = 16806
N([7, 7, 3, 6, 5], 7) = 16806
N([7, 7, 3, 6, 6], 7) = 16806
N([7, 7, 3, 6, 7], 7) = 16806
N([7, 7, 3, 7, 1], 7) = 16806
N([7, 7, 3, 7, 2], 7) = 16806
N([7, 7, 3, 7, 3], 7) = 16806
N([7, 7, 3, 7, 4], 7) = 16806
N([7, 7, 3, 7, 5], 7) = 16806
N([7, 7, 3, 7, 6], 7) = 16806
N([7, 7, 3, 7, 7], 7) = 16806
N([7, 7, 4, 1, 1], 7) = 16806
N([7, 7, 4, 1, 2], 7) = 16806
N([7, 7, 4, 1, 3], 7) = 16806
N([7, 7, 4, 1, 4], 7) = 16806
N([7, 7, 4, 1, 5], 7) = 16806
N([7, 7, 4, 1, 6], 7) = 16806
N([7, 7, 4, 1, 7], 7) = 16806
N([7, 7, 4, 2, 1], 7) = 16806
N([7, 7, 4, 2, 2], 7) = 16806
N([7, 7, 4, 2, 3], 7) = 16806
N([7, 7, 4, 2, 4], 7) = 16806
N([7, 7, 4, 2, 5], 7) = 16806
N([7, 7, 4, 2, 6], 7) = 16806
N([7, 7, 4, 2, 7], 7) = 16806
N([7, 7, 4, 3, 1], 7) = 16806
N([7, 7, 4, 3, 2], 7) = 16806
N([7, 7, 4, 3, 3], 7) = 16806
N([7, 7, 4, 3, 4], 7) = 16806
N([7, 7, 4, 3, 5], 7) = 16806
N([7, 7, 4, 3, 6], 7) = 16806
N([7, 7, 4, 3, 7], 7) = 16806
N([7, 7, 4, 4, 1], 7) = 16806
N([7, 7, 4, 4, 2], 7) = 16806
N([7, 7, 4, 4, 3], 7) = 16806
N([7, 7, 4, 4, 4], 7) = 16806
N([7, 7, 4, 4, 5], 7) = 16806
N([7, 7, 4, 4, 6], 7) = 16806
N([7, 7, 4, 4, 7], 7) = 16806
N([7, 7, 4, 5, 1], 7) = 16806
N([7, 7, 4, 5, 2], 7) = 16806
N([7, 7, 4, 5, 3], 7) = 16806
N([7, 7, 4, 5, 4], 7) = 16806
N([7, 7, 4, 5, 5], 7) = 16806
N([7, 7, 4, 5, 6], 7) = 16806
N([7, 7, 4, 5, 7], 7) = 16806
N([7, 7, 4, 6, 1], 7) = 16806
N([7, 7, 4, 6, 2], 7) = 16806
N([7, 7, 4, 6, 3], 7) = 16806
N([7, 7, 4, 6, 4], 7) = 16806
N([7, 7, 4, 6, 5], 7) = 16806
N([7, 7, 4, 6, 6], 7) = 16806
N([7, 7, 4, 6, 7], 7) = 16806
N([7, 7, 4, 7, 1], 7) = 16806
N([7, 7, 4, 7, 2], 7) = 16806
N([7, 7, 4, 7, 3], 7) = 16806
N([7, 7, 4, 7, 4], 7) = 16806
N([7, 7, 4, 7, 5], 7) = 16806
N([7, 7, 4, 7, 6], 7) = 16806
N([7, 7, 4, 7, 7], 7) = 16806
N([7, 7, 5, 1, 1], 7) = 16806
N([7, 7, 5, 1, 2], 7) = 16806
N([7, 7, 5, 1, 3], 7) = 16806
N([7, 7, 5, 1, 4], 7) = 16806
N([7, 7, 5, 1, 5], 7) = 16806
N([7, 7, 5, 1, 6], 7) = 16806
N([7, 7, 5, 1, 7], 7) = 16806
N([7, 7, 5, 2, 1], 7) = 16806
N([7, 7, 5, 2, 2], 7) = 16806
N([7, 7, 5, 2, 3], 7) = 16806
N([7, 7, 5, 2, 4], 7) = 16806
N([7, 7, 5, 2, 5], 7) = 16806
N([7, 7, 5, 2, 6], 7) = 16806
N([7, 7, 5, 2, 7], 7) = 16806
N([7, 7, 5, 3, 1], 7) = 16806
N([7, 7, 5, 3, 2], 7) = 16806
N([7, 7, 5, 3, 3], 7) = 16806
N([7, 7, 5, 3, 4], 7) = 16806
N([7, 7, 5, 3, 5], 7) = 16806
N([7, 7, 5, 3, 6], 7) = 16806
N([7, 7, 5, 3, 7], 7) = 16806
N([7, 7, 5, 4, 1], 7) = 16806
N([7, 7, 5, 4, 2], 7) = 16806
N([7, 7, 5, 4, 3], 7) = 16806
N([7, 7, 5, 4, 4], 7) = 16806
N([7, 7, 5, 4, 5], 7) = 16806
N([7, 7, 5, 4, 6], 7) = 16806
N([7, 7, 5, 4, 7], 7) = 16806
N([7, 7, 5, 5, 1], 7) = 16806
N([7, 7, 5, 5, 2], 7) = 16806
N([7, 7, 5, 5, 3], 7) = 16806
N([7, 7, 5, 5, 4], 7) = 16806
N([7, 7, 5, 5, 5], 7) = 16806
N([7, 7, 5, 5, 6], 7) = 16806
N([7, 7, 5, 5, 7], 7) = 16806
N([7, 7, 5, 6, 1], 7) = 16806
N([7, 7, 5, 6, 2], 7) = 16806
N([7, 7, 5, 6, 3], 7) = 16806
N([7, 7, 5, 6, 4], 7) = 16806
N([7, 7, 5, 6, 5], 7) = 16806
N([7, 7, 5, 6, 6], 7) = 16806
N([7, 7, 5, 6, 7], 7) = 16806
N([7, 7, 5, 7, 1], 7) = 16806
N([7, 7, 5, 7, 2], 7) = 16806
N([7, 7, 5, 7, 3], 7) = 16806
N([7, 7, 5, 7, 4], 7) = 16806
N([7, 7, 5, 7, 5], 7) = 16806
N([7, 7, 5, 7, 6], 7) = 16806
N([7, 7, 5, 7, 7], 7) = 16806
N([7, 7, 6, 1, 1], 7) = 16806
N([7, 7, 6, 1, 2], 7) = 16806
N([7, 7, 6, 1, 3], 7) = 16806
N([7, 7, 6, 1, 4], 7) = 16806
N([7, 7, 6, 1, 5], 7) = 16806
N([7, 7, 6, 1, 6], 7) = 16806
N([7, 7, 6, 1, 7], 7) = 16806
N([7, 7, 6, 2, 1], 7) = 16806
N([7, 7, 6, 2, 2], 7) = 16806
N([7, 7, 6, 2, 3], 7) = 16806
N([7, 7, 6, 2, 4], 7) = 16806
N([7, 7, 6, 2, 5], 7) = 16806
N([7, 7, 6, 2, 6], 7) = 16806
N([7, 7, 6, 2, 7], 7) = 16806
N([7, 7, 6, 3, 1], 7) = 16806
N([7, 7, 6, 3, 2], 7) = 16806
N([7, 7, 6, 3, 3], 7) = 16806
N([7, 7, 6, 3, 4], 7) = 16806
N([7, 7, 6, 3, 5], 7) = 16806
N([7, 7, 6, 3, 6], 7) = 16806
N([7, 7, 6, 3, 7], 7) = 16806
N([7, 7, 6, 4, 1], 7) = 16806
N([7, 7, 6, 4, 2], 7) = 16806
N([7, 7, 6, 4, 3], 7) = 16806
N([7, 7, 6, 4, 4], 7) = 16806
N([7, 7, 6, 4, 5], 7) = 16806
N([7, 7, 6, 4, 6], 7) = 16806
N([7, 7, 6, 4, 7], 7) = 16806
N([7, 7, 6, 5, 1], 7) = 16806
N([7, 7, 6, 5, 2], 7) = 16806
N([7, 7, 6, 5, 3], 7) = 16806
N([7, 7, 6, 5, 4], 7) = 16806
N([7, 7, 6, 5, 5], 7) = 16806
N([7, 7, 6, 5, 6], 7) = 16806
N([7, 7, 6, 5, 7], 7) = 16806
N([7, 7, 6, 6, 1], 7) = 16806
N([7, 7, 6, 6, 2], 7) = 16806
N([7, 7, 6, 6, 3], 7) = 16806
N([7, 7, 6, 6, 4], 7) = 16806
N([7, 7, 6, 6, 5], 7) = 16806
N([7, 7, 6, 6, 6], 7) = 16806
N([7, 7, 6, 6, 7], 7) = 16806
N([7, 7, 6, 7, 1], 7) = 16806
N([7, 7, 6, 7, 2], 7) = 16806
N([7, 7, 6, 7, 3], 7) = 16806
N([7, 7, 6, 7, 4], 7) = 16806
N([7, 7, 6, 7, 5], 7) = 16806
N([7, 7, 6, 7, 6], 7) = 16806
N([7, 7, 6, 7, 7], 7) = 16806
N([7, 7, 7, 1, 1], 7) = 16806
N([7, 7, 7, 1, 2], 7) = 16806
N([7, 7, 7, 1, 3], 7) = 16806
N([7, 7, 7, 1, 4], 7) = 16806
N([7, 7, 7, 1, 5], 7) = 16806
N([7, 7, 7, 1, 6], 7) = 16806
N([7, 7, 7, 1, 7], 7) = 16806
N([7, 7, 7, 2, 1], 7) = 16806
N([7, 7, 7, 2, 2], 7) = 16806
N([7, 7, 7, 2, 3], 7) = 16806
N([7, 7, 7, 2, 4], 7) = 16806
N([7, 7, 7, 2, 5], 7) = 16806
N([7, 7, 7, 2, 6], 7) = 16806
N([7, 7, 7, 2, 7], 7) = 16806
N([7, 7, 7, 3, 1], 7) = 16806
N([7, 7, 7, 3, 2], 7) = 16806
N([7, 7, 7, 3, 3], 7) = 16806
N([7, 7, 7, 3, 4], 7) = 16806
N([7, 7, 7, 3, 5], 7) = 16806
N([7, 7, 7, 3, 6], 7) = 16806
N([7, 7, 7, 3, 7], 7) = 16806
N([7, 7, 7, 4, 1], 7) = 16806
N([7, 7, 7, 4, 2], 7) = 16806
N([7, 7, 7, 4, 3], 7) = 16806
N([7, 7, 7, 4, 4], 7) = 16806
N([7, 7, 7, 4, 5], 7) = 16806
N([7, 7, 7, 4, 6], 7) = 16806
N([7, 7, 7, 4, 7], 7) = 16806
N([7, 7, 7, 5, 1], 7) = 16806
N([7, 7, 7, 5, 2], 7) = 16806
N([7, 7, 7, 5, 3], 7) = 16806
N([7, 7, 7, 5, 4], 7) = 16806
N([7, 7, 7, 5, 5], 7) = 16806
N([7, 7, 7, 5, 6], 7) = 16806
N([7, 7, 7, 5, 7], 7) = 16806
N([7, 7, 7, 6, 1], 7) = 16806
N([7, 7, 7, 6, 2], 7) = 16806
N([7, 7, 7, 6, 3], 7) = 16806
N([7, 7, 7, 6, 4], 7) = 16806
N([7, 7, 7, 6, 5], 7) = 16806
N([7, 7, 7, 6, 6], 7) = 16806
N([7, 7, 7, 6, 7], 7) = 16806
N([7, 7, 7, 7, 1], 7) = 16806
N([7, 7, 7, 7, 2], 7) = 16806
N([7, 7, 7, 7, 3], 7) = 16806
N([7, 7, 7, 7, 4], 7) = 16806
N([7, 7, 7, 7, 5], 7) = 16806
N([7, 7, 7, 7, 6], 7) = 16806
N([7, 7, 7, 7, 7], 7) = 16806

N(P,8) Data

N([], 8) = 0
N([1], 8) = 64
N([2], 8) = 0
N([3], 8) = 64
N([1, 1], 8) = 39591
N([1, 2], 8) = 17452
N([1, 3], 8) = 9325
N([1, 4], 8) = 7675
N([2, 1], 8) = 20000
N([2, 2], 8) = 21803
N([2, 3], 8) = 1664
N([2, 4], 8) = 9325
N([3, 1], 8) = 11547
N([3, 2], 8) = 3522
N([3, 3], 8) = 21803
N([3, 4], 8) = 20000
N([4, 1], 8) = 7675
N([4, 2], 8) = 9325
N([4, 3], 8) = 17452
N([4, 4], 8) = 39591
N([1, 1, 1], 8) = 165376
N([1, 1, 2], 8) = 153137
N([1, 1, 3], 8) = 140592
N([1, 1, 4], 8) = 142345
N([1, 1, 5], 8) = 150493
N([1, 2, 1], 8) = 153074
N([1, 2, 2], 8) = 126600
N([1, 2, 3], 8) = 107147
N([1, 2, 4], 8) = 114674
N([1, 2, 5], 8) = 140555
N([1, 3, 1], 8) = 140592
N([1, 3, 2], 8) = 107275
N([1, 3, 3], 8) = 92601
N([1, 3, 4], 8) = 97136
N([1, 3, 5], 8) = 125347
N([1, 4, 1], 8) = 142345
N([1, 4, 2], 8) = 114674
N([1, 4, 3], 8) = 97136
N([1, 4, 4], 8) = 101869
N([1, 4, 5], 8) = 153137
N([1, 5, 1], 8) = 150493
N([1, 5, 2], 8) = 140555
N([1, 5, 3], 8) = 125347
N([1, 5, 4], 8) = 153137
N([1, 5, 5], 8) = 165376
N([2, 1, 1], 8) = 153074
N([2, 1, 2], 8) = 139178
N([2, 1, 3], 8) = 114674
N([2, 1, 4], 8) = 117769
N([2, 1, 5], 8) = 140592
N([2, 2, 1], 8) = 126600
N([2, 2, 2], 8) = 92601
N([2, 2, 3], 8) = 74492
N([2, 2, 4], 8) = 92601
N([2, 2, 5], 8) = 126600
N([2, 3, 1], 8) = 107147
N([2, 3, 2], 8) = 74492
N([2, 3, 3], 8) = 71832
N([2, 3, 4], 8) = 74492
N([2, 3, 5], 8) = 107147
N([2, 4, 1], 8) = 114674
N([2, 4, 2], 8) = 92601
N([2, 4, 3], 8) = 74492
N([2, 4, 4], 8) = 92601
N([2, 4, 5], 8) = 126600
N([2, 5, 1], 8) = 140592
N([2, 5, 2], 8) = 117769
N([2, 5, 3], 8) = 114674
N([2, 5, 4], 8) = 139178
N([2, 5, 5], 8) = 153074
N([3, 1, 1], 8) = 140592
N([3, 1, 2], 8) = 107147
N([3, 1, 3], 8) = 92601
N([3, 1, 4], 8) = 107275
N([3, 1, 5], 8) = 140592
N([3, 2, 1], 8) = 114674
N([3, 2, 2], 8) = 74492
N([3, 2, 3], 8) = 62719
N([3, 2, 4], 8) = 74492
N([3, 2, 5], 8) = 114674
N([3, 3, 1], 8) = 114128
N([3, 3, 2], 8) = 71832
N([3, 3, 3], 8) = 59800
N([3, 3, 4], 8) = 71832
N([3, 3, 5], 8) = 114128
N([3, 4, 1], 8) = 126722
N([3, 4, 2], 8) = 74492
N([3, 4, 3], 8) = 71832
N([3, 4, 4], 8) = 74492
N([3, 4, 5], 8) = 126722
N([3, 5, 1], 8) = 142345
N([3, 5, 2], 8) = 107275
N([3, 5, 3], 8) = 92601
N([3, 5, 4], 8) = 107147
N([3, 5, 5], 8) = 140592
N([4, 1, 1], 8) = 153137
N([4, 1, 2], 8) = 114674
N([4, 1, 3], 8) = 97136
N([4, 1, 4], 8) = 114674
N([4, 1, 5], 8) = 153137
N([4, 2, 1], 8) = 126722
N([4, 2, 2], 8) = 74492
N([4, 2, 3], 8) = 71832
N([4, 2, 4], 8) = 74492
N([4, 2, 5], 8) = 126722
N([4, 3, 1], 8) = 140555
N([4, 3, 2], 8) = 125347
N([4, 3, 3], 8) = 114128
N([4, 3, 4], 8) = 107275
N([4, 3, 5], 8) = 162521
N([4, 4, 1], 8) = 153137
N([4, 4, 2], 8) = 121074
N([4, 4, 3], 8) = 126722
N([4, 4, 4], 8) = 135046
N([4, 4, 5], 8) = 140592
N([4, 5, 1], 8) = 167123
N([4, 5, 2], 8) = 150493
N([4, 5, 3], 8) = 140555
N([4, 5, 4], 8) = 153137
N([4, 5, 5], 8) = 150493
N([5, 1, 1], 8) = 165376
N([5, 1, 2], 8) = 140555
N([5, 1, 3], 8) = 125347
N([5, 1, 4], 8) = 153137
N([5, 1, 5], 8) = 150493
N([5, 2, 1], 8) = 150493
N([5, 2, 2], 8) = 140592
N([5, 2, 3], 8) = 126722
N([5, 2, 4], 8) = 140555
N([5, 2, 5], 8) = 167123
N([5, 3, 1], 8) = 125347
N([5, 3, 2], 8) = 107275
N([5, 3, 3], 8) = 114128
N([5, 3, 4], 8) = 125347
N([5, 3, 5], 8) = 140555
N([5, 4, 1], 8) = 153137
N([5, 4, 2], 8) = 140592
N([5, 4, 3], 8) = 125347
N([5, 4, 4], 8) = 150493
N([5, 4, 5], 8) = 150493
N([5, 5, 1], 8) = 165376
N([5, 5, 2], 8) = 150493
N([5, 5, 3], 8) = 140555
N([5, 5, 4], 8) = 150493
N([5, 5, 5], 8) = 165376
N([1, 1, 1, 1], 8) = 248135
> Progress: 100% [262144 / 262144]
N([1, 1, 1, 2], 8) = 251908
> Progress: 100% [262144 / 262144]
N([1, 1, 1, 3], 8) = 249429
> Progress: 100% [262144 / 262144]
N([1, 1, 1, 4], 8) = 249427
> Progress: 100% [262144 / 262144]
N([1, 1, 1, 5], 8) = 251950
> Progress: 100% [262144 / 262144]
N([1, 1, 1, 6], 8) = 252437
> Progress: 100% [262144 / 262144]
N([1, 1, 2, 1], 8) = 249660
> Progress: 100% [262144 / 262144]
N([1, 1, 2, 2], 8) = 252175
> Progress: 100% [262144 / 262144]
N([1, 1, 2, 3], 8) = 252148
> Progress: 100% [262144 / 262144]
N([1, 1, 2, 4], 8) = 250533
> Progress: 100% [262144 / 262144]
N([1, 1, 2, 5], 8) = 252903
> Progress: 100% [262144 / 262144]
N([1, 1, 2, 6], 8) = 253347
> Progress: 100% [262144 / 262144]
N([1, 1, 3, 1], 8) = 246950
> Progress: 100% [262144 / 262144]
N([1, 1, 3, 2], 8) = 252051
> Progress: 100% [262144 / 262144]
N([1, 1, 3, 3], 8) = 249827
> Progress: 100% [262144 / 262144]
N([1, 1, 3, 4], 8) = 249503
> Progress: 100% [262144 / 262144]
N([1, 1, 3, 5], 8) = 250754
> Progress: 100% [262144 / 262144]
N([1, 1, 3, 6], 8) = 251284
> Progress: 100% [262144 / 262144]
N([1, 1, 4, 1], 8) = 248584
> Progress: 100% [262144 / 262144]
N([1, 1, 4, 2], 8) = 250382
> Progress: 100% [262144 / 262144]
N([1, 1, 4, 3], 8) = 249405
> Progress: 100% [262144 / 262144]
N([1, 1, 4, 4], 8) = 251396
> Progress: 100% [262144 / 262144]
N([1, 1, 4, 5], 8) = 252347
> Progress: 100% [262144 / 262144]
N([1, 1, 4, 6], 8) = 252803
> Progress: 100% [262144 / 262144]
N([1, 1, 5, 1], 8) = 248827
> Progress: 100% [262144 / 262144]
N([1, 1, 5, 2], 8) = 252526
> Progress: 100% [262144 / 262144]
N([1, 1, 5, 3], 8) = 250427
> Progress: 100% [262144 / 262144]
N([1, 1, 5, 4], 8) = 252244
> Progress: 100% [262144 / 262144]
N([1, 1, 5, 5], 8) = 251434
> Progress: 100% [262144 / 262144]
N([1, 1, 5, 6], 8) = 253132
> Progress: 100% [262144 / 262144]
N([1, 1, 6, 1], 8) = 250408
> Progress: 100% [262144 / 262144]
N([1, 1, 6, 2], 8) = 253493
> Progress: 100% [262144 / 262144]
N([1, 1, 6, 3], 8) = 251484
> Progress: 100% [262144 / 262144]
N([1, 1, 6, 4], 8) = 253137
> Progress: 100% [262144 / 262144]
N([1, 1, 6, 5], 8) = 253312
> Progress: 100% [262144 / 262144]
N([1, 1, 6, 6], 8) = 254528
> Progress: 100% [262144 / 262144]
N([1, 2, 1, 1], 8) = 248696
> Progress: 100% [262144 / 262144]
N([1, 2, 1, 2], 8) = 249415
> Progress: 100% [262144 / 262144]
N([1, 2, 1, 3], 8) = 251780
> Progress: 100% [262144 / 262144]
N([1, 2, 1, 4], 8) = 250609
> Progress: 100% [262144 / 262144]
N([1, 2, 1, 5], 8) = 250899
> Progress: 100% [262144 / 262144]
N([1, 2, 1, 6], 8) = 251400
> Progress: 100% [262144 / 262144]
N([1, 2, 2, 1], 8) = 250666
> Progress: 100% [262144 / 262144]
N([1, 2, 2, 2], 8) = 247388
> Progress: 100% [262144 / 262144]
N([1, 2, 2, 3], 8) = 248834
> Progress: 100% [262144 / 262144]
N([1, 2, 2, 4], 8) = 248642
> Progress: 100% [262144 / 262144]
N([1, 2, 2, 5], 8) = 249249
> Progress: 100% [262144 / 262144]
N([1, 2, 2, 6], 8) = 249853
> Progress: 100% [262144 / 262144]
N([1, 2, 3, 1], 8) = 250307
> Progress: 100% [262144 / 262144]
N([1, 2, 3, 2], 8) = 248480
> Progress: 100% [262144 / 262144]
N([1, 2, 3, 3], 8) = 249371
> Progress: 100% [262144 / 262144]
N([1, 2, 3, 4], 8) = 250110
> Progress: 100% [262144 / 262144]
N([1, 2, 3, 5], 8) = 250718
> Progress: 100% [262144 / 262144]
N([1, 2, 3, 6], 8) = 251233
> Progress: 100% [262144 / 262144]
N([1, 2, 4, 1], 8) = 249888
> Progress: 100% [262144 / 262144]
N([1, 2, 4, 2], 8) = 248347
> Progress: 100% [262144 / 262144]
N([1, 2, 4, 3], 8) = 250107
> Progress: 100% [262144 / 262144]
N([1, 2, 4, 4], 8) = 249589
> Progress: 100% [262144 / 262144]
N([1, 2, 4, 5], 8) = 250720
> Progress: 100% [262144 / 262144]
N([1, 2, 4, 6], 8) = 251229
> Progress: 100% [262144 / 262144]
N([1, 2, 5, 1], 8) = 250330
> Progress: 100% [262144 / 262144]
N([1, 2, 5, 2], 8) = 248576
> Progress: 100% [262144 / 262144]
N([1, 2, 5, 3], 8) = 250441
> Progress: 100% [262144 / 262144]
N([1, 2, 5, 4], 8) = 250602
> Progress: 100% [262144 / 262144]
N([1, 2, 5, 5], 8) = 249576
> Progress: 100% [262144 / 262144]
N([1, 2, 5, 6], 8) = 251598
> Progress: 100% [262144 / 262144]
N([1, 2, 6, 1], 8) = 251870
> Progress: 100% [262144 / 262144]
N([1, 2, 6, 2], 8) = 249838
> Progress: 100% [262144 / 262144]
N([1, 2, 6, 3], 8) = 251430
> Progress: 100% [262144 / 262144]
N([1, 2, 6, 4], 8) = 251593
> Progress: 100% [262144 / 262144]
N([1, 2, 6, 5], 8) = 251781
N([1, 2, 6, 6], 8) = 253132
> Progress: 100% [262144 / 262144]
N([1, 3, 1, 1], 8) = 247661
> Progress: 100% [262144 / 262144]
N([1, 3, 1, 2], 8) = 251841
> Progress: 100% [262144 / 262144]
N([1, 3, 1, 3], 8) = 247486
> Progress: 100% [262144 / 262144]
N([1, 3, 1, 4], 8) = 251077
> Progress: 100% [262144 / 262144]
N([1, 3, 1, 5], 8) = 250712
> Progress: 100% [262144 / 262144]
N([1, 3, 1, 6], 8) = 250976
> Progress: 100% [262144 / 262144]
N([1, 3, 2, 1], 8) = 250428
> Progress: 100% [262144 / 262144]
N([1, 3, 2, 2], 8) = 249765
> Progress: 100% [262144 / 262144]
N([1, 3, 2, 3], 8) = 248731
> Progress: 100% [262144 / 262144]
N([1, 3, 2, 4], 8) = 250276
> Progress: 100% [262144 / 262144]
N([1, 3, 2, 5], 8) = 250706
> Progress: 100% [262144 / 262144]
N([1, 3, 2, 6], 8) = 251221
> Progress: 100% [262144 / 262144]
N([1, 3, 3, 1], 8) = 249668
> Progress: 100% [262144 / 262144]
N([1, 3, 3, 2], 8) = 248299
> Progress: 100% [262144 / 262144]
N([1, 3, 3, 3], 8) = 245821
> Progress: 100% [262144 / 262144]
N([1, 3, 3, 4], 8) = 247773
> Progress: 100% [262144 / 262144]
N([1, 3, 3, 5], 8) = 248298
> Progress: 100% [262144 / 262144]
N([1, 3, 3, 6], 8) = 248976
> Progress: 100% [262144 / 262144]
N([1, 3, 4, 1], 8) = 249403
> Progress: 100% [262144 / 262144]
N([1, 3, 4, 2], 8) = 250229
> Progress: 100% [262144 / 262144]
N([1, 3, 4, 3], 8) = 247452
> Progress: 100% [262144 / 262144]
N([1, 3, 4, 4], 8) = 249158
> Progress: 100% [262144 / 262144]
N([1, 3, 4, 5], 8) = 250329
> Progress: 100% [262144 / 262144]
N([1, 3, 4, 6], 8) = 250852
> Progress: 100% [262144 / 262144]
N([1, 3, 5, 1], 8) = 249968
> Progress: 100% [262144 / 262144]
N([1, 3, 5, 2], 8) = 250370
> Progress: 100% [262144 / 262144]
N([1, 3, 5, 3], 8) = 247645
> Progress: 100% [262144 / 262144]
N([1, 3, 5, 4], 8) = 250209
> Progress: 100% [262144 / 262144]
N([1, 3, 5, 5], 8) = 249129
N([1, 3, 5, 6], 8) = 251229
> Progress: 100% [262144 / 262144]
N([1, 3, 6, 1], 8) = 251109
> Progress: 100% [262144 / 262144]
N([1, 3, 6, 2], 8) = 251444
> Progress: 100% [262144 / 262144]
N([1, 3, 6, 3], 8) = 249021
> Progress: 100% [262144 / 262144]
N([1, 3, 6, 4], 8) = 251226
> Progress: 100% [262144 / 262144]
N([1, 3, 6, 5], 8) = 251418
N([1, 3, 6, 6], 8) = 252803
> Progress: 100% [262144 / 262144]
N([1, 4, 1, 1], 8) = 247644
> Progress: 100% [262144 / 262144]
N([1, 4, 1, 2], 8) = 250784
> Progress: 100% [262144 / 262144]
N([1, 4, 1, 3], 8) = 251354
> Progress: 100% [262144 / 262144]
N([1, 4, 1, 4], 8) = 247209
> Progress: 100% [262144 / 262144]
N([1, 4, 1, 5], 8) = 250440
> Progress: 100% [262144 / 262144]
N([1, 4, 1, 6], 8) = 251218
> Progress: 100% [262144 / 262144]
N([1, 4, 2, 1], 8) = 250060
> Progress: 100% [262144 / 262144]
N([1, 4, 2, 2], 8) = 249676
> Progress: 100% [262144 / 262144]
N([1, 4, 2, 3], 8) = 250286
> Progress: 100% [262144 / 262144]
N([1, 4, 2, 4], 8) = 247983
> Progress: 100% [262144 / 262144]
N([1, 4, 2, 5], 8) = 250685
> Progress: 100% [262144 / 262144]
N([1, 4, 2, 6], 8) = 251194
> Progress: 100% [262144 / 262144]
N([1, 4, 3, 1], 8) = 249481
> Progress: 100% [262144 / 262144]
N([1, 4, 3, 2], 8) = 250413
> Progress: 100% [262144 / 262144]
N([1, 4, 3, 3], 8) = 248936
> Progress: 100% [262144 / 262144]
N([1, 4, 3, 4], 8) = 247391
> Progress: 100% [262144 / 262144]
N([1, 4, 3, 5], 8) = 250335
> Progress: 100% [262144 / 262144]
N([1, 4, 3, 6], 8) = 250858
> Progress: 100% [262144 / 262144]
N([1, 4, 4, 1], 8) = 248243
> Progress: 100% [262144 / 262144]
N([1, 4, 4, 2], 8) = 248175
> Progress: 100% [262144 / 262144]
N([1, 4, 4, 3], 8) = 247801
> Progress: 100% [262144 / 262144]
N([1, 4, 4, 4], 8) = 244615
> Progress: 100% [262144 / 262144]
N([1, 4, 4, 5], 8) = 248195
N([1, 4, 4, 6], 8) = 248976
> Progress: 100% [262144 / 262144]
N([1, 4, 5, 1], 8) = 249963
> Progress: 100% [262144 / 262144]
N([1, 4, 5, 2], 8) = 250264
> Progress: 100% [262144 / 262144]
N([1, 4, 5, 3], 8) = 250082
> Progress: 100% [262144 / 262144]
N([1, 4, 5, 4], 8) = 247708
> Progress: 100% [262144 / 262144]
N([1, 4, 5, 5], 8) = 248529
N([1, 4, 5, 6], 8) = 251233
> Progress: 100% [262144 / 262144]
N([1, 4, 6, 1], 8) = 251089
> Progress: 100% [262144 / 262144]
N([1, 4, 6, 2], 8) = 251358
> Progress: 100% [262144 / 262144]
N([1, 4, 6, 3], 8) = 251050
> Progress: 100% [262144 / 262144]
N([1, 4, 6, 4], 8) = 249181
> Progress: 100% [262144 / 262144]
N([1, 4, 6, 5], 8) = 251233
N([1, 4, 6, 6], 8) = 251284
> Progress: 100% [262144 / 262144]
N([1, 5, 1, 1], 8) = 247203
> Progress: 100% [262144 / 262144]
N([1, 5, 1, 2], 8) = 250828
> Progress: 100% [262144 / 262144]
N([1, 5, 1, 3], 8) = 250454
> Progress: 100% [262144 / 262144]
N([1, 5, 1, 4], 8) = 250286
> Progress: 100% [262144 / 262144]
N([1, 5, 1, 5], 8) = 248747
> Progress: 100% [262144 / 262144]
N([1, 5, 1, 6], 8) = 251597
> Progress: 100% [262144 / 262144]
N([1, 5, 2, 1], 8) = 250275
> Progress: 100% [262144 / 262144]
N([1, 5, 2, 2], 8) = 248844
> Progress: 100% [262144 / 262144]
N([1, 5, 2, 3], 8) = 250558
> Progress: 100% [262144 / 262144]
N([1, 5, 2, 4], 8) = 250518
> Progress: 100% [262144 / 262144]
N([1, 5, 2, 5], 8) = 249986
> Progress: 100% [262144 / 262144]
N([1, 5, 2, 6], 8) = 251954
> Progress: 100% [262144 / 262144]
N([1, 5, 3, 1], 8) = 249709
> Progress: 100% [262144 / 262144]
N([1, 5, 3, 2], 8) = 250427
> Progress: 100% [262144 / 262144]
N([1, 5, 3, 3], 8) = 248099
> Progress: 100% [262144 / 262144]
N([1, 5, 3, 4], 8) = 250196
> Progress: 100% [262144 / 262144]
N([1, 5, 3, 5], 8) = 248944
N([1, 5, 3, 6], 8) = 251194
> Progress: 100% [262144 / 262144]
N([1, 5, 4, 1], 8) = 249788
> Progress: 100% [262144 / 262144]
N([1, 5, 4, 2], 8) = 250305
> Progress: 100% [262144 / 262144]
N([1, 5, 4, 3], 8) = 250065
> Progress: 100% [262144 / 262144]
N([1, 5, 4, 4], 8) = 247917
> Progress: 100% [262144 / 262144]
N([1, 5, 4, 5], 8) = 248628
N([1, 5, 4, 6], 8) = 251221
> Progress: 100% [262144 / 262144]
N([1, 5, 5, 1], 8) = 250646
> Progress: 100% [262144 / 262144]
N([1, 5, 5, 2], 8) = 249122
> Progress: 100% [262144 / 262144]
N([1, 5, 5, 3], 8) = 248686
> Progress: 100% [262144 / 262144]
N([1, 5, 5, 4], 8) = 248618
> Progress: 100% [262144 / 262144]
N([1, 5, 5, 5], 8) = 247111
N([1, 5, 5, 6], 8) = 249853
> Progress: 100% [262144 / 262144]
N([1, 5, 6, 1], 8) = 252159
> Progress: 100% [262144 / 262144]
N([1, 5, 6, 2], 8) = 251511
> Progress: 100% [262144 / 262144]
N([1, 5, 6, 3], 8) = 251194
> Progress: 100% [262144 / 262144]
N([1, 5, 6, 4], 8) = 251221
> Progress: 100% [262144 / 262144]
N([1, 5, 6, 5], 8) = 250086
N([1, 5, 6, 6], 8) = 253347
> Progress: 100% [262144 / 262144]
N([1, 6, 1, 1], 8) = 250515
> Progress: 100% [262144 / 262144]
N([1, 6, 1, 2], 8) = 251401
> Progress: 100% [262144 / 262144]
N([1, 6, 1, 3], 8) = 250583
> Progress: 100% [262144 / 262144]
N([1, 6, 1, 4], 8) = 250590
> Progress: 100% [262144 / 262144]
N([1, 6, 1, 5], 8) = 251384
> Progress: 100% [262144 / 262144]
N([1, 6, 1, 6], 8) = 251288
> Progress: 100% [262144 / 262144]
N([1, 6, 2, 1], 8) = 251528
> Progress: 100% [262144 / 262144]
N([1, 6, 2, 2], 8) = 251991
> Progress: 100% [262144 / 262144]
N([1, 6, 2, 3], 8) = 251527
> Progress: 100% [262144 / 262144]
N([1, 6, 2, 4], 8) = 251412
> Progress: 100% [262144 / 262144]
N([1, 6, 2, 5], 8) = 252054
N([1, 6, 2, 6], 8) = 251597
> Progress: 100% [262144 / 262144]
N([1, 6, 3, 1], 8) = 251090
> Progress: 100% [262144 / 262144]
N([1, 6, 3, 2], 8) = 251652
> Progress: 100% [262144 / 262144]
N([1, 6, 3, 3], 8) = 251382
> Progress: 100% [262144 / 262144]
N([1, 6, 3, 4], 8) = 251085
> Progress: 100% [262144 / 262144]
N([1, 6, 3, 5], 8) = 251685
N([1, 6, 3, 6], 8) = 251218
> Progress: 100% [262144 / 262144]
N([1, 6, 4, 1], 8) = 251324
> Progress: 100% [262144 / 262144]
N([1, 6, 4, 2], 8) = 251648
> Progress: 100% [262144 / 262144]
N([1, 6, 4, 3], 8) = 251214
> Progress: 100% [262144 / 262144]
N([1, 6, 4, 4], 8) = 250224
> Progress: 100% [262144 / 262144]
N([1, 6, 4, 5], 8) = 251644
N([1, 6, 4, 6], 8) = 250976
> Progress: 100% [262144 / 262144]
N([1, 6, 5, 1], 8) = 252460
> Progress: 100% [262144 / 262144]
N([1, 6, 5, 2], 8) = 251858
> Progress: 100% [262144 / 262144]
N([1, 6, 5, 3], 8) = 251422
> Progress: 100% [262144 / 262144]
N([1, 6, 5, 4], 8) = 251512
> Progress: 100% [262144 / 262144]
N([1, 6, 5, 5], 8) = 252328
N([1, 6, 5, 6], 8) = 251400
> Progress: 100% [262144 / 262144]
N([1, 6, 6, 1], 8) = 252815
> Progress: 100% [262144 / 262144]
N([1, 6, 6, 2], 8) = 251474
> Progress: 100% [262144 / 262144]
N([1, 6, 6, 3], 8) = 251080
> Progress: 100% [262144 / 262144]
N([1, 6, 6, 4], 8) = 251130
> Progress: 100% [262144 / 262144]
N([1, 6, 6, 5], 8) = 251359
N([1, 6, 6, 6], 8) = 252437
> Progress: 100% [262144 / 262144]
N([2, 1, 1, 1], 8) = 250595
> Progress: 100% [262144 / 262144]
N([2, 1, 1, 2], 8) = 250798
> Progress: 100% [262144 / 262144]
N([2, 1, 1, 3], 8) = 250416
> Progress: 100% [262144 / 262144]
N([2, 1, 1, 4], 8) = 250380
> Progress: 100% [262144 / 262144]
N([2, 1, 1, 5], 8) = 250860
N([2, 1, 1, 6], 8) = 251359
> Progress: 100% [262144 / 262144]
N([2, 1, 2, 1], 8) = 249597
> Progress: 100% [262144 / 262144]
N([2, 1, 2, 2], 8) = 245262
> Progress: 100% [262144 / 262144]
N([2, 1, 2, 3], 8) = 249506
> Progress: 100% [262144 / 262144]
N([2, 1, 2, 4], 8) = 248893
> Progress: 100% [262144 / 262144]
N([2, 1, 2, 5], 8) = 249517
N([2, 1, 2, 6], 8) = 250086
> Progress: 100% [262144 / 262144]
N([2, 1, 3, 1], 8) = 251356
> Progress: 100% [262144 / 262144]
N([2, 1, 3, 2], 8) = 248438
> Progress: 100% [262144 / 262144]
N([2, 1, 3, 3], 8) = 249571
> Progress: 100% [262144 / 262144]
N([2, 1, 3, 4], 8) = 250511
> Progress: 100% [262144 / 262144]
N([2, 1, 3, 5], 8) = 250860
N([2, 1, 3, 6], 8) = 251233
> Progress: 100% [262144 / 262144]
N([2, 1, 4, 1], 8) = 250485
> Progress: 100% [262144 / 262144]
N([2, 1, 4, 2], 8) = 248194
> Progress: 100% [262144 / 262144]
N([2, 1, 4, 3], 8) = 250317
> Progress: 100% [262144 / 262144]
N([2, 1, 4, 4], 8) = 249803
> Progress: 100% [262144 / 262144]
N([2, 1, 4, 5], 8) = 250914
N([2, 1, 4, 6], 8) = 251418
> Progress: 100% [262144 / 262144]
N([2, 1, 5, 1], 8) = 250339
> Progress: 100% [262144 / 262144]
N([2, 1, 5, 2], 8) = 248682
> Progress: 100% [262144 / 262144]
N([2, 1, 5, 3], 8) = 250614
> Progress: 100% [262144 / 262144]
N([2, 1, 5, 4], 8) = 250797
> Progress: 100% [262144 / 262144]
N([2, 1, 5, 5], 8) = 249802
N([2, 1, 5, 6], 8) = 251781
> Progress: 100% [262144 / 262144]
N([2, 1, 6, 1], 8) = 251418
> Progress: 100% [262144 / 262144]
N([2, 1, 6, 2], 8) = 250265
> Progress: 100% [262144 / 262144]
N([2, 1, 6, 3], 8) = 251581
> Progress: 100% [262144 / 262144]
N([2, 1, 6, 4], 8) = 251784
> Progress: 100% [262144 / 262144]
N([2, 1, 6, 5], 8) = 251975
N([2, 1, 6, 6], 8) = 253312
> Progress: 100% [262144 / 262144]
N([2, 2, 1, 1], 8) = 252260
> Progress: 100% [262144 / 262144]
N([2, 2, 1, 2], 8) = 246468
> Progress: 100% [262144 / 262144]
N([2, 2, 1, 3], 8) = 250959
> Progress: 100% [262144 / 262144]
N([2, 2, 1, 4], 8) = 249210
> Progress: 100% [262144 / 262144]
N([2, 2, 1, 5], 8) = 251824
N([2, 2, 1, 6], 8) = 252328
> Progress: 100% [262144 / 262144]
N([2, 2, 2, 1], 8) = 249290
> Progress: 100% [262144 / 262144]
N([2, 2, 2, 2], 8) = 239991
> Progress: 100% [262144 / 262144]
N([2, 2, 2, 3], 8) = 244251
> Progress: 100% [262144 / 262144]
N([2, 2, 2, 4], 8) = 242735
> Progress: 100% [262144 / 262144]
N([2, 2, 2, 5], 8) = 246302
N([2, 2, 2, 6], 8) = 247111
> Progress: 100% [262144 / 262144]
N([2, 2, 3, 1], 8) = 250653
> Progress: 100% [262144 / 262144]
N([2, 2, 3, 2], 8) = 241040
> Progress: 100% [262144 / 262144]
N([2, 2, 3, 3], 8) = 246246
> Progress: 100% [262144 / 262144]
N([2, 2, 3, 4], 8) = 247196
> Progress: 100% [262144 / 262144]
N([2, 2, 3, 5], 8) = 247919
N([2, 2, 3, 6], 8) = 248529
> Progress: 100% [262144 / 262144]
N([2, 2, 4, 1], 8) = 248831
> Progress: 100% [262144 / 262144]
N([2, 2, 4, 2], 8) = 241690
> Progress: 100% [262144 / 262144]
N([2, 2, 4, 3], 8) = 247080
> Progress: 100% [262144 / 262144]
N([2, 2, 4, 4], 8) = 247054
> Progress: 100% [262144 / 262144]
N([2, 2, 4, 5], 8) = 248525
N([2, 2, 4, 6], 8) = 249129
> Progress: 100% [262144 / 262144]
N([2, 2, 5, 1], 8) = 251258
> Progress: 100% [262144 / 262144]
N([2, 2, 5, 2], 8) = 242082
> Progress: 100% [262144 / 262144]
N([2, 2, 5, 3], 8) = 247601
> Progress: 100% [262144 / 262144]
N([2, 2, 5, 4], 8) = 248377
> Progress: 100% [262144 / 262144]
N([2, 2, 5, 5], 8) = 247052
N([2, 2, 5, 6], 8) = 249576
> Progress: 100% [262144 / 262144]
N([2, 2, 6, 1], 8) = 252294
> Progress: 100% [262144 / 262144]
N([2, 2, 6, 2], 8) = 244361
> Progress: 100% [262144 / 262144]
N([2, 2, 6, 3], 8) = 248806
> Progress: 100% [262144 / 262144]
N([2, 2, 6, 4], 8) = 249567
N([2, 2, 6, 5], 8) = 249802
N([2, 2, 6, 6], 8) = 251434
> Progress: 100% [262144 / 262144]
N([2, 3, 1, 1], 8) = 251328
> Progress: 100% [262144 / 262144]
N([2, 3, 1, 2], 8) = 249056
> Progress: 100% [262144 / 262144]
N([2, 3, 1, 3], 8) = 248970
> Progress: 100% [262144 / 262144]
N([2, 3, 1, 4], 8) = 250742
> Progress: 100% [262144 / 262144]
N([2, 3, 1, 5], 8) = 250943
N([2, 3, 1, 6], 8) = 251644
> Progress: 100% [262144 / 262144]
N([2, 3, 2, 1], 8) = 249437
> Progress: 100% [262144 / 262144]
N([2, 3, 2, 2], 8) = 242608
> Progress: 100% [262144 / 262144]
N([2, 3, 2, 3], 8) = 244529
> Progress: 100% [262144 / 262144]
N([2, 3, 2, 4], 8) = 248642
> Progress: 100% [262144 / 262144]
N([2, 3, 2, 5], 8) = 248272
N([2, 3, 2, 6], 8) = 248628
> Progress: 100% [262144 / 262144]
N([2, 3, 3, 1], 8) = 248346
> Progress: 100% [262144 / 262144]
N([2, 3, 3, 2], 8) = 247239
> Progress: 100% [262144 / 262144]
N([2, 3, 3, 3], 8) = 244823
> Progress: 100% [262144 / 262144]
N([2, 3, 3, 4], 8) = 247146
> Progress: 100% [262144 / 262144]
N([2, 3, 3, 5], 8) = 247500
N([2, 3, 3, 6], 8) = 248195
> Progress: 100% [262144 / 262144]
N([2, 3, 4, 1], 8) = 250412
> Progress: 100% [262144 / 262144]
N([2, 3, 4, 2], 8) = 247108
> Progress: 100% [262144 / 262144]
N([2, 3, 4, 3], 8) = 246815
> Progress: 100% [262144 / 262144]
N([2, 3, 4, 4], 8) = 248558
> Progress: 100% [262144 / 262144]
N([2, 3, 4, 5], 8) = 249789
N([2, 3, 4, 6], 8) = 250329
> Progress: 100% [262144 / 262144]
N([2, 3, 5, 1], 8) = 250457
> Progress: 100% [262144 / 262144]
N([2, 3, 5, 2], 8) = 247586
> Progress: 100% [262144 / 262144]
N([2, 3, 5, 3], 8) = 247015
> Progress: 100% [262144 / 262144]
N([2, 3, 5, 4], 8) = 249664
N([2, 3, 5, 5], 8) = 248525
N([2, 3, 5, 6], 8) = 250720
> Progress: 100% [262144 / 262144]
N([2, 3, 6, 1], 8) = 251502
> Progress: 100% [262144 / 262144]
N([2, 3, 6, 2], 8) = 248873
> Progress: 100% [262144 / 262144]
N([2, 3, 6, 3], 8) = 248430
> Progress: 100% [262144 / 262144]
N([2, 3, 6, 4], 8) = 250715
N([2, 3, 6, 5], 8) = 250914
N([2, 3, 6, 6], 8) = 252347
> Progress: 100% [262144 / 262144]
N([2, 4, 1, 1], 8) = 251239
> Progress: 100% [262144 / 262144]
N([2, 4, 1, 2], 8) = 248807
> Progress: 100% [262144 / 262144]
N([2, 4, 1, 3], 8) = 250642
> Progress: 100% [262144 / 262144]
N([2, 4, 1, 4], 8) = 248300
> Progress: 100% [262144 / 262144]
N([2, 4, 1, 5], 8) = 250918
N([2, 4, 1, 6], 8) = 251685
> Progress: 100% [262144 / 262144]
N([2, 4, 2, 1], 8) = 249024
> Progress: 100% [262144 / 262144]
N([2, 4, 2, 2], 8) = 242589
> Progress: 100% [262144 / 262144]
N([2, 4, 2, 3], 8) = 248973
> Progress: 100% [262144 / 262144]
N([2, 4, 2, 4], 8) = 244596
> Progress: 100% [262144 / 262144]
N([2, 4, 2, 5], 8) = 248087
N([2, 4, 2, 6], 8) = 248944
> Progress: 100% [262144 / 262144]
N([2, 4, 3, 1], 8) = 250515
> Progress: 100% [262144 / 262144]
N([2, 4, 3, 2], 8) = 247193
> Progress: 100% [262144 / 262144]
N([2, 4, 3, 3], 8) = 248338
> Progress: 100% [262144 / 262144]
N([2, 4, 3, 4], 8) = 246742
> Progress: 100% [262144 / 262144]
N([2, 4, 3, 5], 8) = 249795
N([2, 4, 3, 6], 8) = 250335
> Progress: 100% [262144 / 262144]
N([2, 4, 4, 1], 8) = 248348
> Progress: 100% [262144 / 262144]
N([2, 4, 4, 2], 8) = 245569
> Progress: 100% [262144 / 262144]
N([2, 4, 4, 3], 8) = 247162
> Progress: 100% [262144 / 262144]
N([2, 4, 4, 4], 8) = 243644
N([2, 4, 4, 5], 8) = 247500
N([2, 4, 4, 6], 8) = 248298
> Progress: 100% [262144 / 262144]
N([2, 4, 5, 1], 8) = 250335
> Progress: 100% [262144 / 262144]
N([2, 4, 5, 2], 8) = 247615
> Progress: 100% [262144 / 262144]
N([2, 4, 5, 3], 8) = 249532
> Progress: 100% [262144 / 262144]
N([2, 4, 5, 4], 8) = 247065
N([2, 4, 5, 5], 8) = 247919
N([2, 4, 5, 6], 8) = 250718
> Progress: 100% [262144 / 262144]
N([2, 4, 6, 1], 8) = 251525
> Progress: 100% [262144 / 262144]
N([2, 4, 6, 2], 8) = 248844
> Progress: 100% [262144 / 262144]
N([2, 4, 6, 3], 8) = 250534
> Progress: 100% [262144 / 262144]
N([2, 4, 6, 4], 8) = 248577
N([2, 4, 6, 5], 8) = 250860
N([2, 4, 6, 6], 8) = 250754
> Progress: 100% [262144 / 262144]
N([2, 5, 1, 1], 8) = 250606
> Progress: 100% [262144 / 262144]
N([2, 5, 1, 2], 8) = 249040
> Progress: 100% [262144 / 262144]
N([2, 5, 1, 3], 8) = 250819
> Progress: 100% [262144 / 262144]
N([2, 5, 1, 4], 8) = 250797
> Progress: 100% [262144 / 262144]
N([2, 5, 1, 5], 8) = 250349
N([2, 5, 1, 6], 8) = 252054
> Progress: 100% [262144 / 262144]
N([2, 5, 2, 1], 8) = 249274
> Progress: 100% [262144 / 262144]
N([2, 5, 2, 2], 8) = 241590
> Progress: 100% [262144 / 262144]
N([2, 5, 2, 3], 8) = 247997
> Progress: 100% [262144 / 262144]
N([2, 5, 2, 4], 8) = 247890
> Progress: 100% [262144 / 262144]
N([2, 5, 2, 5], 8) = 245812
N([2, 5, 2, 6], 8) = 249986
> Progress: 100% [262144 / 262144]
N([2, 5, 3, 1], 8) = 250653
> Progress: 100% [262144 / 262144]
N([2, 5, 3, 2], 8) = 247456
> Progress: 100% [262144 / 262144]
N([2, 5, 3, 3], 8) = 247471
> Progress: 100% [262144 / 262144]
N([2, 5, 3, 4], 8) = 249651
N([2, 5, 3, 5], 8) = 248087
N([2, 5, 3, 6], 8) = 250685
> Progress: 100% [262144 / 262144]
N([2, 5, 4, 1], 8) = 250584
> Progress: 100% [262144 / 262144]
N([2, 5, 4, 2], 8) = 247428
> Progress: 100% [262144 / 262144]
N([2, 5, 4, 3], 8) = 249515
> Progress: 100% [262144 / 262144]
N([2, 5, 4, 4], 8) = 247277
N([2, 5, 4, 5], 8) = 248272
N([2, 5, 4, 6], 8) = 250706
> Progress: 100% [262144 / 262144]
N([2, 5, 5, 1], 8) = 249284
> Progress: 100% [262144 / 262144]
N([2, 5, 5, 2], 8) = 248395
> Progress: 100% [262144 / 262144]
N([2, 5, 5, 3], 8) = 248082
> Progress: 100% [262144 / 262144]
N([2, 5, 5, 4], 8) = 247978
N([2, 5, 5, 5], 8) = 246302
N([2, 5, 5, 6], 8) = 249249
> Progress: 100% [262144 / 262144]
N([2, 5, 6, 1], 8) = 251858
> Progress: 100% [262144 / 262144]
N([2, 5, 6, 2], 8) = 249986
> Progress: 100% [262144 / 262144]
N([2, 5, 6, 3], 8) = 250685
> Progress: 100% [262144 / 262144]
N([2, 5, 6, 4], 8) = 250706
N([2, 5, 6, 5], 8) = 249517
N([2, 5, 6, 6], 8) = 252903
> Progress: 100% [262144 / 262144]
N([2, 6, 1, 1], 8) = 253396
> Progress: 100% [262144 / 262144]
N([2, 6, 1, 2], 8) = 250103
> Progress: 100% [262144 / 262144]
N([2, 6, 1, 3], 8) = 251716
> Progress: 100% [262144 / 262144]
N([2, 6, 1, 4], 8) = 251676
> Progress: 100% [262144 / 262144]
N([2, 6, 1, 5], 8) = 252296
N([2, 6, 1, 6], 8) = 251384
> Progress: 100% [262144 / 262144]
N([2, 6, 2, 1], 8) = 250231
> Progress: 100% [262144 / 262144]
N([2, 6, 2, 2], 8) = 246039
> Progress: 100% [262144 / 262144]
N([2, 6, 2, 3], 8) = 248439
> Progress: 100% [262144 / 262144]
N([2, 6, 2, 4], 8) = 248402
N([2, 6, 2, 5], 8) = 250349
N([2, 6, 2, 6], 8) = 248747
> Progress: 100% [262144 / 262144]
N([2, 6, 3, 1], 8) = 252008
> Progress: 100% [262144 / 262144]
N([2, 6, 3, 2], 8) = 248796
> Progress: 100% [262144 / 262144]
N([2, 6, 3, 3], 8) = 250856
> Progress: 100% [262144 / 262144]
N([2, 6, 3, 4], 8) = 250569
N([2, 6, 3, 5], 8) = 250918
N([2, 6, 3, 6], 8) = 250440
> Progress: 100% [262144 / 262144]
N([2, 6, 4, 1], 8) = 252008
> Progress: 100% [262144 / 262144]
N([2, 6, 4, 2], 8) = 249069
> Progress: 100% [262144 / 262144]
N([2, 6, 4, 3], 8) = 250703
> Progress: 100% [262144 / 262144]
N([2, 6, 4, 4], 8) = 249620
N([2, 6, 4, 5], 8) = 250943
N([2, 6, 4, 6], 8) = 250712
> Progress: 100% [262144 / 262144]
N([2, 6, 5, 1], 8) = 252278
> Progress: 100% [262144 / 262144]
N([2, 6, 5, 2], 8) = 250349
> Progress: 100% [262144 / 262144]
N([2, 6, 5, 3], 8) = 250918
> Progress: 100% [262144 / 262144]
N([2, 6, 5, 4], 8) = 250943
N([2, 6, 5, 5], 8) = 251824
N([2, 6, 5, 6], 8) = 250899
> Progress: 100% [262144 / 262144]
N([2, 6, 6, 1], 8) = 251710
> Progress: 100% [262144 / 262144]
N([2, 6, 6, 2], 8) = 250952
> Progress: 100% [262144 / 262144]
N([2, 6, 6, 3], 8) = 250573
> Progress: 100% [262144 / 262144]
N([2, 6, 6, 4], 8) = 250624
N([2, 6, 6, 5], 8) = 250860
N([2, 6, 6, 6], 8) = 251950
> Progress: 100% [262144 / 262144]
N([3, 1, 1, 1], 8) = 250303
> Progress: 100% [262144 / 262144]
N([3, 1, 1, 2], 8) = 250624
> Progress: 100% [262144 / 262144]
N([3, 1, 1, 3], 8) = 249772
> Progress: 100% [262144 / 262144]
N([3, 1, 1, 4], 8) = 250161
N([3, 1, 1, 5], 8) = 250624
N([3, 1, 1, 6], 8) = 251130
> Progress: 100% [262144 / 262144]
N([3, 1, 2, 1], 8) = 251648
> Progress: 100% [262144 / 262144]
N([3, 1, 2, 2], 8) = 250202
> Progress: 100% [262144 / 262144]
N([3, 1, 2, 3], 8) = 247926
> Progress: 100% [262144 / 262144]
N([3, 1, 2, 4], 8) = 250940
N([3, 1, 2, 5], 8) = 250706
N([3, 1, 2, 6], 8) = 251221
> Progress: 100% [262144 / 262144]
N([3, 1, 3, 1], 8) = 247745
> Progress: 100% [262144 / 262144]
N([3, 1, 3, 2], 8) = 249538
> Progress: 100% [262144 / 262144]
N([3, 1, 3, 3], 8) = 243054
> Progress: 100% [262144 / 262144]
N([3, 1, 3, 4], 8) = 247858
N([3, 1, 3, 5], 8) = 248577
N([3, 1, 3, 6], 8) = 249181
> Progress: 100% [262144 / 262144]
N([3, 1, 4, 1], 8) = 249894
> Progress: 100% [262144 / 262144]
N([3, 1, 4, 2], 8) = 250643
> Progress: 100% [262144 / 262144]
N([3, 1, 4, 3], 8) = 247321
> Progress: 100% [262144 / 262144]
N([3, 1, 4, 4], 8) = 249584
N([3, 1, 4, 5], 8) = 250715
N([3, 1, 4, 6], 8) = 251226
> Progress: 100% [262144 / 262144]
N([3, 1, 5, 1], 8) = 250482
> Progress: 100% [262144 / 262144]
N([3, 1, 5, 2], 8) = 250880
> Progress: 100% [262144 / 262144]
N([3, 1, 5, 3], 8) = 247801
> Progress: 100% [262144 / 262144]
N([3, 1, 5, 4], 8) = 250597
N([3, 1, 5, 5], 8) = 249567
N([3, 1, 5, 6], 8) = 251593
> Progress: 100% [262144 / 262144]
N([3, 1, 6, 1], 8) = 251211
> Progress: 100% [262144 / 262144]
N([3, 1, 6, 2], 8) = 251917
> Progress: 100% [262144 / 262144]
N([3, 1, 6, 3], 8) = 249103
> Progress: 100% [262144 / 262144]
N([3, 1, 6, 4], 8) = 251594
N([3, 1, 6, 5], 8) = 251784
N([3, 1, 6, 6], 8) = 253137
> Progress: 100% [262144 / 262144]
N([3, 2, 1, 1], 8) = 251486
> Progress: 100% [262144 / 262144]
N([3, 2, 1, 2], 8) = 248843
> Progress: 100% [262144 / 262144]
N([3, 2, 1, 3], 8) = 248295
> Progress: 100% [262144 / 262144]
N([3, 2, 1, 4], 8) = 250854
N([3, 2, 1, 5], 8) = 250943
N([3, 2, 1, 6], 8) = 251512
> Progress: 100% [262144 / 262144]
N([3, 2, 2, 1], 8) = 249002
> Progress: 100% [262144 / 262144]
N([3, 2, 2, 2], 8) = 245897
> Progress: 100% [262144 / 262144]
N([3, 2, 2, 3], 8) = 246961
> Progress: 100% [262144 / 262144]
N([3, 2, 2, 4], 8) = 247501
N([3, 2, 2, 5], 8) = 247978
N([3, 2, 2, 6], 8) = 248618
> Progress: 100% [262144 / 262144]
N([3, 2, 3, 1], 8) = 249520
> Progress: 100% [262144 / 262144]
N([3, 2, 3, 2], 8) = 244355
> Progress: 100% [262144 / 262144]
N([3, 2, 3, 3], 8) = 240828
> Progress: 100% [262144 / 262144]
N([3, 2, 3, 4], 8) = 246783
N([3, 2, 3, 5], 8) = 247065
N([3, 2, 3, 6], 8) = 247708
> Progress: 100% [262144 / 262144]
N([3, 2, 4, 1], 8) = 250538
> Progress: 100% [262144 / 262144]
N([3, 2, 4, 2], 8) = 247183
> Progress: 100% [262144 / 262144]
N([3, 2, 4, 3], 8) = 246291
> Progress: 100% [262144 / 262144]
N([3, 2, 4, 4], 8) = 248413
N([3, 2, 4, 5], 8) = 249664
N([3, 2, 4, 6], 8) = 250209
> Progress: 100% [262144 / 262144]
N([3, 2, 5, 1], 8) = 250699
> Progress: 100% [262144 / 262144]
N([3, 2, 5, 2], 8) = 247424
> Progress: 100% [262144 / 262144]
N([3, 2, 5, 3], 8) = 246654
> Progress: 100% [262144 / 262144]
N([3, 2, 5, 4], 8) = 249535
N([3, 2, 5, 5], 8) = 248377
N([3, 2, 5, 6], 8) = 250602
> Progress: 100% [262144 / 262144]
N([3, 2, 6, 1], 8) = 251684
> Progress: 100% [262144 / 262144]
N([3, 2, 6, 2], 8) = 248769
> Progress: 100% [262144 / 262144]
N([3, 2, 6, 3], 8) = 248087
N([3, 2, 6, 4], 8) = 250597
N([3, 2, 6, 5], 8) = 250797
N([3, 2, 6, 6], 8) = 252244
> Progress: 100% [262144 / 262144]
N([3, 3, 1, 1], 8) = 250029
> Progress: 100% [262144 / 262144]
N([3, 3, 1, 2], 8) = 250486
> Progress: 100% [262144 / 262144]
N([3, 3, 1, 3], 8) = 243124
> Progress: 100% [262144 / 262144]
N([3, 3, 1, 4], 8) = 247841
N([3, 3, 1, 5], 8) = 249620
N([3, 3, 1, 6], 8) = 250224
> Progress: 100% [262144 / 262144]
N([3, 3, 2, 1], 8) = 250292
> Progress: 100% [262144 / 262144]
N([3, 3, 2, 2], 8) = 246076
> Progress: 100% [262144 / 262144]
N([3, 3, 2, 3], 8) = 239297
> Progress: 100% [262144 / 262144]
N([3, 3, 2, 4], 8) = 246546
N([3, 3, 2, 5], 8) = 247277
N([3, 3, 2, 6], 8) = 247917
> Progress: 100% [262144 / 262144]
N([3, 3, 3, 1], 8) = 246452
> Progress: 100% [262144 / 262144]
N([3, 3, 3, 2], 8) = 242768
> Progress: 100% [262144 / 262144]
N([3, 3, 3, 3], 8) = 235919
> Progress: 100% [262144 / 262144]
N([3, 3, 3, 4], 8) = 240997
N([3, 3, 3, 5], 8) = 243644
N([3, 3, 3, 6], 8) = 244615
> Progress: 100% [262144 / 262144]
N([3, 3, 4, 1], 8) = 247405
> Progress: 100% [262144 / 262144]
N([3, 3, 4, 2], 8) = 246271
> Progress: 100% [262144 / 262144]
N([3, 3, 4, 3], 8) = 240414
> Progress: 100% [262144 / 262144]
N([3, 3, 4, 4], 8) = 247127
N([3, 3, 4, 5], 8) = 248558
N([3, 3, 4, 6], 8) = 249158
> Progress: 100% [262144 / 262144]
N([3, 3, 5, 1], 8) = 248948
> Progress: 100% [262144 / 262144]
N([3, 3, 5, 2], 8) = 246794
> Progress: 100% [262144 / 262144]
N([3, 3, 5, 3], 8) = 240908
N([3, 3, 5, 4], 8) = 248413
N([3, 3, 5, 5], 8) = 247054
N([3, 3, 5, 6], 8) = 249589
> Progress: 100% [262144 / 262144]
N([3, 3, 6, 1], 8) = 250197
> Progress: 100% [262144 / 262144]
N([3, 3, 6, 2], 8) = 248203
> Progress: 100% [262144 / 262144]
N([3, 3, 6, 3], 8) = 243003
N([3, 3, 6, 4], 8) = 249584
N([3, 3, 6, 5], 8) = 249803
N([3, 3, 6, 6], 8) = 251396
> Progress: 100% [262144 / 262144]
N([3, 4, 1, 1], 8) = 251020
> Progress: 100% [262144 / 262144]
N([3, 4, 1, 2], 8) = 250332
> Progress: 100% [262144 / 262144]
N([3, 4, 1, 3], 8) = 247843
> Progress: 100% [262144 / 262144]
N([3, 4, 1, 4], 8) = 247549
N([3, 4, 1, 5], 8) = 250569
N([3, 4, 1, 6], 8) = 251085
> Progress: 100% [262144 / 262144]
N([3, 4, 2, 1], 8) = 250319
> Progress: 100% [262144 / 262144]
N([3, 4, 2, 2], 8) = 248614
> Progress: 100% [262144 / 262144]
N([3, 4, 2, 3], 8) = 246538
> Progress: 100% [262144 / 262144]
N([3, 4, 2, 4], 8) = 246416
N([3, 4, 2, 5], 8) = 249651
N([3, 4, 2, 6], 8) = 250196
> Progress: 100% [262144 / 262144]
N([3, 4, 3, 1], 8) = 247929
> Progress: 100% [262144 / 262144]
N([3, 4, 3, 2], 8) = 247088
> Progress: 100% [262144 / 262144]
N([3, 4, 3, 3], 8) = 240223
> Progress: 100% [262144 / 262144]
N([3, 4, 3, 4], 8) = 243138
N([3, 4, 3, 5], 8) = 246742
N([3, 4, 3, 6], 8) = 247391
> Progress: 100% [262144 / 262144]
N([3, 4, 4, 1], 8) = 247919
> Progress: 100% [262144 / 262144]
N([3, 4, 4, 2], 8) = 246787
> Progress: 100% [262144 / 262144]
N([3, 4, 4, 3], 8) = 243277
N([3, 4, 4, 4], 8) = 240997
N([3, 4, 4, 5], 8) = 247146
N([3, 4, 4, 6], 8) = 247773
> Progress: 100% [262144 / 262144]
N([3, 4, 5, 1], 8) = 250115
> Progress: 100% [262144 / 262144]
N([3, 4, 5, 2], 8) = 249205
> Progress: 100% [262144 / 262144]
N([3, 4, 5, 3], 8) = 246429
N([3, 4, 5, 4], 8) = 246783
N([3, 4, 5, 5], 8) = 247196
N([3, 4, 5, 6], 8) = 250110
> Progress: 100% [262144 / 262144]
N([3, 4, 6, 1], 8) = 251134
> Progress: 100% [262144 / 262144]
N([3, 4, 6, 2], 8) = 250247
> Progress: 100% [262144 / 262144]
N([3, 4, 6, 3], 8) = 247691
N([3, 4, 6, 4], 8) = 247858
N([3, 4, 6, 5], 8) = 250511
N([3, 4, 6, 6], 8) = 249503
> Progress: 100% [262144 / 262144]
N([3, 5, 1, 1], 8) = 250362
> Progress: 100% [262144 / 262144]
N([3, 5, 1, 2], 8) = 250721
> Progress: 100% [262144 / 262144]
N([3, 5, 1, 3], 8) = 248112
> Progress: 100% [262144 / 262144]
N([3, 5, 1, 4], 8) = 250534
N([3, 5, 1, 5], 8) = 248402
N([3, 5, 1, 6], 8) = 251412
> Progress: 100% [262144 / 262144]
N([3, 5, 2, 1], 8) = 250683
> Progress: 100% [262144 / 262144]
N([3, 5, 2, 2], 8) = 247689
> Progress: 100% [262144 / 262144]
N([3, 5, 2, 3], 8) = 246735
> Progress: 100% [262144 / 262144]
N([3, 5, 2, 4], 8) = 249467
N([3, 5, 2, 5], 8) = 247890
N([3, 5, 2, 6], 8) = 250518
> Progress: 100% [262144 / 262144]
N([3, 5, 3, 1], 8) = 248314
> Progress: 100% [262144 / 262144]
N([3, 5, 3, 2], 8) = 246821
> Progress: 100% [262144 / 262144]
N([3, 5, 3, 3], 8) = 239281
N([3, 5, 3, 4], 8) = 246416
N([3, 5, 3, 5], 8) = 244596
N([3, 5, 3, 6], 8) = 247983
> Progress: 100% [262144 / 262144]
N([3, 5, 4, 1], 8) = 250345
> Progress: 100% [262144 / 262144]
N([3, 5, 4, 2], 8) = 249227
> Progress: 100% [262144 / 262144]
N([3, 5, 4, 3], 8) = 246253
N([3, 5, 4, 4], 8) = 246546
N([3, 5, 4, 5], 8) = 248642
N([3, 5, 4, 6], 8) = 250276
> Progress: 100% [262144 / 262144]
N([3, 5, 5, 1], 8) = 248996
> Progress: 100% [262144 / 262144]
N([3, 5, 5, 2], 8) = 247888
> Progress: 100% [262144 / 262144]
N([3, 5, 5, 3], 8) = 245041
N([3, 5, 5, 4], 8) = 247501
N([3, 5, 5, 5], 8) = 242735
N([3, 5, 5, 6], 8) = 248642
> Progress: 100% [262144 / 262144]
N([3, 5, 6, 1], 8) = 251648
> Progress: 100% [262144 / 262144]
N([3, 5, 6, 2], 8) = 250518
> Progress: 100% [262144 / 262144]
N([3, 5, 6, 3], 8) = 247983
N([3, 5, 6, 4], 8) = 250940
N([3, 5, 6, 5], 8) = 248893
N([3, 5, 6, 6], 8) = 250533
> Progress: 100% [262144 / 262144]
N([3, 6, 1, 1], 8) = 253203
> Progress: 100% [262144 / 262144]
N([3, 6, 1, 2], 8) = 251713
> Progress: 100% [262144 / 262144]
N([3, 6, 1, 3], 8) = 249204
> Progress: 100% [262144 / 262144]
N([3, 6, 1, 4], 8) = 251383
N([3, 6, 1, 5], 8) = 251676
N([3, 6, 1, 6], 8) = 250590
> Progress: 100% [262144 / 262144]
N([3, 6, 2, 1], 8) = 251751
> Progress: 100% [262144 / 262144]
N([3, 6, 2, 2], 8) = 251036
> Progress: 100% [262144 / 262144]
N([3, 6, 2, 3], 8) = 247824
N([3, 6, 2, 4], 8) = 250534
N([3, 6, 2, 5], 8) = 250797
N([3, 6, 2, 6], 8) = 250286
> Progress: 100% [262144 / 262144]
N([3, 6, 3, 1], 8) = 249097
> Progress: 100% [262144 / 262144]
N([3, 6, 3, 2], 8) = 247796
> Progress: 100% [262144 / 262144]
N([3, 6, 3, 3], 8) = 244177
N([3, 6, 3, 4], 8) = 247549
N([3, 6, 3, 5], 8) = 248300
N([3, 6, 3, 6], 8) = 247209
> Progress: 100% [262144 / 262144]
N([3, 6, 4, 1], 8) = 251555
> Progress: 100% [262144 / 262144]
N([3, 6, 4, 2], 8) = 250534
> Progress: 100% [262144 / 262144]
N([3, 6, 4, 3], 8) = 247549
N([3, 6, 4, 4], 8) = 247841
N([3, 6, 4, 5], 8) = 250742
N([3, 6, 4, 6], 8) = 251077
> Progress: 100% [262144 / 262144]
N([3, 6, 5, 1], 8) = 252008
> Progress: 100% [262144 / 262144]
N([3, 6, 5, 2], 8) = 250797
> Progress: 100% [262144 / 262144]
N([3, 6, 5, 3], 8) = 248300
N([3, 6, 5, 4], 8) = 250854
N([3, 6, 5, 5], 8) = 249210
N([3, 6, 5, 6], 8) = 250609
> Progress: 100% [262144 / 262144]
N([3, 6, 6, 1], 8) = 251419
> Progress: 100% [262144 / 262144]
N([3, 6, 6, 2], 8) = 250497
> Progress: 100% [262144 / 262144]
N([3, 6, 6, 3], 8) = 248130
N([3, 6, 6, 4], 8) = 250161
N([3, 6, 6, 5], 8) = 250380
N([3, 6, 6, 6], 8) = 249427
> Progress: 100% [262144 / 262144]
N([4, 1, 1, 1], 8) = 248386
> Progress: 100% [262144 / 262144]
N([4, 1, 1, 2], 8) = 250533
> Progress: 100% [262144 / 262144]
N([4, 1, 1, 3], 8) = 250057
N([4, 1, 1, 4], 8) = 248130
N([4, 1, 1, 5], 8) = 250573
N([4, 1, 1, 6], 8) = 251080
> Progress: 100% [262144 / 262144]
N([4, 1, 2, 1], 8) = 250481
> Progress: 100% [262144 / 262144]
N([4, 1, 2, 2], 8) = 250188
> Progress: 100% [262144 / 262144]
N([4, 1, 2, 3], 8) = 251057
N([4, 1, 2, 4], 8) = 247983
N([4, 1, 2, 5], 8) = 250685
N([4, 1, 2, 6], 8) = 251194
> Progress: 100% [262144 / 262144]
N([4, 1, 3, 1], 8) = 249798
> Progress: 100% [262144 / 262144]
N([4, 1, 3, 2], 8) = 250742
> Progress: 100% [262144 / 262144]
N([4, 1, 3, 3], 8) = 249209
N([4, 1, 3, 4], 8) = 247691
N([4, 1, 3, 5], 8) = 250534
N([4, 1, 3, 6], 8) = 251050
> Progress: 100% [262144 / 262144]
N([4, 1, 4, 1], 8) = 247380
> Progress: 100% [262144 / 262144]
N([4, 1, 4, 2], 8) = 249486
> Progress: 100% [262144 / 262144]
N([4, 1, 4, 3], 8) = 247805
N([4, 1, 4, 4], 8) = 243003
N([4, 1, 4, 5], 8) = 248430
N([4, 1, 4, 6], 8) = 249021
> Progress: 100% [262144 / 262144]
N([4, 1, 5, 1], 8) = 249915
> Progress: 100% [262144 / 262144]
N([4, 1, 5, 2], 8) = 250844
> Progress: 100% [262144 / 262144]
N([4, 1, 5, 3], 8) = 250285
N([4, 1, 5, 4], 8) = 248087
N([4, 1, 5, 5], 8) = 248806
N([4, 1, 5, 6], 8) = 251430
> Progress: 100% [262144 / 262144]
N([4, 1, 6, 1], 8) = 251539
> Progress: 100% [262144 / 262144]
N([4, 1, 6, 2], 8) = 251865
> Progress: 100% [262144 / 262144]
N([4, 1, 6, 3], 8) = 251281
N([4, 1, 6, 4], 8) = 249103
N([4, 1, 6, 5], 8) = 251581
N([4, 1, 6, 6], 8) = 251484
> Progress: 100% [262144 / 262144]
N([4, 2, 1, 1], 8) = 251478
> Progress: 100% [262144 / 262144]
N([4, 2, 1, 2], 8) = 248455
> Progress: 100% [262144 / 262144]
N([4, 2, 1, 3], 8) = 250879
N([4, 2, 1, 4], 8) = 248300
N([4, 2, 1, 5], 8) = 250918
N([4, 2, 1, 6], 8) = 251422
> Progress: 100% [262144 / 262144]
N([4, 2, 2, 1], 8) = 248890
> Progress: 100% [262144 / 262144]
N([4, 2, 2, 2], 8) = 243357
> Progress: 100% [262144 / 262144]
N([4, 2, 2, 3], 8) = 247339
N([4, 2, 2, 4], 8) = 245041
N([4, 2, 2, 5], 8) = 248082
N([4, 2, 2, 6], 8) = 248686
> Progress: 100% [262144 / 262144]
N([4, 2, 3, 1], 8) = 250401
> Progress: 100% [262144 / 262144]
N([4, 2, 3, 2], 8) = 246919
> Progress: 100% [262144 / 262144]
N([4, 2, 3, 3], 8) = 248073
N([4, 2, 3, 4], 8) = 246429
N([4, 2, 3, 5], 8) = 249532
N([4, 2, 3, 6], 8) = 250082
> Progress: 100% [262144 / 262144]
N([4, 2, 4, 1], 8) = 249447
> Progress: 100% [262144 / 262144]
N([4, 2, 4, 2], 8) = 244196
> Progress: 100% [262144 / 262144]
N([4, 2, 4, 3], 8) = 247395
N([4, 2, 4, 4], 8) = 240908
N([4, 2, 4, 5], 8) = 247015
N([4, 2, 4, 6], 8) = 247645
> Progress: 100% [262144 / 262144]
N([4, 2, 5, 1], 8) = 250697
> Progress: 100% [262144 / 262144]
N([4, 2, 5, 2], 8) = 247282
> Progress: 100% [262144 / 262144]
N([4, 2, 5, 3], 8) = 249232
N([4, 2, 5, 4], 8) = 246654
N([4, 2, 5, 5], 8) = 247601
N([4, 2, 5, 6], 8) = 250441
> Progress: 100% [262144 / 262144]
N([4, 2, 6, 1], 8) = 251671
> Progress: 100% [262144 / 262144]
N([4, 2, 6, 2], 8) = 249093
N([4, 2, 6, 3], 8) = 250285
N([4, 2, 6, 4], 8) = 247801
N([4, 2, 6, 5], 8) = 250614
N([4, 2, 6, 6], 8) = 250427
> Progress: 100% [262144 / 262144]
N([4, 3, 1, 1], 8) = 250898
> Progress: 100% [262144 / 262144]
N([4, 3, 1, 2], 8) = 250469
> Progress: 100% [262144 / 262144]
N([4, 3, 1, 3], 8) = 247312
N([4, 3, 1, 4], 8) = 247549
N([4, 3, 1, 5], 8) = 250703
N([4, 3, 1, 6], 8) = 251214
> Progress: 100% [262144 / 262144]
N([4, 3, 2, 1], 8) = 250123
> Progress: 100% [262144 / 262144]
N([4, 3, 2, 2], 8) = 248458
> Progress: 100% [262144 / 262144]
N([4, 3, 2, 3], 8) = 246278
N([4, 3, 2, 4], 8) = 246253
N([4, 3, 2, 5], 8) = 249515
N([4, 3, 2, 6], 8) = 250065
> Progress: 100% [262144 / 262144]
N([4, 3, 3, 1], 8) = 247778
> Progress: 100% [262144 / 262144]
N([4, 3, 3, 2], 8) = 246720
> Progress: 100% [262144 / 262144]
N([4, 3, 3, 3], 8) = 240909
N([4, 3, 3, 4], 8) = 243277
N([4, 3, 3, 5], 8) = 247162
N([4, 3, 3, 6], 8) = 247801
> Progress: 100% [262144 / 262144]
N([4, 3, 4, 1], 8) = 247852
> Progress: 100% [262144 / 262144]
N([4, 3, 4, 2], 8) = 247626
> Progress: 100% [262144 / 262144]
N([4, 3, 4, 3], 8) = 243360
N([4, 3, 4, 4], 8) = 240414
N([4, 3, 4, 5], 8) = 246815
N([4, 3, 4, 6], 8) = 247452
> Progress: 100% [262144 / 262144]
N([4, 3, 5, 1], 8) = 250214
> Progress: 100% [262144 / 262144]
N([4, 3, 5, 2], 8) = 249096
N([4, 3, 5, 3], 8) = 247395
N([4, 3, 5, 4], 8) = 246291
N([4, 3, 5, 5], 8) = 247080
N([4, 3, 5, 6], 8) = 250107
> Progress: 100% [262144 / 262144]
N([4, 3, 6, 1], 8) = 251080
> Progress: 100% [262144 / 262144]
N([4, 3, 6, 2], 8) = 250183
N([4, 3, 6, 3], 8) = 247805
N([4, 3, 6, 4], 8) = 247321
N([4, 3, 6, 5], 8) = 250317
N([4, 3, 6, 6], 8) = 249405
> Progress: 100% [262144 / 262144]
N([4, 4, 1, 1], 8) = 251141
> Progress: 100% [262144 / 262144]
N([4, 4, 1, 2], 8) = 249182
> Progress: 100% [262144 / 262144]
N([4, 4, 1, 3], 8) = 247780
N([4, 4, 1, 4], 8) = 244177
N([4, 4, 1, 5], 8) = 250856
N([4, 4, 1, 6], 8) = 251382
> Progress: 100% [262144 / 262144]
N([4, 4, 2, 1], 8) = 248954
> Progress: 100% [262144 / 262144]
N([4, 4, 2, 2], 8) = 246404
> Progress: 100% [262144 / 262144]
N([4, 4, 2, 3], 8) = 246495
N([4, 4, 2, 4], 8) = 239281
N([4, 4, 2, 5], 8) = 247471
N([4, 4, 2, 6], 8) = 248099
> Progress: 100% [262144 / 262144]
N([4, 4, 3, 1], 8) = 247379
> Progress: 100% [262144 / 262144]
N([4, 4, 3, 2], 8) = 246324
> Progress: 100% [262144 / 262144]
N([4, 4, 3, 3], 8) = 246677
N([4, 4, 3, 4], 8) = 240223
N([4, 4, 3, 5], 8) = 248338
N([4, 4, 3, 6], 8) = 248936
> Progress: 100% [262144 / 262144]
N([4, 4, 4, 1], 8) = 246414
> Progress: 100% [262144 / 262144]
N([4, 4, 4, 2], 8) = 241565
N([4, 4, 4, 3], 8) = 240909
N([4, 4, 4, 4], 8) = 235919
N([4, 4, 4, 5], 8) = 244823
N([4, 4, 4, 6], 8) = 245821
> Progress: 100% [262144 / 262144]
N([4, 4, 5, 1], 8) = 250272
> Progress: 100% [262144 / 262144]
N([4, 4, 5, 2], 8) = 246968
N([4, 4, 5, 3], 8) = 248073
N([4, 4, 5, 4], 8) = 240828
N([4, 4, 5, 5], 8) = 246246
N([4, 4, 5, 6], 8) = 249371
> Progress: 100% [262144 / 262144]
N([4, 4, 6, 1], 8) = 251332
> Progress: 100% [262144 / 262144]
N([4, 4, 6, 2], 8) = 248256
N([4, 4, 6, 3], 8) = 249209
N([4, 4, 6, 4], 8) = 243054
N([4, 4, 6, 5], 8) = 249571
N([4, 4, 6, 6], 8) = 249827
> Progress: 100% [262144 / 262144]
N([4, 5, 1, 1], 8) = 251333
> Progress: 100% [262144 / 262144]
N([4, 5, 1, 2], 8) = 250631
N([4, 5, 1, 6], 8) = 251527
> Progress: 100% [262144 / 262144]
N([4, 5, 2, 1], 8) = 250664
> Progress: 100% [262144 / 262144]
N([4, 5, 2, 2], 8) = 247506
> Progress: 100% [262144 / 262144]
N([4, 5, 2, 3], 8) = 249220
N([4, 5, 2, 4], 8) = 246735
N([4, 5, 2, 5], 8) = 247997
N([4, 5, 2, 6], 8) = 250558
> Progress: 100% [262144 / 262144]
N([4, 5, 3, 1], 8) = 250224
> Progress: 100% [262144 / 262144]
N([4, 5, 3, 2], 8) = 249092
N([4, 5, 3, 3], 8) = 246495
N([4, 5, 3, 4], 8) = 246538
N([4, 5, 3, 5], 8) = 248973
N([4, 5, 3, 6], 8) = 250286
> Progress: 100% [262144 / 262144]
N([4, 5, 4, 1], 8) = 248173
> Progress: 100% [262144 / 262144]
N([4, 5, 4, 2], 8) = 246547
N([4, 5, 4, 3], 8) = 246278
N([4, 5, 4, 4], 8) = 239297
N([4, 5, 4, 5], 8) = 244529
N([4, 5, 4, 6], 8) = 248731
> Progress: 100% [262144 / 262144]
N([4, 5, 5, 1], 8) = 249093
> Progress: 100% [262144 / 262144]
N([4, 5, 5, 2], 8) = 248039
N([4, 5, 5, 3], 8) = 247339
N([4, 5, 5, 4], 8) = 246961
N([4, 5, 5, 5], 8) = 244251
N([4, 5, 5, 6], 8) = 248834
> Progress: 100% [262144 / 262144]
N([4, 5, 6, 1], 8) = 252008
> Progress: 100% [262144 / 262144]
N([4, 5, 6, 2], 8) = 250819
N([4, 5, 6, 3], 8) = 251057
N([4, 5, 6, 4], 8) = 247926
N([4, 5, 6, 5], 8) = 249506
N([4, 5, 6, 6], 8) = 252148
> Progress: 100% [262144 / 262144]
N([4, 6, 1, 1], 8) = 251226
> Progress: 100% [262144 / 262144]
N([4, 6, 1, 2], 8) = 251667
> Progress: 100% [262144 / 262144]
N([4, 6, 1, 3], 8) = 251206
N([4, 6, 1, 4], 8) = 249204
N([4, 6, 1, 5], 8) = 251716
N([4, 6, 1, 6], 8) = 250583
> Progress: 100% [262144 / 262144]
N([4, 6, 2, 1], 8) = 251608
> Progress: 100% [262144 / 262144]
N([4, 6, 2, 2], 8) = 248639
N([4, 6, 2, 3], 8) = 250265
N([4, 6, 2, 4], 8) = 248112
N([4, 6, 2, 5], 8) = 250819
N([4, 6, 2, 6], 8) = 250454
> Progress: 100% [262144 / 262144]
N([4, 6, 3, 1], 8) = 251250
> Progress: 100% [262144 / 262144]
N([4, 6, 3, 2], 8) = 250265
N([4, 6, 3, 3], 8) = 247780
N([4, 6, 3, 4], 8) = 247843
N([4, 6, 3, 5], 8) = 250642
N([4, 6, 3, 6], 8) = 251354
> Progress: 100% [262144 / 262144]
N([4, 6, 4, 1], 8) = 249103
> Progress: 100% [262144 / 262144]
N([4, 6, 4, 2], 8) = 247801
N([4, 6, 4, 3], 8) = 247312
N([4, 6, 4, 4], 8) = 243124
N([4, 6, 4, 5], 8) = 248970
N([4, 6, 4, 6], 8) = 247486
> Progress: 100% [262144 / 262144]
N([4, 6, 5, 1], 8) = 251652
> Progress: 100% [262144 / 262144]
N([4, 6, 5, 2], 8) = 250558
N([4, 6, 5, 3], 8) = 250879
N([4, 6, 5, 4], 8) = 248295
N([4, 6, 5, 5], 8) = 250959
N([4, 6, 5, 6], 8) = 251780
> Progress: 100% [262144 / 262144]
N([4, 6, 6, 1], 8) = 251493
> Progress: 100% [262144 / 262144]
N([4, 6, 6, 2], 8) = 250720
N([4, 6, 6, 3], 8) = 250057
N([4, 6, 6, 4], 8) = 249772
N([4, 6, 6, 5], 8) = 250416
N([4, 6, 6, 6], 8) = 249429
> Progress: 100% [262144 / 262144]
N([5, 1, 1, 1], 8) = 249636
> Progress: 100% [262144 / 262144]
N([5, 1, 1, 2], 8) = 250995
N([5, 1, 1, 3], 8) = 250720
N([5, 1, 1, 4], 8) = 250497
N([5, 1, 1, 5], 8) = 250952
N([5, 1, 1, 6], 8) = 251474
> Progress: 100% [262144 / 262144]
N([5, 1, 2, 1], 8) = 250564
> Progress: 100% [262144 / 262144]
N([5, 1, 2, 2], 8) = 248658
N([5, 1, 2, 3], 8) = 250819
N([5, 1, 2, 4], 8) = 250518
N([5, 1, 2, 5], 8) = 249986
N([5, 1, 2, 6], 8) = 251511
> Progress: 100% [262144 / 262144]
N([5, 1, 3, 1], 8) = 249968
> Progress: 100% [262144 / 262144]
N([5, 1, 3, 2], 8) = 250827
N([5, 1, 3, 3], 8) = 248256
N([5, 1, 3, 4], 8) = 250247
N([5, 1, 3, 5], 8) = 248844
N([5, 1, 3, 6], 8) = 251358
> Progress: 100% [262144 / 262144]
N([5, 1, 4, 1], 8) = 249789
> Progress: 100% [262144 / 262144]
N([5, 1, 4, 2], 8) = 250668
N([5, 1, 4, 3], 8) = 250183
N([5, 1, 4, 4], 8) = 248203
N([5, 1, 4, 5], 8) = 248873
N([5, 1, 4, 6], 8) = 251444
> Progress: 100% [262144 / 262144]
N([5, 1, 5, 1], 8) = 248505
> Progress: 100% [262144 / 262144]
N([5, 1, 5, 2], 8) = 249694
N([5, 1, 5, 3], 8) = 249093
N([5, 1, 5, 4], 8) = 248769
N([5, 1, 5, 5], 8) = 244361
N([5, 1, 5, 6], 8) = 249838
> Progress: 100% [262144 / 262144]
N([5, 1, 6, 1], 8) = 251474
> Progress: 100% [262144 / 262144]
N([5, 1, 6, 2], 8) = 252183
N([5, 1, 6, 3], 8) = 251865
N([5, 1, 6, 4], 8) = 251917
N([5, 1, 6, 5], 8) = 250265
N([5, 1, 6, 6], 8) = 253493
> Progress: 100% [262144 / 262144]
N([5, 2, 1, 1], 8) = 250539
> Progress: 100% [262144 / 262144]
N([5, 2, 1, 2], 8) = 249208
N([5, 2, 1, 3], 8) = 250558
N([5, 2, 1, 4], 8) = 250797
N([5, 2, 1, 5], 8) = 250349
N([5, 2, 1, 6], 8) = 251858
> Progress: 100% [262144 / 262144]
N([5, 2, 2, 1], 8) = 249406
> Progress: 100% [262144 / 262144]
N([5, 2, 2, 2], 8) = 245013
N([5, 2, 2, 3], 8) = 248039
N([5, 2, 2, 4], 8) = 247888
N([5, 2, 2, 5], 8) = 248395
N([5, 2, 2, 6], 8) = 249122
> Progress: 100% [262144 / 262144]
N([5, 2, 3, 1], 8) = 250611
> Progress: 100% [262144 / 262144]
N([5, 2, 3, 2], 8) = 247344
N([5, 2, 3, 3], 8) = 246968
N([5, 2, 3, 4], 8) = 249205
N([5, 2, 3, 5], 8) = 247615
N([5, 2, 3, 6], 8) = 250264
> Progress: 100% [262144 / 262144]
N([5, 2, 4, 1], 8) = 250515
> Progress: 100% [262144 / 262144]
N([5, 2, 4, 2], 8) = 247121
N([5, 2, 4, 3], 8) = 249096
N([5, 2, 4, 4], 8) = 246794
N([5, 2, 4, 5], 8) = 247586
N([5, 2, 4, 6], 8) = 250370
> Progress: 100% [262144 / 262144]
N([5, 2, 5, 1], 8) = 249710
> Progress: 100% [262144 / 262144]
N([5, 2, 5, 2], 8) = 245175
N([5, 2, 5, 3], 8) = 247282
N([5, 2, 5, 4], 8) = 247424
N([5, 2, 5, 5], 8) = 242082
N([5, 2, 5, 6], 8) = 248576
> Progress: 100% [262144 / 262144]
N([5, 2, 6, 1], 8) = 252505
N([5, 2, 6, 2], 8) = 249694
N([5, 2, 6, 3], 8) = 250844
N([5, 2, 6, 4], 8) = 250880
N([5, 2, 6, 5], 8) = 248682
N([5, 2, 6, 6], 8) = 252526
> Progress: 100% [262144 / 262144]
N([5, 3, 1, 1], 8) = 250446
> Progress: 100% [262144 / 262144]
N([5, 3, 1, 2], 8) = 250526
N([5, 3, 1, 3], 8) = 247801
N([5, 3, 1, 4], 8) = 250534
N([5, 3, 1, 5], 8) = 249069
N([5, 3, 1, 6], 8) = 251648
> Progress: 100% [262144 / 262144]
N([5, 3, 2, 1], 8) = 250339
> Progress: 100% [262144 / 262144]
N([5, 3, 2, 2], 8) = 247331
N([5, 3, 2, 3], 8) = 246547
N([5, 3, 2, 4], 8) = 249227
N([5, 3, 2, 5], 8) = 247428
N([5, 3, 2, 6], 8) = 250305
> Progress: 100% [262144 / 262144]
N([5, 3, 3, 1], 8) = 248536
> Progress: 100% [262144 / 262144]
N([5, 3, 3, 2], 8) = 247479
N([5, 3, 3, 3], 8) = 241565
N([5, 3, 3, 4], 8) = 246787
N([5, 3, 3, 5], 8) = 245569
N([5, 3, 3, 6], 8) = 248175
> Progress: 100% [262144 / 262144]
N([5, 3, 4, 1], 8) = 250093
> Progress: 100% [262144 / 262144]
N([5, 3, 4, 2], 8) = 248996
N([5, 3, 4, 3], 8) = 247626
N([5, 3, 4, 4], 8) = 246271
N([5, 3, 4, 5], 8) = 247108
N([5, 3, 4, 6], 8) = 250229
> Progress: 100% [262144 / 262144]
N([5, 3, 5, 1], 8) = 248809
N([5, 3, 5, 2], 8) = 247121
N([5, 3, 5, 3], 8) = 244196
N([5, 3, 5, 4], 8) = 247183
N([5, 3, 5, 5], 8) = 241690
N([5, 3, 5, 6], 8) = 248347
> Progress: 100% [262144 / 262144]
N([5, 3, 6, 1], 8) = 251865
N([5, 3, 6, 2], 8) = 250668
N([5, 3, 6, 3], 8) = 249486
N([5, 3, 6, 4], 8) = 250643
N([5, 3, 6, 5], 8) = 248194
N([5, 3, 6, 6], 8) = 250382
> Progress: 100% [262144 / 262144]
N([5, 4, 1, 1], 8) = 251605
> Progress: 100% [262144 / 262144]
N([5, 4, 1, 2], 8) = 250454
N([5, 4, 1, 3], 8) = 250265
N([5, 4, 1, 4], 8) = 247796
N([5, 4, 1, 5], 8) = 248796
N([5, 4, 1, 6], 8) = 251652
> Progress: 100% [262144 / 262144]
N([5, 4, 2, 1], 8) = 250279
> Progress: 100% [262144 / 262144]
N([5, 4, 2, 2], 8) = 247772
N([5, 4, 2, 3], 8) = 249092
N([5, 4, 2, 4], 8) = 246821
N([5, 4, 2, 5], 8) = 247456
N([5, 4, 2, 6], 8) = 250427
> Progress: 100% [262144 / 262144]
N([5, 4, 3, 1], 8) = 249844
> Progress: 100% [262144 / 262144]
N([5, 4, 3, 2], 8) = 248905
N([5, 4, 3, 3], 8) = 246324
N([5, 4, 3, 4], 8) = 247088
N([5, 4, 3, 5], 8) = 247193
N([5, 4, 3, 6], 8) = 250413
> Progress: 100% [262144 / 262144]
N([5, 4, 4, 1], 8) = 248604
N([5, 4, 4, 2], 8) = 247479
N([5, 4, 4, 3], 8) = 246720
N([5, 4, 4, 4], 8) = 242768
N([5, 4, 4, 5], 8) = 247239
N([5, 4, 4, 6], 8) = 248299
> Progress: 100% [262144 / 262144]
N([5, 4, 5, 1], 8) = 248866
N([5, 4, 5, 2], 8) = 247344
N([5, 4, 5, 3], 8) = 246919
N([5, 4, 5, 4], 8) = 244355
N([5, 4, 5, 5], 8) = 241040
N([5, 4, 5, 6], 8) = 248480
> Progress: 100% [262144 / 262144]
N([5, 4, 6, 1], 8) = 251917
N([5, 4, 6, 2], 8) = 250827
N([5, 4, 6, 3], 8) = 250742
N([5, 4, 6, 4], 8) = 249538
N([5, 4, 6, 5], 8) = 248438
N([5, 4, 6, 6], 8) = 252051
> Progress: 100% [262144 / 262144]
N([5, 5, 1, 1], 8) = 250933
> Progress: 100% [262144 / 262144]
N([5, 5, 1, 2], 8) = 251427
N([5, 5, 1, 3], 8) = 248639
N([5, 5, 1, 4], 8) = 251036
N([5, 5, 1, 5], 8) = 246039
N([5, 5, 1, 6], 8) = 251991
> Progress: 100% [262144 / 262144]
N([5, 5, 2, 1], 8) = 251248
> Progress: 100% [262144 / 262144]
N([5, 5, 2, 2], 8) = 246073
N([5, 5, 2, 3], 8) = 247506
N([5, 5, 2, 4], 8) = 247689
N([5, 5, 2, 5], 8) = 241590
N([5, 5, 2, 6], 8) = 248844
> Progress: 100% [262144 / 262144]
N([5, 5, 3, 1], 8) = 248774
N([5, 5, 3, 2], 8) = 247772
N([5, 5, 3, 3], 8) = 246404
N([5, 5, 3, 4], 8) = 248614
N([5, 5, 3, 5], 8) = 242589
N([5, 5, 3, 6], 8) = 249676
> Progress: 100% [262144 / 262144]
N([5, 5, 4, 1], 8) = 250573
N([5, 5, 4, 2], 8) = 247331
N([5, 5, 4, 3], 8) = 248458
N([5, 5, 4, 4], 8) = 246076
N([5, 5, 4, 5], 8) = 242608
N([5, 5, 4, 6], 8) = 249765
> Progress: 100% [262144 / 262144]
N([5, 5, 5, 1], 8) = 249177
N([5, 5, 5, 2], 8) = 245013
N([5, 5, 5, 3], 8) = 243357
N([5, 5, 5, 4], 8) = 245897
N([5, 5, 5, 5], 8) = 239991
N([5, 5, 5, 6], 8) = 247388
> Progress: 100% [262144 / 262144]
N([5, 5, 6, 1], 8) = 251991
N([5, 5, 6, 2], 8) = 248658
N([5, 5, 6, 3], 8) = 250188
N([5, 5, 6, 4], 8) = 250202
N([5, 5, 6, 5], 8) = 245262
N([5, 5, 6, 6], 8) = 252175
> Progress: 100% [262144 / 262144]
N([5, 6, 1, 1], 8) = 252707
> Progress: 100% [262144 / 262144]
N([5, 6, 1, 2], 8) = 251954
N([5, 6, 1, 3], 8) = 251667
N([5, 6, 1, 4], 8) = 251713
N([5, 6, 1, 5], 8) = 250103
N([5, 6, 1, 6], 8) = 251401
> Progress: 100% [262144 / 262144]
N([5, 6, 2, 1], 8) = 252054
N([5, 6, 2, 2], 8) = 251427
N([5, 6, 2, 3], 8) = 250631
N([5, 6, 2, 4], 8) = 250721
N([5, 6, 2, 5], 8) = 249040
N([5, 6, 2, 6], 8) = 250828
> Progress: 100% [262144 / 262144]
N([5, 6, 3, 1], 8) = 251412
N([5, 6, 3, 2], 8) = 250454
N([5, 6, 3, 3], 8) = 249182
N([5, 6, 3, 4], 8) = 250332
N([5, 6, 3, 5], 8) = 248807
N([5, 6, 3, 6], 8) = 250784
> Progress: 100% [262144 / 262144]
N([5, 6, 4, 1], 8) = 251527
N([5, 6, 4, 2], 8) = 250526
N([5, 6, 4, 3], 8) = 250469
N([5, 6, 4, 4], 8) = 250486
N([5, 6, 4, 5], 8) = 249056
N([5, 6, 4, 6], 8) = 251841
> Progress: 100% [262144 / 262144]
N([5, 6, 5, 1], 8) = 250265
N([5, 6, 5, 2], 8) = 249208
N([5, 6, 5, 3], 8) = 248455
N([5, 6, 5, 4], 8) = 248843
N([5, 6, 5, 5], 8) = 246468
N([5, 6, 5, 6], 8) = 249415
> Progress: 100% [262144 / 262144]
N([5, 6, 6, 1], 8) = 253493
N([5, 6, 6, 2], 8) = 250995
N([5, 6, 6, 3], 8) = 250533
N([5, 6, 6, 4], 8) = 250624
N([5, 6, 6, 5], 8) = 250798
N([5, 6, 6, 6], 8) = 251908
> Progress: 100% [262144 / 262144]
N([6, 1, 1, 1], 8) = 252656
N([6, 1, 1, 2], 8) = 253493
N([6, 1, 1, 3], 8) = 251493
N([6, 1, 1, 4], 8) = 251419
N([6, 1, 1, 5], 8) = 251710
N([6, 1, 1, 6], 8) = 252815
> Progress: 100% [262144 / 262144]
N([6, 1, 2, 1], 8) = 251821
N([6, 1, 2, 2], 8) = 251991
N([6, 1, 2, 3], 8) = 252008
N([6, 1, 2, 4], 8) = 251648
N([6, 1, 2, 5], 8) = 251858
N([6, 1, 2, 6], 8) = 252159
> Progress: 100% [262144 / 262144]
N([6, 1, 3, 1], 8) = 251493
N([6, 1, 3, 2], 8) = 251917
N([6, 1, 3, 3], 8) = 251332
N([6, 1, 3, 4], 8) = 251134
N([6, 1, 3, 5], 8) = 251525
N([6, 1, 3, 6], 8) = 251089
> Progress: 100% [262144 / 262144]
N([6, 1, 4, 1], 8) = 251419
N([6, 1, 4, 2], 8) = 251865
N([6, 1, 4, 3], 8) = 251080
N([6, 1, 4, 4], 8) = 250197
N([6, 1, 4, 5], 8) = 251502
N([6, 1, 4, 6], 8) = 251109
> Progress: 100% [262144 / 262144]
N([6, 1, 5, 1], 8) = 251710
N([6, 1, 5, 2], 8) = 252505
N([6, 1, 5, 3], 8) = 251671
N([6, 1, 5, 4], 8) = 251684
N([6, 1, 5, 5], 8) = 252294
N([6, 1, 5, 6], 8) = 251870
> Progress: 100% [262144 / 262144]
N([6, 1, 6, 1], 8) = 251347
N([6, 1, 6, 2], 8) = 251474
N([6, 1, 6, 3], 8) = 251539
N([6, 1, 6, 4], 8) = 251211
N([6, 1, 6, 5], 8) = 251418
N([6, 1, 6, 6], 8) = 250408
> Progress: 100% [262144 / 262144]
N([6, 2, 1, 1], 8) = 251547
N([6, 2, 1, 2], 8) = 250265
N([6, 2, 1, 3], 8) = 251652
N([6, 2, 1, 4], 8) = 252008
N([6, 2, 1, 5], 8) = 252278
N([6, 2, 1, 6], 8) = 252460
> Progress: 100% [262144 / 262144]
N([6, 2, 2, 1], 8) = 252040
N([6, 2, 2, 2], 8) = 249177
N([6, 2, 2, 3], 8) = 249093
N([6, 2, 2, 4], 8) = 248996
N([6, 2, 2, 5], 8) = 249284
N([6, 2, 2, 6], 8) = 250646
> Progress: 100% [262144 / 262144]
N([6, 2, 3, 1], 8) = 251749
N([6, 2, 3, 2], 8) = 248866
N([6, 2, 3, 3], 8) = 250272
N([6, 2, 3, 4], 8) = 250115
N([6, 2, 3, 5], 8) = 250335
N([6, 2, 3, 6], 8) = 249963
> Progress: 100% [262144 / 262144]
N([6, 2, 4, 1], 8) = 251581
N([6, 2, 4, 2], 8) = 248809
N([6, 2, 4, 3], 8) = 250214
N([6, 2, 4, 4], 8) = 248948
N([6, 2, 4, 5], 8) = 250457
N([6, 2, 4, 6], 8) = 249968
> Progress: 100% [262144 / 262144]
N([6, 2, 5, 1], 8) = 252183
N([6, 2, 5, 2], 8) = 249710
N([6, 2, 5, 3], 8) = 250697
N([6, 2, 5, 4], 8) = 250699
N([6, 2, 5, 5], 8) = 251258
N([6, 2, 5, 6], 8) = 250330
N([6, 2, 6, 1], 8) = 251710
N([6, 2, 6, 2], 8) = 248505
N([6, 2, 6, 3], 8) = 249915
N([6, 2, 6, 4], 8) = 250482
N([6, 2, 6, 5], 8) = 250339
N([6, 2, 6, 6], 8) = 248827
> Progress: 100% [262144 / 262144]
N([6, 3, 1, 1], 8) = 251333
N([6, 3, 1, 2], 8) = 251527
N([6, 3, 1, 3], 8) = 249103
N([6, 3, 1, 4], 8) = 251555
N([6, 3, 1, 5], 8) = 252008
N([6, 3, 1, 6], 8) = 251324
> Progress: 100% [262144 / 262144]
N([6, 3, 2, 1], 8) = 251715
N([6, 3, 2, 2], 8) = 250573
N([6, 3, 2, 3], 8) = 248173
N([6, 3, 2, 4], 8) = 250345
N([6, 3, 2, 5], 8) = 250584
N([6, 3, 2, 6], 8) = 249788
> Progress: 100% [262144 / 262144]
N([6, 3, 3, 1], 8) = 251332
N([6, 3, 3, 2], 8) = 248604
N([6, 3, 3, 3], 8) = 246414
N([6, 3, 3, 4], 8) = 247919
N([6, 3, 3, 5], 8) = 248348
N([6, 3, 3, 6], 8) = 248243
> Progress: 100% [262144 / 262144]
N([6, 3, 4, 1], 8) = 251080
N([6, 3, 4, 2], 8) = 250093
N([6, 3, 4, 3], 8) = 247852
N([6, 3, 4, 4], 8) = 247405
N([6, 3, 4, 5], 8) = 250412
N([6, 3, 4, 6], 8) = 249403
N([6, 3, 5, 1], 8) = 251581
N([6, 3, 5, 2], 8) = 250515
N([6, 3, 5, 3], 8) = 249447
N([6, 3, 5, 4], 8) = 250538
N([6, 3, 5, 5], 8) = 248831
N([6, 3, 5, 6], 8) = 249888
N([6, 3, 6, 1], 8) = 251419
N([6, 3, 6, 2], 8) = 249789
N([6, 3, 6, 3], 8) = 247380
N([6, 3, 6, 4], 8) = 249894
N([6, 3, 6, 5], 8) = 250485
N([6, 3, 6, 6], 8) = 248584
> Progress: 100% [262144 / 262144]
N([6, 4, 1, 1], 8) = 251435
N([6, 4, 1, 2], 8) = 251412
N([6, 4, 1, 3], 8) = 251250
N([6, 4, 1, 4], 8) = 249097
N([6, 4, 1, 5], 8) = 252008
N([6, 4, 1, 6], 8) = 251090
> Progress: 100% [262144 / 262144]
N([6, 4, 2, 1], 8) = 251714
N([6, 4, 2, 2], 8) = 248774
N([6, 4, 2, 3], 8) = 250224
N([6, 4, 2, 4], 8) = 248314
N([6, 4, 2, 5], 8) = 250653
N([6, 4, 2, 6], 8) = 249709
> Progress: 100% [262144 / 262144]
N([6, 4, 3, 1], 8) = 251134
N([6, 4, 3, 2], 8) = 249844
N([6, 4, 3, 3], 8) = 247379
N([6, 4, 3, 4], 8) = 247929
N([6, 4, 3, 5], 8) = 250515
N([6, 4, 3, 6], 8) = 249481
N([6, 4, 4, 1], 8) = 251332
N([6, 4, 4, 2], 8) = 248536
N([6, 4, 4, 3], 8) = 247778
N([6, 4, 4, 4], 8) = 246452
N([6, 4, 4, 5], 8) = 248346
N([6, 4, 4, 6], 8) = 249668
N([6, 4, 5, 1], 8) = 251749
N([6, 4, 5, 2], 8) = 250611
N([6, 4, 5, 3], 8) = 250401
N([6, 4, 5, 4], 8) = 249520
N([6, 4, 5, 5], 8) = 250653
N([6, 4, 5, 6], 8) = 250307
N([6, 4, 6, 1], 8) = 251493
N([6, 4, 6, 2], 8) = 249968
N([6, 4, 6, 3], 8) = 249798
N([6, 4, 6, 4], 8) = 247745
N([6, 4, 6, 5], 8) = 251356
N([6, 4, 6, 6], 8) = 246950
> Progress: 100% [262144 / 262144]
N([6, 5, 1, 1], 8) = 252800
N([6, 5, 1, 2], 8) = 252054
N([6, 5, 1, 3], 8) = 251608
N([6, 5, 1, 4], 8) = 251751
N([6, 5, 1, 5], 8) = 250231
N([6, 5, 1, 6], 8) = 251528
> Progress: 100% [262144 / 262144]
N([6, 5, 2, 1], 8) = 252184
N([6, 5, 2, 2], 8) = 251248
N([6, 5, 2, 3], 8) = 250664
N([6, 5, 2, 4], 8) = 250683
N([6, 5, 2, 5], 8) = 249274
N([6, 5, 2, 6], 8) = 250275
N([6, 5, 3, 1], 8) = 251714
N([6, 5, 3, 2], 8) = 250279
N([6, 5, 3, 3], 8) = 248954
N([6, 5, 3, 4], 8) = 250319
N([6, 5, 3, 5], 8) = 249024
N([6, 5, 3, 6], 8) = 250060
N([6, 5, 4, 1], 8) = 251715
N([6, 5, 4, 2], 8) = 250339
N([6, 5, 4, 3], 8) = 250123
N([6, 5, 4, 4], 8) = 250292
N([6, 5, 4, 5], 8) = 249437
N([6, 5, 4, 6], 8) = 250428
N([6, 5, 5, 1], 8) = 252040
N([6, 5, 5, 2], 8) = 249406
N([6, 5, 5, 3], 8) = 248890
N([6, 5, 5, 4], 8) = 249002
N([6, 5, 5, 5], 8) = 249290
N([6, 5, 5, 6], 8) = 250666
N([6, 5, 6, 1], 8) = 251821
N([6, 5, 6, 2], 8) = 250564
N([6, 5, 6, 3], 8) = 250481
N([6, 5, 6, 4], 8) = 251648
N([6, 5, 6, 5], 8) = 249597
N([6, 5, 6, 6], 8) = 249660
> Progress: 100% [262144 / 262144]
N([6, 6, 1, 1], 8) = 254425
N([6, 6, 1, 2], 8) = 252707
N([6, 6, 1, 3], 8) = 251226
N([6, 6, 1, 4], 8) = 253203
N([6, 6, 1, 5], 8) = 253396
N([6, 6, 1, 6], 8) = 250515
N([6, 6, 2, 1], 8) = 252800
N([6, 6, 2, 2], 8) = 250933
N([6, 6, 2, 3], 8) = 251333
N([6, 6, 2, 4], 8) = 250362
N([6, 6, 2, 5], 8) = 250606
N([6, 6, 2, 6], 8) = 247203
N([6, 6, 3, 1], 8) = 251435
N([6, 6, 3, 2], 8) = 251605
N([6, 6, 3, 3], 8) = 251141
N([6, 6, 3, 4], 8) = 251020
N([6, 6, 3, 5], 8) = 251239
N([6, 6, 3, 6], 8) = 247644
N([6, 6, 4, 1], 8) = 251333
N([6, 6, 4, 2], 8) = 250446
N([6, 6, 4, 3], 8) = 250898
N([6, 6, 4, 4], 8) = 250029
N([6, 6, 4, 5], 8) = 251328
N([6, 6, 4, 6], 8) = 247661
N([6, 6, 5, 1], 8) = 251547
N([6, 6, 5, 2], 8) = 250539
N([6, 6, 5, 3], 8) = 251478
N([6, 6, 5, 4], 8) = 251486
N([6, 6, 5, 5], 8) = 252260
N([6, 6, 5, 6], 8) = 248696
N([6, 6, 6, 1], 8) = 252656
N([6, 6, 6, 2], 8) = 249636
N([6, 6, 6, 3], 8) = 248386
N([6, 6, 6, 4], 8) = 250303
N([6, 6, 6, 5], 8) = 250595
N([6, 6, 6, 6], 8) = 248135
N([1, 1, 1, 1, 1], 8) = 261696
> Progress: 100% [262144 / 262144]
N([1, 1, 1, 1, 2], 8) = 261866
> Progress: 100% [262144 / 262144]
N([1, 1, 1, 1, 3], 8) = 261837
> Progress: 100% [262144 / 262144]
N([1, 1, 1, 1, 4], 8) = 261832
> Progress: 100% [262144 / 262144]
N([1, 1, 1, 1, 5], 8) = 261839
> Progress: 100% [262144 / 262144]
N([1, 1, 1, 1, 6], 8) = 261868
> Progress: 100% [262144 / 262144]
N([1, 1, 1, 1, 7], 8) = 261873
> Progress: 100% [262144 / 262144]
N([1, 1, 1, 2, 1], 8) = 261846
> Progress: 100% [262144 / 262144]
N([1, 1, 1, 2, 2], 8) = 261921
> Progress: 100% [262144 / 262144]
N([1, 1, 1, 2, 3], 8) = 261922
> Progress: 100% [262144 / 262144]
N([1, 1, 1, 2, 4], 8) = 261897
> Progress: 100% [262144 / 262144]
N([1, 1, 1, 2, 5], 8) = 261904
> Progress: 100% [262144 / 262144]
N([1, 1, 1, 2, 6], 8) = 261935
> Progress: 100% [262144 / 262144]
N([1, 1, 1, 2, 7], 8) = 261940
> Progress: 100% [262144 / 262144]
N([1, 1, 1, 3, 1], 8) = 261817
> Progress: 100% [262144 / 262144]
N([1, 1, 1, 3, 2], 8) = 261921
> Progress: 100% [262144 / 262144]
N([1, 1, 1, 3, 3], 8) = 261881
> Progress: 100% [262144 / 262144]
N([1, 1, 1, 3, 4], 8) = 261891
> Progress: 100% [262144 / 262144]
N([1, 1, 1, 3, 5], 8) = 261874
> Progress: 100% [262144 / 262144]
N([1, 1, 1, 3, 6], 8) = 261905
> Progress: 100% [262144 / 262144]
N([1, 1, 1, 3, 7], 8) = 261910
> Progress: 100% [262144 / 262144]
N([1, 1, 1, 4, 1], 8) = 261812
> Progress: 100% [262144 / 262144]
N([1, 1, 1, 4, 2], 8) = 261895
> Progress: 100% [262144 / 262144]
N([1, 1, 1, 4, 3], 8) = 261890
> Progress: 100% [262144 / 262144]
N([1, 1, 1, 4, 4], 8) = 261873
> Progress: 100% [262144 / 262144]
N([1, 1, 1, 4, 5], 8) = 261892
> Progress: 100% [262144 / 262144]
N([1, 1, 1, 4, 6], 8) = 261899
> Progress: 100% [262144 / 262144]
N([1, 1, 1, 4, 7], 8) = 261904
> Progress: 100% [262144 / 262144]
N([1, 1, 1, 5, 1], 8) = 261837
> Progress: 100% [262144 / 262144]
N([1, 1, 1, 5, 2], 8) = 261901
> Progress: 100% [262144 / 262144]
N([1, 1, 1, 5, 3], 8) = 261872
> Progress: 100% [262144 / 262144]
N([1, 1, 1, 5, 4], 8) = 261891
> Progress: 100% [262144 / 262144]
N([1, 1, 1, 5, 5], 8) = 261905
> Progress: 100% [262144 / 262144]
N([1, 1, 1, 5, 6], 8) = 261925
> Progress: 100% [262144 / 262144]
N([1, 1, 1, 5, 7], 8) = 261930
> Progress: 100% [262144 / 262144]
N([1, 1, 1, 6, 1], 8) = 261840
> Progress: 100% [262144 / 262144]
N([1, 1, 1, 6, 2], 8) = 261931
> Progress: 100% [262144 / 262144]
N([1, 1, 1, 6, 3], 8) = 261902
> Progress: 100% [262144 / 262144]
N([1, 1, 1, 6, 4], 8) = 261897
> Progress: 100% [262144 / 262144]
N([1, 1, 1, 6, 5], 8) = 261924
> Progress: 100% [262144 / 262144]
N([1, 1, 1, 6, 6], 8) = 261909
> Progress: 100% [262144 / 262144]
N([1, 1, 1, 6, 7], 8) = 261936
> Progress: 100% [262144 / 262144]
N([1, 1, 1, 7, 1], 8) = 261851
> Progress: 100% [262144 / 262144]
N([1, 1, 1, 7, 2], 8) = 261941
> Progress: 100% [262144 / 262144]
N([1, 1, 1, 7, 3], 8) = 261912
> Progress: 100% [262144 / 262144]
N([1, 1, 1, 7, 4], 8) = 261907
> Progress: 100% [262144 / 262144]
N([1, 1, 1, 7, 5], 8) = 261934
> Progress: 100% [262144 / 262144]
N([1, 1, 1, 7, 6], 8) = 261937
> Progress: 100% [262144 / 262144]
N([1, 1, 1, 7, 7], 8) = 261953
> Progress: 100% [262144 / 262144]
N([1, 1, 2, 1, 1], 8) = 261834
> Progress: 100% [262144 / 262144]
N([1, 1, 2, 1, 2], 8) = 261885
> Progress: 100% [262144 / 262144]
N([1, 1, 2, 1, 3], 8) = 261912
> Progress: 100% [262144 / 262144]
N([1, 1, 2, 1, 4], 8) = 261884
> Progress: 100% [262144 / 262144]
N([1, 1, 2, 1, 5], 8) = 261907
> Progress: 100% [262144 / 262144]
N([1, 1, 2, 1, 6], 8) = 261914
> Progress: 100% [262144 / 262144]
N([1, 1, 2, 1, 7], 8) = 261919
> Progress: 100% [262144 / 262144]
N([1, 1, 2, 2, 1], 8) = 261905
> Progress: 100% [262144 / 262144]
N([1, 1, 2, 2, 2], 8) = 261878
> Progress: 100% [262144 / 262144]
N([1, 1, 2, 2, 3], 8) = 261913
> Progress: 100% [262144 / 262144]
N([1, 1, 2, 2, 4], 8) = 261888
> Progress: 100% [262144 / 262144]
N([1, 1, 2, 2, 5], 8) = 261915
> Progress: 100% [262144 / 262144]
N([1, 1, 2, 2, 6], 8) = 261920
> Progress: 100% [262144 / 262144]
N([1, 1, 2, 2, 7], 8) = 261925
> Progress: 100% [262144 / 262144]
N([1, 1, 2, 3, 1], 8) = 261901
> Progress: 100% [262144 / 262144]
N([1, 1, 2, 3, 2], 8) = 261911
> Progress: 100% [262144 / 262144]
N([1, 1, 2, 3, 3], 8) = 261912
> Progress: 100% [262144 / 262144]
N([1, 1, 2, 3, 4], 8) = 261922
> Progress: 100% [262144 / 262144]
N([1, 1, 2, 3, 5], 8) = 261905
> Progress: 100% [262144 / 262144]
N([1, 1, 2, 3, 6], 8) = 261936
> Progress: 100% [262144 / 262144]
N([1, 1, 2, 3, 7], 8) = 261941
> Progress: 100% [262144 / 262144]
N([1, 1, 2, 4, 1], 8) = 261875
> Progress: 100% [262144 / 262144]
N([1, 1, 2, 4, 2], 8) = 261886
> Progress: 100% [262144 / 262144]
N([1, 1, 2, 4, 3], 8) = 261921
> Progress: 100% [262144 / 262144]
N([1, 1, 2, 4, 4], 8) = 261884
> Progress: 100% [262144 / 262144]
N([1, 1, 2, 4, 5], 8) = 261903
> Progress: 100% [262144 / 262144]
N([1, 1, 2, 4, 6], 8) = 261910
> Progress: 100% [262144 / 262144]
N([1, 1, 2, 4, 7], 8) = 261915
> Progress: 100% [262144 / 262144]
N([1, 1, 2, 5, 1], 8) = 261901
> Progress: 100% [262144 / 262144]
N([1, 1, 2, 5, 2], 8) = 261913
> Progress: 100% [262144 / 262144]
N([1, 1, 2, 5, 3], 8) = 261903
> Progress: 100% [262144 / 262144]
N([1, 1, 2, 5, 4], 8) = 261902
> Progress: 100% [262144 / 262144]
N([1, 1, 2, 5, 5], 8) = 261916
> Progress: 100% [262144 / 262144]
N([1, 1, 2, 5, 6], 8) = 261936
> Progress: 100% [262144 / 262144]
N([1, 1, 2, 5, 7], 8) = 261941
> Progress: 100% [262144 / 262144]
N([1, 1, 2, 6, 1], 8) = 261907
> Progress: 100% [262144 / 262144]
N([1, 1, 2, 6, 2], 8) = 261916
> Progress: 100% [262144 / 262144]
N([1, 1, 2, 6, 3], 8) = 261933
> Progress: 100% [262144 / 262144]
N([1, 1, 2, 6, 4], 8) = 261908
> Progress: 100% [262144 / 262144]
N([1, 1, 2, 6, 5], 8) = 261935
> Progress: 100% [262144 / 262144]
N([1, 1, 2, 6, 6], 8) = 261920
> Progress: 100% [262144 / 262144]
N([1, 1, 2, 6, 7], 8) = 261947
> Progress: 100% [262144 / 262144]
N([1, 1, 2, 7, 1], 8) = 261917
> Progress: 100% [262144 / 262144]
N([1, 1, 2, 7, 2], 8) = 261927
> Progress: 100% [262144 / 262144]
N([1, 1, 2, 7, 3], 8) = 261943
> Progress: 100% [262144 / 262144]
N([1, 1, 2, 7, 4], 8) = 261918
> Progress: 100% [262144 / 262144]
N([1, 1, 2, 7, 5], 8) = 261945
> Progress: 100% [262144 / 262144]
N([1, 1, 2, 7, 6], 8) = 261948
> Progress: 100% [262144 / 262144]
N([1, 1, 2, 7, 7], 8) = 261964
> Progress: 100% [262144 / 262144]
N([1, 1, 3, 1, 1], 8) = 261805
> Progress: 100% [262144 / 262144]
N([1, 1, 3, 1, 2], 8) = 261912
> Progress: 100% [262144 / 262144]
N([1, 1, 3, 1, 3], 8) = 261845
> Progress: 100% [262144 / 262144]
N([1, 1, 3, 1, 4], 8) = 261882
> Progress: 100% [262144 / 262144]
N([1, 1, 3, 1, 5], 8) = 261878
> Progress: 100% [262144 / 262144]
N([1, 1, 3, 1, 6], 8) = 261885
> Progress: 100% [262144 / 262144]
N([1, 1, 3, 1, 7], 8) = 261890
> Progress: 100% [262144 / 262144]
N([1, 1, 3, 2, 1], 8) = 261902
> Progress: 100% [262144 / 262144]
N([1, 1, 3, 2, 2], 8) = 261922
> Progress: 100% [262144 / 262144]
N([1, 1, 3, 2, 3], 8) = 261899
> Progress: 100% [262144 / 262144]
N([1, 1, 3, 2, 4], 8) = 261922
> Progress: 100% [262144 / 262144]
N([1, 1, 3, 2, 5], 8) = 261905
> Progress: 100% [262144 / 262144]
N([1, 1, 3, 2, 6], 8) = 261936
> Progress: 100% [262144 / 262144]
N([1, 1, 3, 2, 7], 8) = 261941
> Progress: 100% [262144 / 262144]
N([1, 1, 3, 3, 1], 8) = 261865
> Progress: 100% [262144 / 262144]
N([1, 1, 3, 3, 2], 8) = 261901
> Progress: 100% [262144 / 262144]
N([1, 1, 3, 3, 3], 8) = 261815
> Progress: 100% [262144 / 262144]
N([1, 1, 3, 3, 4], 8) = 261871
> Progress: 100% [262144 / 262144]
N([1, 1, 3, 3, 5], 8) = 261874
> Progress: 100% [262144 / 262144]
N([1, 1, 3, 3, 6], 8) = 261879
> Progress: 100% [262144 / 262144]
N([1, 1, 3, 3, 7], 8) = 261884
> Progress: 100% [262144 / 262144]
N([1, 1, 3, 4, 1], 8) = 261870
> Progress: 100% [262144 / 262144]
N([1, 1, 3, 4, 2], 8) = 261920
> Progress: 100% [262144 / 262144]
N([1, 1, 3, 4, 3], 8) = 261869
> Progress: 100% [262144 / 262144]
N([1, 1, 3, 4, 4], 8) = 261878
> Progress: 100% [262144 / 262144]
N([1, 1, 3, 4, 5], 8) = 261897
> Progress: 100% [262144 / 262144]
N([1, 1, 3, 4, 6], 8) = 261904
> Progress: 100% [262144 / 262144]
N([1, 1, 3, 4, 7], 8) = 261909
> Progress: 100% [262144 / 262144]
N([1, 1, 3, 5, 1], 8) = 261872
> Progress: 100% [262144 / 262144]
N([1, 1, 3, 5, 2], 8) = 261902
> Progress: 100% [262144 / 262144]
N([1, 1, 3, 5, 3], 8) = 261872
> Progress: 100% [262144 / 262144]
N([1, 1, 3, 5, 4], 8) = 261896
> Progress: 100% [262144 / 262144]
N([1, 1, 3, 5, 5], 8) = 261886
> Progress: 100% [262144 / 262144]
N([1, 1, 3, 5, 6], 8) = 261906
> Progress: 100% [262144 / 262144]
N([1, 1, 3, 5, 7], 8) = 261911
> Progress: 100% [262144 / 262144]
N([1, 1, 3, 6, 1], 8) = 261878
> Progress: 100% [262144 / 262144]
N([1, 1, 3, 6, 2], 8) = 261932
> Progress: 100% [262144 / 262144]
N([1, 1, 3, 6, 3], 8) = 261875
> Progress: 100% [262144 / 262144]
N([1, 1, 3, 6, 4], 8) = 261902
> Progress: 100% [262144 / 262144]
N([1, 1, 3, 6, 5], 8) = 261905
> Progress: 100% [262144 / 262144]
N([1, 1, 3, 6, 6], 8) = 261890
> Progress: 100% [262144 / 262144]
N([1, 1, 3, 6, 7], 8) = 261917
> Progress: 100% [262144 / 262144]
N([1, 1, 3, 7, 1], 8) = 261888
> Progress: 100% [262144 / 262144]
N([1, 1, 3, 7, 2], 8) = 261942
> Progress: 100% [262144 / 262144]
N([1, 1, 3, 7, 3], 8) = 261886
> Progress: 100% [262144 / 262144]
N([1, 1, 3, 7, 4], 8) = 261912
> Progress: 100% [262144 / 262144]
N([1, 1, 3, 7, 5], 8) = 261915
> Progress: 100% [262144 / 262144]
N([1, 1, 3, 7, 6], 8) = 261918
> Progress: 100% [262144 / 262144]
N([1, 1, 3, 7, 7], 8) = 261934
> Progress: 100% [262144 / 262144]
N([1, 1, 4, 1, 1], 8) = 261822
> Progress: 100% [262144 / 262144]
N([1, 1, 4, 1, 2], 8) = 261884
> Progress: 100% [262144 / 262144]
N([1, 1, 4, 1, 3], 8) = 261884
> Progress: 100% [262144 / 262144]
N([1, 1, 4, 1, 4], 8) = 261861
> Progress: 100% [262144 / 262144]
N([1, 1, 4, 1, 5], 8) = 261900
> Progress: 100% [262144 / 262144]
N([1, 1, 4, 1, 6], 8) = 261902
> Progress: 100% [262144 / 262144]
N([1, 1, 4, 1, 7], 8) = 261907
> Progress: 100% [262144 / 262144]
N([1, 1, 4, 2, 1], 8) = 261877
> Progress: 100% [262144 / 262144]
N([1, 1, 4, 2, 2], 8) = 261896
> Progress: 100% [262144 / 262144]
N([1, 1, 4, 2, 3], 8) = 261921
> Progress: 100% [262144 / 262144]
N([1, 1, 4, 2, 4], 8) = 261870
> Progress: 100% [262144 / 262144]
N([1, 1, 4, 2, 5], 8) = 261903
> Progress: 100% [262144 / 262144]
N([1, 1, 4, 2, 6], 8) = 261910
> Progress: 100% [262144 / 262144]
N([1, 1, 4, 2, 7], 8) = 261915
> Progress: 100% [262144 / 262144]
N([1, 1, 4, 3, 1], 8) = 261871
> Progress: 100% [262144 / 262144]
N([1, 1, 4, 3, 2], 8) = 261920
> Progress: 100% [262144 / 262144]
N([1, 1, 4, 3, 3], 8) = 261880
> Progress: 100% [262144 / 262144]
N([1, 1, 4, 3, 4], 8) = 261865
> Progress: 100% [262144 / 262144]
N([1, 1, 4, 3, 5], 8) = 261897
> Progress: 100% [262144 / 262144]
N([1, 1, 4, 3, 6], 8) = 261904
> Progress: 100% [262144 / 262144]
N([1, 1, 4, 3, 7], 8) = 261909
> Progress: 100% [262144 / 262144]
N([1, 1, 4, 4, 1], 8) = 261881
> Progress: 100% [262144 / 262144]
N([1, 1, 4, 4, 2], 8) = 261872
> Progress: 100% [262144 / 262144]
N([1, 1, 4, 4, 3], 8) = 261867
> Progress: 100% [262144 / 262144]
N([1, 1, 4, 4, 4], 8) = 261824
> Progress: 100% [262144 / 262144]
N([1, 1, 4, 4, 5], 8) = 261889
> Progress: 100% [262144 / 262144]
N([1, 1, 4, 4, 6], 8) = 261894
> Progress: 100% [262144 / 262144]
N([1, 1, 4, 4, 7], 8) = 261899
> Progress: 100% [262144 / 262144]
N([1, 1, 4, 5, 1], 8) = 261891
> Progress: 100% [262144 / 262144]
N([1, 1, 4, 5, 2], 8) = 261900
> Progress: 100% [262144 / 262144]
N([1, 1, 4, 5, 3], 8) = 261895
> Progress: 100% [262144 / 262144]
N([1, 1, 4, 5, 4], 8) = 261887
> Progress: 100% [262144 / 262144]
N([1, 1, 4, 5, 5], 8) = 261904
> Progress: 100% [262144 / 262144]
N([1, 1, 4, 5, 6], 8) = 261924
> Progress: 100% [262144 / 262144]
N([1, 1, 4, 5, 7], 8) = 261929
> Progress: 100% [262144 / 262144]
N([1, 1, 4, 6, 1], 8) = 261897
> Progress: 100% [262144 / 262144]
N([1, 1, 4, 6, 2], 8) = 261906
> Progress: 100% [262144 / 262144]
N([1, 1, 4, 6, 3], 8) = 261901
> Progress: 100% [262144 / 262144]
N([1, 1, 4, 6, 4], 8) = 261890
> Progress: 100% [262144 / 262144]
N([1, 1, 4, 6, 5], 8) = 261923
> Progress: 100% [262144 / 262144]
N([1, 1, 4, 6, 6], 8) = 261908
> Progress: 100% [262144 / 262144]
N([1, 1, 4, 6, 7], 8) = 261935
> Progress: 100% [262144 / 262144]
N([1, 1, 4, 7, 1], 8) = 261907
> Progress: 100% [262144 / 262144]
N([1, 1, 4, 7, 2], 8) = 261916
> Progress: 100% [262144 / 262144]
N([1, 1, 4, 7, 3], 8) = 261911
> Progress: 100% [262144 / 262144]
N([1, 1, 4, 7, 4], 8) = 261901
> Progress: 100% [262144 / 262144]
N([1, 1, 4, 7, 5], 8) = 261933
> Progress: 100% [262144 / 262144]
N([1, 1, 4, 7, 6], 8) = 261936
> Progress: 100% [262144 / 262144]
N([1, 1, 4, 7, 7], 8) = 261952
> Progress: 100% [262144 / 262144]
N([1, 1, 5, 1, 1], 8) = 261823
> Progress: 100% [262144 / 262144]
N([1, 1, 5, 1, 2], 8) = 261907
> Progress: 100% [262144 / 262144]
N([1, 1, 5, 1, 3], 8) = 261878
> Progress: 100% [262144 / 262144]
N([1, 1, 5, 1, 4], 8) = 261904
> Progress: 100% [262144 / 262144]
N([1, 1, 5, 1, 5], 8) = 261867
> Progress: 100% [262144 / 262144]
N([1, 1, 5, 1, 6], 8) = 261903
> Progress: 100% [262144 / 262144]
N([1, 1, 5, 1, 7], 8) = 261908
> Progress: 100% [262144 / 262144]
N([1, 1, 5, 2, 1], 8) = 261904
> Progress: 100% [262144 / 262144]
N([1, 1, 5, 2, 2], 8) = 261922
> Progress: 100% [262144 / 262144]
N([1, 1, 5, 2, 3], 8) = 261903
> Progress: 100% [262144 / 262144]
N([1, 1, 5, 2, 4], 8) = 261902
> Progress: 100% [262144 / 262144]
N([1, 1, 5, 2, 5], 8) = 261901
> Progress: 100% [262144 / 262144]
N([1, 1, 5, 2, 6], 8) = 261936
> Progress: 100% [262144 / 262144]
N([1, 1, 5, 2, 7], 8) = 261941
> Progress: 100% [262144 / 262144]
N([1, 1, 5, 3, 1], 8) = 261874
> Progress: 100% [262144 / 262144]
N([1, 1, 5, 3, 2], 8) = 261902
> Progress: 100% [262144 / 262144]
N([1, 1, 5, 3, 3], 8) = 261882
> Progress: 100% [262144 / 262144]
N([1, 1, 5, 3, 4], 8) = 261896
> Progress: 100% [262144 / 262144]
N([1, 1, 5, 3, 5], 8) = 261872
> Progress: 100% [262144 / 262144]
N([1, 1, 5, 3, 6], 8) = 261906
> Progress: 100% [262144 / 262144]
N([1, 1, 5, 3, 7], 8) = 261911
> Progress: 100% [262144 / 262144]
N([1, 1, 5, 4, 1], 8) = 261892
> Progress: 100% [262144 / 262144]
N([1, 1, 5, 4, 2], 8) = 261900
> Progress: 100% [262144 / 262144]
N([1, 1, 5, 4, 3], 8) = 261895
> Progress: 100% [262144 / 262144]
N([1, 1, 5, 4, 4], 8) = 261898
> Progress: 100% [262144 / 262144]
N([1, 1, 5, 4, 5], 8) = 261891
> Progress: 100% [262144 / 262144]
N([1, 1, 5, 4, 6], 8) = 261924
> Progress: 100% [262144 / 262144]
N([1, 1, 5, 4, 7], 8) = 261929
> Progress: 100% [262144 / 262144]
N([1, 1, 5, 5, 1], 8) = 261867
> Progress: 100% [262144 / 262144]
N([1, 1, 5, 5, 2], 8) = 261903
> Progress: 100% [262144 / 262144]
N([1, 1, 5, 5, 3], 8) = 261874
> Progress: 100% [262144 / 262144]
N([1, 1, 5, 5, 4], 8) = 261893
> Progress: 100% [262144 / 262144]
N([1, 1, 5, 5, 5], 8) = 261819
> Progress: 100% [262144 / 262144]
N([1, 1, 5, 5, 6], 8) = 261899
> Progress: 100% [262144 / 262144]
N([1, 1, 5, 5, 7], 8) = 261904
> Progress: 100% [262144 / 262144]
N([1, 1, 5, 6, 1], 8) = 261898
> Progress: 100% [262144 / 262144]
N([1, 1, 5, 6, 2], 8) = 261932
> Progress: 100% [262144 / 262144]
N([1, 1, 5, 6, 3], 8) = 261903
> Progress: 100% [262144 / 262144]
N([1, 1, 5, 6, 4], 8) = 261922
> Progress: 100% [262144 / 262144]
N([1, 1, 5, 6, 5], 8) = 261897
> Progress: 100% [262144 / 262144]
N([1, 1, 5, 6, 6], 8) = 261910
> Progress: 100% [262144 / 262144]
N([1, 1, 5, 6, 7], 8) = 261938
> Progress: 100% [262144 / 262144]
N([1, 1, 5, 7, 1], 8) = 261908
> Progress: 100% [262144 / 262144]
N([1, 1, 5, 7, 2], 8) = 261942
> Progress: 100% [262144 / 262144]
N([1, 1, 5, 7, 3], 8) = 261913
> Progress: 100% [262144 / 262144]
N([1, 1, 5, 7, 4], 8) = 261932
> Progress: 100% [262144 / 262144]
N([1, 1, 5, 7, 5], 8) = 261908
> Progress: 100% [262144 / 262144]
N([1, 1, 5, 7, 6], 8) = 261937
N([1, 1, 5, 7, 7], 8) = 261934
> Progress: 100% [262144 / 262144]
N([1, 1, 6, 1, 1], 8) = 261818
> Progress: 100% [262144 / 262144]
N([1, 1, 6, 1, 2], 8) = 261910
> Progress: 100% [262144 / 262144]
N([1, 1, 6, 1, 3], 8) = 261881
> Progress: 100% [262144 / 262144]
N([1, 1, 6, 1, 4], 8) = 261898
> Progress: 100% [262144 / 262144]
N([1, 1, 6, 1, 5], 8) = 261901
> Progress: 100% [262144 / 262144]
N([1, 1, 6, 1, 6], 8) = 261885
> Progress: 100% [262144 / 262144]
N([1, 1, 6, 1, 7], 8) = 261913
> Progress: 100% [262144 / 262144]
N([1, 1, 6, 2, 1], 8) = 261907
> Progress: 100% [262144 / 262144]
N([1, 1, 6, 2, 2], 8) = 261916
> Progress: 100% [262144 / 262144]
N([1, 1, 6, 2, 3], 8) = 261933
> Progress: 100% [262144 / 262144]
N([1, 1, 6, 2, 4], 8) = 261908
> Progress: 100% [262144 / 262144]
N([1, 1, 6, 2, 5], 8) = 261935
> Progress: 100% [262144 / 262144]
N([1, 1, 6, 2, 6], 8) = 261920
> Progress: 100% [262144 / 262144]
N([1, 1, 6, 2, 7], 8) = 261948
> Progress: 100% [262144 / 262144]
N([1, 1, 6, 3, 1], 8) = 261877
> Progress: 100% [262144 / 262144]
N([1, 1, 6, 3, 2], 8) = 261932
> Progress: 100% [262144 / 262144]
N([1, 1, 6, 3, 3], 8) = 261876
> Progress: 100% [262144 / 262144]
N([1, 1, 6, 3, 4], 8) = 261902
> Progress: 100% [262144 / 262144]
N([1, 1, 6, 3, 5], 8) = 261905
> Progress: 100% [262144 / 262144]
N([1, 1, 6, 3, 6], 8) = 261891
> Progress: 100% [262144 / 262144]
N([1, 1, 6, 3, 7], 8) = 261919
> Progress: 100% [262144 / 262144]
N([1, 1, 6, 4, 1], 8) = 261895
> Progress: 100% [262144 / 262144]
N([1, 1, 6, 4, 2], 8) = 261906
> Progress: 100% [262144 / 262144]
N([1, 1, 6, 4, 3], 8) = 261901
> Progress: 100% [262144 / 262144]
N([1, 1, 6, 4, 4], 8) = 261892
> Progress: 100% [262144 / 262144]
N([1, 1, 6, 4, 5], 8) = 261923
> Progress: 100% [262144 / 262144]
N([1, 1, 6, 4, 6], 8) = 261910
> Progress: 100% [262144 / 262144]
N([1, 1, 6, 4, 7], 8) = 261938
> Progress: 100% [262144 / 262144]
N([1, 1, 6, 5, 1], 8) = 261897
> Progress: 100% [262144 / 262144]
N([1, 1, 6, 5, 2], 8) = 261932
> Progress: 100% [262144 / 262144]
N([1, 1, 6, 5, 3], 8) = 261903
> Progress: 100% [262144 / 262144]
N([1, 1, 6, 5, 4], 8) = 261922
> Progress: 100% [262144 / 262144]
N([1, 1, 6, 5, 5], 8) = 261898
> Progress: 100% [262144 / 262144]
N([1, 1, 6, 5, 6], 8) = 261911
> Progress: 100% [262144 / 262144]
N([1, 1, 6, 5, 7], 8) = 261939
> Progress: 100% [262144 / 262144]
N([1, 1, 6, 6, 1], 8) = 261905
> Progress: 100% [262144 / 262144]
N([1, 1, 6, 6, 2], 8) = 261918
> Progress: 100% [262144 / 262144]
N([1, 1, 6, 6, 3], 8) = 261889
> Progress: 100% [262144 / 262144]
N([1, 1, 6, 6, 4], 8) = 261908
> Progress: 100% [262144 / 262144]
N([1, 1, 6, 6, 5], 8) = 261909
> Progress: 100% [262144 / 262144]
N([1, 1, 6, 6, 6], 8) = 261870
> Progress: 100% [262144 / 262144]
N([1, 1, 6, 6, 7], 8) = 261921
> Progress: 100% [262144 / 262144]
N([1, 1, 6, 7, 1], 8) = 261915
> Progress: 100% [262144 / 262144]
N([1, 1, 6, 7, 2], 8) = 261947
> Progress: 100% [262144 / 262144]
N([1, 1, 6, 7, 3], 8) = 261917
> Progress: 100% [262144 / 262144]
N([1, 1, 6, 7, 4], 8) = 261935
> Progress: 100% [262144 / 262144]
N([1, 1, 6, 7, 5], 8) = 261937
> Progress: 100% [262144 / 262144]
N([1, 1, 6, 7, 6], 8) = 261923
N([1, 1, 6, 7, 7], 8) = 261964
> Progress: 100% [262144 / 262144]
N([1, 1, 7, 1, 1], 8) = 261847
> Progress: 100% [262144 / 262144]
N([1, 1, 7, 1, 2], 8) = 261916
> Progress: 100% [262144 / 262144]
N([1, 1, 7, 1, 3], 8) = 261886
> Progress: 100% [262144 / 262144]
N([1, 1, 7, 1, 4], 8) = 261904
> Progress: 100% [262144 / 262144]
N([1, 1, 7, 1, 5], 8) = 261906
> Progress: 100% [262144 / 262144]
N([1, 1, 7, 1, 6], 8) = 261912
> Progress: 100% [262144 / 262144]
N([1, 1, 7, 1, 7], 8) = 261909
> Progress: 100% [262144 / 262144]
N([1, 1, 7, 2, 1], 8) = 261919
> Progress: 100% [262144 / 262144]
N([1, 1, 7, 2, 2], 8) = 261946
> Progress: 100% [262144 / 262144]
N([1, 1, 7, 2, 3], 8) = 261942
> Progress: 100% [262144 / 262144]
N([1, 1, 7, 2, 4], 8) = 261916
> Progress: 100% [262144 / 262144]
N([1, 1, 7, 2, 5], 8) = 261942
> Progress: 100% [262144 / 262144]
N([1, 1, 7, 2, 6], 8) = 261948
> Progress: 100% [262144 / 262144]
N([1, 1, 7, 2, 7], 8) = 261945
> Progress: 100% [262144 / 262144]
N([1, 1, 7, 3, 1], 8) = 261890
> Progress: 100% [262144 / 262144]
N([1, 1, 7, 3, 2], 8) = 261943
> Progress: 100% [262144 / 262144]
N([1, 1, 7, 3, 3], 8) = 261906
> Progress: 100% [262144 / 262144]
N([1, 1, 7, 3, 4], 8) = 261911
> Progress: 100% [262144 / 262144]
N([1, 1, 7, 3, 5], 8) = 261913
> Progress: 100% [262144 / 262144]
N([1, 1, 7, 3, 6], 8) = 261919
> Progress: 100% [262144 / 262144]
N([1, 1, 7, 3, 7], 8) = 261916
> Progress: 100% [262144 / 262144]
N([1, 1, 7, 4, 1], 8) = 261907
> Progress: 100% [262144 / 262144]
N([1, 1, 7, 4, 2], 8) = 261918
> Progress: 100% [262144 / 262144]
N([1, 1, 7, 4, 3], 8) = 261912
> Progress: 100% [262144 / 262144]
N([1, 1, 7, 4, 4], 8) = 261922
> Progress: 100% [262144 / 262144]
N([1, 1, 7, 4, 5], 8) = 261932
> Progress: 100% [262144 / 262144]
N([1, 1, 7, 4, 6], 8) = 261938
> Progress: 100% [262144 / 262144]
N([1, 1, 7, 4, 7], 8) = 261935
> Progress: 100% [262144 / 262144]
N([1, 1, 7, 5, 1], 8) = 261910
> Progress: 100% [262144 / 262144]
N([1, 1, 7, 5, 2], 8) = 261945
> Progress: 100% [262144 / 262144]
N([1, 1, 7, 5, 3], 8) = 261915
> Progress: 100% [262144 / 262144]
N([1, 1, 7, 5, 4], 8) = 261933
> Progress: 100% [262144 / 262144]
N([1, 1, 7, 5, 5], 8) = 261908
> Progress: 100% [262144 / 262144]
N([1, 1, 7, 5, 6], 8) = 261939
> Progress: 100% [262144 / 262144]
N([1, 1, 7, 5, 7], 8) = 261936
> Progress: 100% [262144 / 262144]
N([1, 1, 7, 6, 1], 8) = 261919
> Progress: 100% [262144 / 262144]
N([1, 1, 7, 6, 2], 8) = 261948
> Progress: 100% [262144 / 262144]
N([1, 1, 7, 6, 3], 8) = 261918
> Progress: 100% [262144 / 262144]
N([1, 1, 7, 6, 4], 8) = 261936
> Progress: 100% [262144 / 262144]
N([1, 1, 7, 6, 5], 8) = 261938
> Progress: 100% [262144 / 262144]
N([1, 1, 7, 6, 6], 8) = 261946
> Progress: 100% [262144 / 262144]
N([1, 1, 7, 6, 7], 8) = 261943
> Progress: 100% [262144 / 262144]
N([1, 1, 7, 7, 1], 8) = 261933
> Progress: 100% [262144 / 262144]
N([1, 1, 7, 7, 2], 8) = 261947
> Progress: 100% [262144 / 262144]
N([1, 1, 7, 7, 3], 8) = 261918
> Progress: 100% [262144 / 262144]
N([1, 1, 7, 7, 4], 8) = 261937
> Progress: 100% [262144 / 262144]
N([1, 1, 7, 7, 5], 8) = 261938
> Progress: 100% [262144 / 262144]
N([1, 1, 7, 7, 6], 8) = 261941
N([1, 1, 7, 7, 7], 8) = 261953
> Progress: 100% [262144 / 262144]
N([1, 2, 1, 1, 1], 8) = 261830
> Progress: 100% [262144 / 262144]
N([1, 2, 1, 1, 2], 8) = 261881
> Progress: 100% [262144 / 262144]
N([1, 2, 1, 1, 3], 8) = 261885
> Progress: 100% [262144 / 262144]
N([1, 2, 1, 1, 4], 8) = 261882
> Progress: 100% [262144 / 262144]
N([1, 2, 1, 1, 5], 8) = 261885
> Progress: 100% [262144 / 262144]
N([1, 2, 1, 1, 6], 8) = 261890
> Progress: 100% [262144 / 262144]
N([1, 2, 1, 1, 7], 8) = 261895
> Progress: 100% [262144 / 262144]
N([1, 2, 1, 2, 1], 8) = 261863
> Progress: 100% [262144 / 262144]
N([1, 2, 1, 2, 2], 8) = 261834
> Progress: 100% [262144 / 262144]
N([1, 2, 1, 2, 3], 8) = 261889
> Progress: 100% [262144 / 262144]
N([1, 2, 1, 2, 4], 8) = 261888
> Progress: 100% [262144 / 262144]
N([1, 2, 1, 2, 5], 8) = 261889
> Progress: 100% [262144 / 262144]
N([1, 2, 1, 2, 6], 8) = 261896
> Progress: 100% [262144 / 262144]
N([1, 2, 1, 2, 7], 8) = 261901
> Progress: 100% [262144 / 262144]
N([1, 2, 1, 3, 1], 8) = 261887
> Progress: 100% [262144 / 262144]
N([1, 2, 1, 3, 2], 8) = 261889
> Progress: 100% [262144 / 262144]
N([1, 2, 1, 3, 3], 8) = 261891
> Progress: 100% [262144 / 262144]
N([1, 2, 1, 3, 4], 8) = 261905
> Progress: 100% [262144 / 262144]
N([1, 2, 1, 3, 5], 8) = 261908
> Progress: 100% [262144 / 262144]
N([1, 2, 1, 3, 6], 8) = 261915
> Progress: 100% [262144 / 262144]
N([1, 2, 1, 3, 7], 8) = 261920
> Progress: 100% [262144 / 262144]
N([1, 2, 1, 4, 1], 8) = 261880
> Progress: 100% [262144 / 262144]
N([1, 2, 1, 4, 2], 8) = 261884
> Progress: 100% [262144 / 262144]
N([1, 2, 1, 4, 3], 8) = 261904
> Progress: 100% [262144 / 262144]
N([1, 2, 1, 4, 4], 8) = 261887
> Progress: 100% [262144 / 262144]
N([1, 2, 1, 4, 5], 8) = 261906
> Progress: 100% [262144 / 262144]
N([1, 2, 1, 4, 6], 8) = 261913
> Progress: 100% [262144 / 262144]
N([1, 2, 1, 4, 7], 8) = 261918
> Progress: 100% [262144 / 262144]
N([1, 2, 1, 5, 1], 8) = 261883
> Progress: 100% [262144 / 262144]
N([1, 2, 1, 5, 2], 8) = 261886
> Progress: 100% [262144 / 262144]
N([1, 2, 1, 5, 3], 8) = 261906
> Progress: 100% [262144 / 262144]
N([1, 2, 1, 5, 4], 8) = 261905
> Progress: 100% [262144 / 262144]
N([1, 2, 1, 5, 5], 8) = 261895
> Progress: 100% [262144 / 262144]
N([1, 2, 1, 5, 6], 8) = 261915
> Progress: 100% [262144 / 262144]
N([1, 2, 1, 5, 7], 8) = 261920
> Progress: 100% [262144 / 262144]
N([1, 2, 1, 6, 1], 8) = 261886
> Progress: 100% [262144 / 262144]
N([1, 2, 1, 6, 2], 8) = 261892
> Progress: 100% [262144 / 262144]
N([1, 2, 1, 6, 3], 8) = 261912
> Progress: 100% [262144 / 262144]
N([1, 2, 1, 6, 4], 8) = 261911
> Progress: 100% [262144 / 262144]
N([1, 2, 1, 6, 5], 8) = 261914
> Progress: 100% [262144 / 262144]
N([1, 2, 1, 6, 6], 8) = 261899
> Progress: 100% [262144 / 262144]
N([1, 2, 1, 6, 7], 8) = 261926
> Progress: 100% [262144 / 262144]
N([1, 2, 1, 7, 1], 8) = 261897
> Progress: 100% [262144 / 262144]
N([1, 2, 1, 7, 2], 8) = 261904
> Progress: 100% [262144 / 262144]
N([1, 2, 1, 7, 3], 8) = 261922
> Progress: 100% [262144 / 262144]
N([1, 2, 1, 7, 4], 8) = 261921
> Progress: 100% [262144 / 262144]
N([1, 2, 1, 7, 5], 8) = 261924
> Progress: 100% [262144 / 262144]
N([1, 2, 1, 7, 6], 8) = 261927
N([1, 2, 1, 7, 7], 8) = 261943
> Progress: 100% [262144 / 262144]
N([1, 2, 2, 1, 1], 8) = 261897
> Progress: 100% [262144 / 262144]
N([1, 2, 2, 1, 2], 8) = 261846
> Progress: 100% [262144 / 262144]
N([1, 2, 2, 1, 3], 8) = 261910
> Progress: 100% [262144 / 262144]
N([1, 2, 2, 1, 4], 8) = 261907
> Progress: 100% [262144 / 262144]
N([1, 2, 2, 1, 5], 8) = 261890
> Progress: 100% [262144 / 262144]
N([1, 2, 2, 1, 6], 8) = 261921
> Progress: 100% [262144 / 262144]
N([1, 2, 2, 1, 7], 8) = 261926
> Progress: 100% [262144 / 262144]
N([1, 2, 2, 2, 1], 8) = 261866
> Progress: 100% [262144 / 262144]
N([1, 2, 2, 2, 2], 8) = 261715
> Progress: 100% [262144 / 262144]
N([1, 2, 2, 2, 3], 8) = 261842
> Progress: 100% [262144 / 262144]
N([1, 2, 2, 2, 4], 8) = 261841
> Progress: 100% [262144 / 262144]
N([1, 2, 2, 2, 5], 8) = 261824
> Progress: 100% [262144 / 262144]
N([1, 2, 2, 2, 6], 8) = 261853
> Progress: 100% [262144 / 262144]
N([1, 2, 2, 2, 7], 8) = 261858
> Progress: 100% [262144 / 262144]
N([1, 2, 2, 3, 1], 8) = 261906
> Progress: 100% [262144 / 262144]
N([1, 2, 2, 3, 2], 8) = 261822
> Progress: 100% [262144 / 262144]
N([1, 2, 2, 3, 3], 8) = 261869
> Progress: 100% [262144 / 262144]
N([1, 2, 2, 3, 4], 8) = 261883
> Progress: 100% [262144 / 262144]
N([1, 2, 2, 3, 5], 8) = 261886
> Progress: 100% [262144 / 262144]
N([1, 2, 2, 3, 6], 8) = 261893
> Progress: 100% [262144 / 262144]
N([1, 2, 2, 3, 7], 8) = 261898
> Progress: 100% [262144 / 262144]
N([1, 2, 2, 4, 1], 8) = 261904
> Progress: 100% [262144 / 262144]
N([1, 2, 2, 4, 2], 8) = 261821
> Progress: 100% [262144 / 262144]
N([1, 2, 2, 4, 3], 8) = 261882
> Progress: 100% [262144 / 262144]
N([1, 2, 2, 4, 4], 8) = 261865
> Progress: 100% [262144 / 262144]
N([1, 2, 2, 4, 5], 8) = 261884
> Progress: 100% [262144 / 262144]
N([1, 2, 2, 4, 6], 8) = 261891
> Progress: 100% [262144 / 262144]
N([1, 2, 2, 4, 7], 8) = 261896
> Progress: 100% [262144 / 262144]
N([1, 2, 2, 5, 1], 8) = 261886
> Progress: 100% [262144 / 262144]
N([1, 2, 2, 5, 2], 8) = 261822
> Progress: 100% [262144 / 262144]
N([1, 2, 2, 5, 3], 8) = 261884
> Progress: 100% [262144 / 262144]
N([1, 2, 2, 5, 4], 8) = 261883
> Progress: 100% [262144 / 262144]
N([1, 2, 2, 5, 5], 8) = 261873
> Progress: 100% [262144 / 262144]
N([1, 2, 2, 5, 6], 8) = 261893
> Progress: 100% [262144 / 262144]
N([1, 2, 2, 5, 7], 8) = 261898
> Progress: 100% [262144 / 262144]
N([1, 2, 2, 6, 1], 8) = 261916
> Progress: 100% [262144 / 262144]
N([1, 2, 2, 6, 2], 8) = 261825
> Progress: 100% [262144 / 262144]
N([1, 2, 2, 6, 3], 8) = 261890
> Progress: 100% [262144 / 262144]
N([1, 2, 2, 6, 4], 8) = 261889
> Progress: 100% [262144 / 262144]
N([1, 2, 2, 6, 5], 8) = 261892
> Progress: 100% [262144 / 262144]
N([1, 2, 2, 6, 6], 8) = 261877
> Progress: 100% [262144 / 262144]
N([1, 2, 2, 6, 7], 8) = 261904
> Progress: 100% [262144 / 262144]
N([1, 2, 2, 7, 1], 8) = 261926
> Progress: 100% [262144 / 262144]
N([1, 2, 2, 7, 2], 8) = 261836
> Progress: 100% [262144 / 262144]
N([1, 2, 2, 7, 3], 8) = 261900
> Progress: 100% [262144 / 262144]
N([1, 2, 2, 7, 4], 8) = 261899
> Progress: 100% [262144 / 262144]
N([1, 2, 2, 7, 5], 8) = 261902
> Progress: 100% [262144 / 262144]
N([1, 2, 2, 7, 6], 8) = 261905
N([1, 2, 2, 7, 7], 8) = 261921
> Progress: 100% [262144 / 262144]
N([1, 2, 3, 1, 1], 8) = 261889
> Progress: 100% [262144 / 262144]
N([1, 2, 3, 1, 2], 8) = 261892
> Progress: 100% [262144 / 262144]
N([1, 2, 3, 1, 3], 8) = 261877
> Progress: 100% [262144 / 262144]
N([1, 2, 3, 1, 4], 8) = 261905
> Progress: 100% [262144 / 262144]
N([1, 2, 3, 1, 5], 8) = 261906
> Progress: 100% [262144 / 262144]
N([1, 2, 3, 1, 6], 8) = 261913
> Progress: 100% [262144 / 262144]
N([1, 2, 3, 1, 7], 8) = 261918
> Progress: 100% [262144 / 262144]
N([1, 2, 3, 2, 1], 8) = 261889
> Progress: 100% [262144 / 262144]
N([1, 2, 3, 2, 2], 8) = 261832
> Progress: 100% [262144 / 262144]
N([1, 2, 3, 2, 3], 8) = 261857
> Progress: 100% [262144 / 262144]
N([1, 2, 3, 2, 4], 8) = 261889
> Progress: 100% [262144 / 262144]
N([1, 2, 3, 2, 5], 8) = 261887
> Progress: 100% [262144 / 262144]
N([1, 2, 3, 2, 6], 8) = 261894
> Progress: 100% [262144 / 262144]
N([1, 2, 3, 2, 7], 8) = 261899
> Progress: 100% [262144 / 262144]
N([1, 2, 3, 3, 1], 8) = 261875
> Progress: 100% [262144 / 262144]
N([1, 2, 3, 3, 2], 8) = 261877
> Progress: 100% [262144 / 262144]
N([1, 2, 3, 3, 3], 8) = 261818
> Progress: 100% [262144 / 262144]
N([1, 2, 3, 3, 4], 8) = 261874
> Progress: 100% [262144 / 262144]
N([1, 2, 3, 3, 5], 8) = 261877
> Progress: 100% [262144 / 262144]
N([1, 2, 3, 3, 6], 8) = 261882
> Progress: 100% [262144 / 262144]
N([1, 2, 3, 3, 7], 8) = 261887
> Progress: 100% [262144 / 262144]
N([1, 2, 3, 4, 1], 8) = 261900
> Progress: 100% [262144 / 262144]
N([1, 2, 3, 4, 2], 8) = 261882
> Progress: 100% [262144 / 262144]
N([1, 2, 3, 4, 3], 8) = 261872
> Progress: 100% [262144 / 262144]
N([1, 2, 3, 4, 4], 8) = 261881
> Progress: 100% [262144 / 262144]
N([1, 2, 3, 4, 5], 8) = 261900
> Progress: 100% [262144 / 262144]
N([1, 2, 3, 4, 6], 8) = 261907
> Progress: 100% [262144 / 262144]
N([1, 2, 3, 4, 7], 8) = 261912
> Progress: 100% [262144 / 262144]
N([1, 2, 3, 5, 1], 8) = 261902
> Progress: 100% [262144 / 262144]
N([1, 2, 3, 5, 2], 8) = 261884
> Progress: 100% [262144 / 262144]
N([1, 2, 3, 5, 3], 8) = 261875
> Progress: 100% [262144 / 262144]
N([1, 2, 3, 5, 4], 8) = 261899
> Progress: 100% [262144 / 262144]
N([1, 2, 3, 5, 5], 8) = 261889
> Progress: 100% [262144 / 262144]
N([1, 2, 3, 5, 6], 8) = 261909
> Progress: 100% [262144 / 262144]
N([1, 2, 3, 5, 7], 8) = 261914
> Progress: 100% [262144 / 262144]
N([1, 2, 3, 6, 1], 8) = 261908
> Progress: 100% [262144 / 262144]
N([1, 2, 3, 6, 2], 8) = 261890
> Progress: 100% [262144 / 262144]
N([1, 2, 3, 6, 3], 8) = 261878
> Progress: 100% [262144 / 262144]
N([1, 2, 3, 6, 4], 8) = 261905
> Progress: 100% [262144 / 262144]
N([1, 2, 3, 6, 5], 8) = 261908
> Progress: 100% [262144 / 262144]
N([1, 2, 3, 6, 6], 8) = 261893
> Progress: 100% [262144 / 262144]
N([1, 2, 3, 6, 7], 8) = 261920
> Progress: 100% [262144 / 262144]
N([1, 2, 3, 7, 1], 8) = 261918
> Progress: 100% [262144 / 262144]
N([1, 2, 3, 7, 2], 8) = 261900
> Progress: 100% [262144 / 262144]
N([1, 2, 3, 7, 3], 8) = 261889
> Progress: 100% [262144 / 262144]
N([1, 2, 3, 7, 4], 8) = 261915
> Progress: 100% [262144 / 262144]
N([1, 2, 3, 7, 5], 8) = 261918
> Progress: 100% [262144 / 262144]
N([1, 2, 3, 7, 6], 8) = 261921
N([1, 2, 3, 7, 7], 8) = 261938
> Progress: 100% [262144 / 262144]
N([1, 2, 4, 1, 1], 8) = 261887
> Progress: 100% [262144 / 262144]
N([1, 2, 4, 1, 2], 8) = 261889
> Progress: 100% [262144 / 262144]
N([1, 2, 4, 1, 3], 8) = 261904
> Progress: 100% [262144 / 262144]
N([1, 2, 4, 1, 4], 8) = 261870
> Progress: 100% [262144 / 262144]
N([1, 2, 4, 1, 5], 8) = 261904
> Progress: 100% [262144 / 262144]
N([1, 2, 4, 1, 6], 8) = 261911
> Progress: 100% [262144 / 262144]
N([1, 2, 4, 1, 7], 8) = 261916
> Progress: 100% [262144 / 262144]
N([1, 2, 4, 2, 1], 8) = 261888
> Progress: 100% [262144 / 262144]
N([1, 2, 4, 2, 2], 8) = 261831
> Progress: 100% [262144 / 262144]
N([1, 2, 4, 2, 3], 8) = 261891
> Progress: 100% [262144 / 262144]
N([1, 2, 4, 2, 4], 8) = 261853
> Progress: 100% [262144 / 262144]
N([1, 2, 4, 2, 5], 8) = 261891
> Progress: 100% [262144 / 262144]
N([1, 2, 4, 2, 6], 8) = 261893
> Progress: 100% [262144 / 262144]
N([1, 2, 4, 2, 7], 8) = 261898
> Progress: 100% [262144 / 262144]
N([1, 2, 4, 3, 1], 8) = 261900
> Progress: 100% [262144 / 262144]
N([1, 2, 4, 3, 2], 8) = 261883
> Progress: 100% [262144 / 262144]
N([1, 2, 4, 3, 3], 8) = 261883
> Progress: 100% [262144 / 262144]
N([1, 2, 4, 3, 4], 8) = 261868
> Progress: 100% [262144 / 262144]
N([1, 2, 4, 3, 5], 8) = 261900
> Progress: 100% [262144 / 262144]
N([1, 2, 4, 3, 6], 8) = 261907
> Progress: 100% [262144 / 262144]
N([1, 2, 4, 3, 7], 8) = 261912
> Progress: 100% [262144 / 262144]
N([1, 2, 4, 4, 1], 8) = 261870
> Progress: 100% [262144 / 262144]
N([1, 2, 4, 4, 2], 8) = 261873
> Progress: 100% [262144 / 262144]
N([1, 2, 4, 4, 3], 8) = 261870
> Progress: 100% [262144 / 262144]
N([1, 2, 4, 4, 4], 8) = 261807
> Progress: 100% [262144 / 262144]
N([1, 2, 4, 4, 5], 8) = 261872
> Progress: 100% [262144 / 262144]
N([1, 2, 4, 4, 6], 8) = 261877
> Progress: 100% [262144 / 262144]
N([1, 2, 4, 4, 7], 8) = 261882
> Progress: 100% [262144 / 262144]
N([1, 2, 4, 5, 1], 8) = 261900
> Progress: 100% [262144 / 262144]
N([1, 2, 4, 5, 2], 8) = 261883
> Progress: 100% [262144 / 262144]
N([1, 2, 4, 5, 3], 8) = 261898
> Progress: 100% [262144 / 262144]
N([1, 2, 4, 5, 4], 8) = 261870
> Progress: 100% [262144 / 262144]
N([1, 2, 4, 5, 5], 8) = 261887
> Progress: 100% [262144 / 262144]
N([1, 2, 4, 5, 6], 8) = 261907
> Progress: 100% [262144 / 262144]
N([1, 2, 4, 5, 7], 8) = 261912
> Progress: 100% [262144 / 262144]
N([1, 2, 4, 6, 1], 8) = 261906
> Progress: 100% [262144 / 262144]
N([1, 2, 4, 6, 2], 8) = 261889
> Progress: 100% [262144 / 262144]
N([1, 2, 4, 6, 3], 8) = 261904
> Progress: 100% [262144 / 262144]
N([1, 2, 4, 6, 4], 8) = 261873
> Progress: 100% [262144 / 262144]
N([1, 2, 4, 6, 5], 8) = 261906
> Progress: 100% [262144 / 262144]
N([1, 2, 4, 6, 6], 8) = 261891
> Progress: 100% [262144 / 262144]
N([1, 2, 4, 6, 7], 8) = 261918
> Progress: 100% [262144 / 262144]
N([1, 2, 4, 7, 1], 8) = 261916
> Progress: 100% [262144 / 262144]
N([1, 2, 4, 7, 2], 8) = 261899
> Progress: 100% [262144 / 262144]
N([1, 2, 4, 7, 3], 8) = 261914
> Progress: 100% [262144 / 262144]
N([1, 2, 4, 7, 4], 8) = 261884
> Progress: 100% [262144 / 262144]
N([1, 2, 4, 7, 5], 8) = 261916
> Progress: 100% [262144 / 262144]
N([1, 2, 4, 7, 6], 8) = 261919
N([1, 2, 4, 7, 7], 8) = 261935
> Progress: 100% [262144 / 262144]
N([1, 2, 5, 1, 1], 8) = 261889
> Progress: 100% [262144 / 262144]
N([1, 2, 5, 1, 2], 8) = 261890
> Progress: 100% [262144 / 262144]
N([1, 2, 5, 1, 3], 8) = 261906
> Progress: 100% [262144 / 262144]
N([1, 2, 5, 1, 4], 8) = 261903
> Progress: 100% [262144 / 262144]
N([1, 2, 5, 1, 5], 8) = 261877
> Progress: 100% [262144 / 262144]
N([1, 2, 5, 1, 6], 8) = 261913
> Progress: 100% [262144 / 262144]
N([1, 2, 5, 1, 7], 8) = 261918
> Progress: 100% [262144 / 262144]
N([1, 2, 5, 2, 1], 8) = 261889
> Progress: 100% [262144 / 262144]
N([1, 2, 5, 2, 2], 8) = 261832
> Progress: 100% [262144 / 262144]
N([1, 2, 5, 2, 3], 8) = 261887
> Progress: 100% [262144 / 262144]
N([1, 2, 5, 2, 4], 8) = 261895
> Progress: 100% [262144 / 262144]
N([1, 2, 5, 2, 5], 8) = 261859
> Progress: 100% [262144 / 262144]
N([1, 2, 5, 2, 6], 8) = 261894
> Progress: 100% [262144 / 262144]
> Progress: 100% [262144 / 262144]
N([1, 2, 5, 2, 7], 8) = 261899
> Progress: 100% [262144 / 262144]
N([1, 2, 5, 3, 1], 8) = 261902
> Progress: 100% [262144 / 262144]
N([1, 2, 5, 3, 2], 8) = 261886
> Progress: 100% [262144 / 262144]
N([1, 2, 5, 3, 3], 8) = 261885
> Progress: 100% [262144 / 262144]
N([1, 2, 5, 3, 4], 8) = 261899
> Progress: 100% [262144 / 262144]
N([1, 2, 5, 3, 5], 8) = 261875
> Progress: 100% [262144 / 262144]
N([1, 2, 5, 3, 6], 8) = 261909
> Progress: 100% [262144 / 262144]
N([1, 2, 5, 3, 7], 8) = 261914
> Progress: 100% [262144 / 262144]
N([1, 2, 5, 4, 1], 8) = 261900
> Progress: 100% [262144 / 262144]
N([1, 2, 5, 4, 2], 8) = 261884
> Progress: 100% [262144 / 262144]
N([1, 2, 5, 4, 3], 8) = 261898
> Progress: 100% [262144 / 262144]
N([1, 2, 5, 4, 4], 8) = 261881
> Progress: 100% [262144 / 262144]
N([1, 2, 5, 4, 5], 8) = 261874
> Progress: 100% [262144 / 262144]
N([1, 2, 5, 4, 6], 8) = 261907
> Progress: 100% [262144 / 262144]
N([1, 2, 5, 4, 7], 8) = 261912

N(P,9) Data

N([], 9) = 0
N([1], 9) = 128
N([2], 9) = 0
N([3], 9) = 128
N([1, 1], 9) = 360693
N([1, 2], 9) = 104486
N([1, 3], 9) = 47763
N([1, 4], 9) = 27752
N([2, 1], 9) = 123806
N([2, 2], 9) = 191443
N([2, 3], 9) = 3784
N([2, 4], 9) = 47763
N([3, 1], 9) = 55529
N([3, 2], 9) = 10969
N([3, 3], 9) = 191443
N([3, 4], 9) = 104486
N([4, 1], 9) = 87745
N([4, 2], 9) = 55529
N([4, 3], 9) = 123806
N([4, 4], 9) = 360693
N([1, 1, 1], 9) = 2133184
N([1, 1, 2], 9) = 1955701
N([1, 1, 3], 9) = 1521031
N([1, 1, 4], 9) = 1809018
N([1, 1, 5], 9) = 1912965
N([1, 2, 1], 9) = 1585723
N([1, 2, 2], 9) = 1552560
N([1, 2, 3], 9) = 1612950
N([1, 2, 4], 9) = 1442599
N([1, 2, 5], 9) = 1487151
N([1, 3, 1], 9) = 1295553
N([1, 3, 2], 9) = 1752014
N([1, 3, 3], 9) = 1441781
N([1, 3, 4], 9) = 1268280
N([1, 3, 5], 9) = 1346623
N([1, 4, 1], 9) = 1290338
N([1, 4, 2], 9) = 1540329
N([1, 4, 3], 9) = 1336449
N([1, 4, 4], 9) = 1318768
N([1, 4, 5], 9) = 1487151
N([1, 5, 1], 9) = 1636386
N([1, 5, 2], 9) = 2106008
N([1, 5, 3], 9) = 1885916
N([1, 5, 4], 9) = 1764811
N([1, 5, 5], 9) = 1912965
N([2, 1, 1], 9) = 1737509
N([2, 1, 2], 9) = 1458772
N([2, 1, 3], 9) = 1979588
N([2, 1, 4], 9) = 1761515
N([2, 1, 5], 9) = 1764811
N([2, 2, 1], 9) = 1879244
N([2, 2, 2], 9) = 1610650
N([2, 2, 3], 9) = 1059237
N([2, 2, 4], 9) = 1210341
N([2, 2, 5], 9) = 1318768
N([2, 3, 1], 9) = 1833335
N([2, 3, 2], 9) = 938690
N([2, 3, 3], 9) = 1259051
N([2, 3, 4], 9) = 991767
N([2, 3, 5], 9) = 1268280
N([2, 4, 1], 9) = 1687147
N([2, 4, 2], 9) = 936876
N([2, 4, 3], 9) = 1084334
N([2, 4, 4], 9) = 1210341
N([2, 4, 5], 9) = 1442599
N([2, 5, 1], 9) = 2174604
N([2, 5, 2], 9) = 1192736
N([2, 5, 3], 9) = 1573805
N([2, 5, 4], 9) = 1761515
N([2, 5, 5], 9) = 1809018
N([3, 1, 1], 9) = 1664213
N([3, 1, 2], 9) = 2014996
N([3, 1, 3], 9) = 1230250
N([3, 1, 4], 9) = 1573805
N([3, 1, 5], 9) = 1885916
N([3, 2, 1], 9) = 1710223
N([3, 2, 2], 9) = 1305780
N([3, 2, 3], 9) = 919674
N([3, 2, 4], 9) = 1084334
N([3, 2, 5], 9) = 1336449
N([3, 3, 1], 9) = 1585128
N([3, 3, 2], 9) = 1083268
N([3, 3, 3], 9) = 1492704
N([3, 3, 4], 9) = 1259051
N([3, 3, 5], 9) = 1441781
N([3, 4, 1], 9) = 1518775
N([3, 4, 2], 9) = 1147547
N([3, 4, 3], 9) = 919674
N([3, 4, 4], 9) = 1059237
N([3, 4, 5], 9) = 1612950
N([3, 5, 1], 9) = 1845543
N([3, 5, 2], 9) = 1570219
N([3, 5, 3], 9) = 1230250
N([3, 5, 4], 9) = 1979588
N([3, 5, 5], 9) = 1521031
N([4, 1, 1], 9) = 1494562
N([4, 1, 2], 9) = 1739368
N([4, 1, 3], 9) = 1570219
N([4, 1, 4], 9) = 1192736
N([4, 1, 5], 9) = 2106008
N([4, 2, 1], 9) = 1601020
N([4, 2, 2], 9) = 1207311
N([4, 2, 3], 9) = 1147547
N([4, 2, 4], 9) = 936876
N([4, 2, 5], 9) = 1540329
N([4, 3, 1], 9) = 1507559
N([4, 3, 2], 9) = 1193960
N([4, 3, 3], 9) = 1083268
N([4, 3, 4], 9) = 938690
N([4, 3, 5], 9) = 1752014
N([4, 4, 1], 9) = 1793647
N([4, 4, 2], 9) = 1207311
N([4, 4, 3], 9) = 1305780
N([4, 4, 4], 9) = 1610650
N([4, 4, 5], 9) = 1552560
N([4, 5, 1], 9) = 2106008
N([4, 5, 2], 9) = 1739368
N([4, 5, 3], 9) = 2014996
N([4, 5, 4], 9) = 1458772
N([4, 5, 5], 9) = 1955701
N([5, 1, 1], 9) = 2021415
N([5, 1, 2], 9) = 2106008
N([5, 1, 3], 9) = 1845543
N([5, 1, 4], 9) = 2174604
N([5, 1, 5], 9) = 1636386
N([5, 2, 1], 9) = 1857553
N([5, 2, 2], 9) = 1793647
N([5, 2, 3], 9) = 1518775
N([5, 2, 4], 9) = 1687147
N([5, 2, 5], 9) = 1290338
N([5, 3, 1], 9) = 1845543
N([5, 3, 2], 9) = 1507559
N([5, 3, 3], 9) = 1585128
N([5, 3, 4], 9) = 1833335
N([5, 3, 5], 9) = 1295553
N([5, 4, 1], 9) = 1857553
N([5, 4, 2], 9) = 1601020
N([5, 4, 3], 9) = 1710223
N([5, 4, 4], 9) = 1879244
N([5, 4, 5], 9) = 1585723
N([5, 5, 1], 9) = 2021415
N([5, 5, 2], 9) = 1494562
N([5, 5, 3], 9) = 1664213
N([5, 5, 4], 9) = 1737509
N([5, 5, 5], 9) = 2133184
N([1, 1, 1, 1], 9) = 4094995
N([1, 1, 1, 2], 9) = 3240939
N([1, 1, 1, 3], 9) = 2936040
N([1, 1, 1, 4], 9) = 2989208
N([1, 1, 1, 5], 9) = 3382942
N([1, 1, 1, 6], 9) = 3428147
N([1, 1, 2, 1], 9) = 3420680
N([1, 1, 2, 2], 9) = 3484901
N([1, 1, 2, 3], 9) = 3203840
N([1, 1, 2, 4], 9) = 3033842
N([1, 1, 2, 5], 9) = 3386991
N([1, 1, 2, 6], 9) = 3442676
N([1, 1, 3, 1], 9) = 3205691
N([1, 1, 3, 2], 9) = 3188032
N([1, 1, 3, 3], 9) = 3222023
N([1, 1, 3, 4], 9) = 2889258
N([1, 1, 3, 5], 9) = 3101247
N([1, 1, 3, 6], 9) = 3172964
N([1, 1, 4, 1], 9) = 3357046
N([1, 1, 4, 2], 9) = 3026272
N([1, 1, 4, 3], 9) = 2899309
N([1, 1, 4, 4], 9) = 3402309
N([1, 1, 4, 5], 9) = 3362691
N([1, 1, 4, 6], 9) = 3422875
N([1, 1, 5, 1], 9) = 3411055
N([1, 1, 5, 2], 9) = 3442870
> Progress: 100% [4782969 / 4782969]
N([1, 1, 6, 3], 9) = 4209807
> Progress: 100% [4782969 / 4782969]
N([1, 1, 6, 4], 9) = 4300072
> Progress: 100% [4782969 / 4782969]
N([1, 1, 6, 5], 9) = 4309145
> Progress: 100% [4782969 / 4782969]
N([1, 1, 6, 6], 9) = 4380639
> Progress: 100% [4782969 / 4782969]
N([1, 2, 1, 1], 9) = 4045886
> Progress: 100% [4782969 / 4782969]
N([1, 2, 1, 2], 9) = 4127501
> Progress: 100% [4782969 / 4782969]
N([1, 2, 1, 3], 9) = 4245414
> Progress: 100% [4782969 / 4782969]
N([1, 2, 1, 4], 9) = 4161034
> Progress: 100% [4782969 / 4782969]
N([1, 2, 1, 5], 9) = 4159557
> Progress: 100% [4782969 / 4782969]
N([1, 2, 1, 6], 9) = 4186282
> Progress: 100% [4782969 / 4782969]
N([1, 2, 2, 1], 9) = 4188173
> Progress: 100% [4782969 / 4782969]
N([1, 2, 2, 2], 9) = 4036668
> Progress: 100% [4782969 / 4782969]
N([1, 2, 2, 3], 9) = 4053429
> Progress: 100% [4782969 / 4782969]
N([1, 2, 2, 4], 9) = 4024761
> Progress: 100% [4782969 / 4782969]
N([1, 2, 2, 5], 9) = 4067562
> Progress: 100% [4782969 / 4782969]
N([1, 2, 2, 6], 9) = 4107423
> Progress: 100% [4782969 / 4782969]
N([1, 2, 3, 1], 9) = 4130069
> Progress: 100% [4782969 / 4782969]
N([1, 2, 3, 2], 9) = 4066982
> Progress: 100% [4782969 / 4782969]
N([1, 2, 3, 3], 9) = 4088512
> Progress: 100% [4782969 / 4782969]
N([1, 2, 3, 4], 9) = 4121889
> Progress: 100% [4782969 / 4782969]
N([1, 2, 3, 5], 9) = 4142024
> Progress: 100% [4782969 / 4782969]
N([1, 2, 3, 6], 9) = 4175993
> Progress: 100% [4782969 / 4782969]
N([1, 2, 4, 1], 9) = 4097882
> Progress: 100% [4782969 / 4782969]
N([1, 2, 4, 2], 9) = 4019462
> Progress: 100% [4782969 / 4782969]
N([1, 2, 4, 3], 9) = 4132358
> Progress: 100% [4782969 / 4782969]
N([1, 2, 4, 4], 9) = 4102032
> Progress: 100% [4782969 / 4782969]
N([1, 2, 4, 5], 9) = 4143257
> Progress: 100% [4782969 / 4782969]
N([1, 2, 4, 6], 9) = 4176686
> Progress: 100% [4782969 / 4782969]
N([1, 2, 5, 1], 9) = 4123347
> Progress: 100% [4782969 / 4782969]
N([1, 2, 5, 2], 9) = 4015088
> Progress: 100% [4782969 / 4782969]
N([1, 2, 5, 3], 9) = 4131832
> Progress: 100% [4782969 / 4782969]
N([1, 2, 5, 4], 9) = 4138328
> Progress: 100% [4782969 / 4782969]
N([1, 2, 5, 5], 9) = 4096662
> Progress: 100% [4782969 / 4782969]
N([1, 2, 5, 6], 9) = 4195572
> Progress: 100% [4782969 / 4782969]
N([1, 2, 6, 1], 9) = 4229605
> Progress: 100% [4782969 / 4782969]
N([1, 2, 6, 2], 9) = 4096078
> Progress: 100% [4782969 / 4782969]
N([1, 2, 6, 3], 9) = 4199239
> Progress: 100% [4782969 / 4782969]
N([1, 2, 6, 4], 9) = 4205021
> Progress: 100% [4782969 / 4782969]
N([1, 2, 6, 5], 9) = 4212938
N([1, 2, 6, 6], 9) = 4293818
> Progress: 100% [4782969 / 4782969]
N([1, 3, 1, 1], 9) = 3958131
> Progress: 100% [4782969 / 4782969]
N([1, 3, 1, 2], 9) = 4246995
> Progress: 100% [4782969 / 4782969]
N([1, 3, 1, 3], 9) = 4011258
> Progress: 100% [4782969 / 4782969]
N([1, 3, 1, 4], 9) = 4203049
> Progress: 100% [4782969 / 4782969]
N([1, 3, 1, 5], 9) = 4166049
> Progress: 100% [4782969 / 4782969]
N([1, 3, 1, 6], 9) = 4171820
> Progress: 100% [4782969 / 4782969]
N([1, 3, 2, 1], 9) = 4138602
> Progress: 100% [4782969 / 4782969]
N([1, 3, 2, 2], 9) = 4109244
> Progress: 100% [4782969 / 4782969]
N([1, 3, 2, 3], 9) = 4092165
> Progress: 100% [4782969 / 4782969]
N([1, 3, 2, 4], 9) = 4139537
> Progress: 100% [4782969 / 4782969]
N([1, 3, 2, 5], 9) = 4150492
> Progress: 100% [4782969 / 4782969]
N([1, 3, 2, 6], 9) = 4183063
> Progress: 100% [4782969 / 4782969]
N([1, 3, 3, 1], 9) = 4118080
> Progress: 100% [4782969 / 4782969]
N([1, 3, 3, 2], 9) = 4039086
> Progress: 100% [4782969 / 4782969]
N([1, 3, 3, 3], 9) = 3977274
> Progress: 100% [4782969 / 4782969]
N([1, 3, 3, 4], 9) = 3986075
> Progress: 100% [4782969 / 4782969]
N([1, 3, 3, 5], 9) = 4024405
> Progress: 100% [4782969 / 4782969]
N([1, 3, 3, 6], 9) = 4068495
> Progress: 100% [4782969 / 4782969]
N([1, 3, 4, 1], 9) = 4059562

N(P,10) Data

N([], 10) = 0
N([1], 10) = 256
N([2], 10) = 0
N([3], 10) = 256
N([2, 1], 10) = 772367
N([2, 2], 10) = 1886243
N([2, 3], 10) = 7992
N([2, 4], 10) = 261365
N([3, 1], 10) = 263556
N([3, 2], 10) = 32764
N([3, 3], 10) = 1886243
N([3, 4], 10) = 634516
N([4, 1], 10) = 487777
N([4, 2], 10) = 263556
N([4, 3], 10) = 772367
N([4, 4], 10) = 3622239
N([1, 1, 1], 10) = 29095936
N([1, 1, 2], 10) = 24032924
N([1, 1, 3], 10) = 16378506
N([1, 1, 4], 10) = 20716642
> Progress: 100% [100000000 / 100000000]
N([1, 1, 5], 10) = 22327390
> Progress: 100% [100000000 / 100000000]
N([1, 2, 1], 10) = 17527683
> Progress: 100% [100000000 / 100000000]
N([1, 2, 2], 10) = 17455056
> Progress: 100% [100000000 / 100000000]
N([1, 2, 3], 10) = 18269646
> Progress: 100% [100000000 / 100000000]
N([1, 2, 4], 10) = 14871370
> Progress: 100% [100000000 / 100000000]
N([1, 2, 5], 10) = 14945061

N(P,11) Data

N([], 11) = 0
N([1], 11) = 512
N([2], 11) = 0
N([3], 11) = 512
N([1, 1], 11) = 39897117
> Progress: 100% [2357947691 / 2357947691]
N([1, 2], 11) = 3926477

N(P,12) Data

N([], 12) = 0
N([1], 12) = 1024
N([2], 12) = 0
N([3], 12) = 1024